customer_id,churn_probability,predicted_churn,actual_churned,population,membership_tier,city,signup_cohort,risk_band,key_drivers
502600,0.9999,1,1,lapsed (no purchase in last 3 months),Silver,Raleigh,2022,high,months since last purchase = 6.0 (+2.22 logit); months since any recorded activity = 6.0 (+1.83 logit); transactions/month (3m) = 0.0 (+0.96 logit)
500779,0.9999,1,1,lapsed (no purchase in last 3 months),Silver,Austin,2022,high,months since last purchase = 6.0 (+2.22 logit); months since any recorded activity = 6.0 (+1.83 logit); transactions/month (3m) = 0.0 (+0.96 logit)
500872,0.9999,1,1,lapsed (no purchase in last 3 months),Silver,Columbus,2022,high,months since last purchase = 6.0 (+2.22 logit); months since any recorded activity = 6.0 (+1.83 logit); transactions/month (3m) = 0.0 (+0.96 logit)
500094,0.9999,1,1,lapsed (no purchase in last 3 months),Silver,Columbus,2022,high,months since last purchase = 6.0 (+2.22 logit); months since any recorded activity = 6.0 (+1.83 logit); transactions/month (3m) = 0.0 (+0.96 logit)
501621,0.9999,1,1,lapsed (no purchase in last 3 months),Silver,Columbus,2022,high,months since last purchase = 6.0 (+2.22 logit); months since any recorded activity = 6.0 (+1.83 logit); transactions/month (3m) = 0.0 (+0.96 logit)
501630,0.9999,1,1,lapsed (no purchase in last 3 months),Silver,Columbus,2021,high,months since last purchase = 6.0 (+2.22 logit); months since any recorded activity = 6.0 (+1.83 logit); transactions/month (3m) = 0.0 (+0.96 logit)
500815,0.9999,1,1,lapsed (no purchase in last 3 months),Silver,Nashville,2021,high,months since last purchase = 6.0 (+2.22 logit); months since any recorded activity = 6.0 (+1.83 logit); transactions/month (3m) = 0.0 (+0.96 logit)
500798,0.9999,1,1,lapsed (no purchase in last 3 months),Silver,Columbus,2022,high,months since last purchase = 6.0 (+2.22 logit); months since any recorded activity = 6.0 (+1.83 logit); transactions/month (3m) = 0.0 (+0.96 logit)
500153,0.9999,1,1,lapsed (no purchase in last 3 months),Silver,Austin,2021,high,months since last purchase = 6.0 (+2.22 logit); months since any recorded activity = 6.0 (+1.83 logit); transactions/month (3m) = 0.0 (+0.96 logit)
501708,0.9999,1,1,lapsed (no purchase in last 3 months),Silver,Columbus,2023,high,months since last purchase = 6.0 (+2.22 logit); months since any recorded activity = 6.0 (+1.83 logit); transactions/month (3m) = 0.0 (+0.96 logit)
500773,0.9999,1,1,lapsed (no purchase in last 3 months),Silver,Denver,2021,high,months since last purchase = 6.0 (+2.22 logit); months since any recorded activity = 6.0 (+1.83 logit); transactions/month (3m) = 0.0 (+0.96 logit)
502433,0.9999,1,1,lapsed (no purchase in last 3 months),Silver,Denver,2022,high,months since last purchase = 6.0 (+2.22 logit); months since any recorded activity = 6.0 (+1.83 logit); transactions/month (3m) = 0.0 (+0.96 logit)
500756,0.9999,1,1,lapsed (no purchase in last 3 months),Silver,Columbus,2023,high,months since last purchase = 6.0 (+2.22 logit); months since any recorded activity = 6.0 (+1.83 logit); transactions/month (3m) = 0.0 (+0.96 logit)
501744,0.9999,1,1,lapsed (no purchase in last 3 months),Silver,Denver,2021,high,months since last purchase = 6.0 (+2.22 logit); months since any recorded activity = 6.0 (+1.83 logit); transactions/month (3m) = 0.0 (+0.96 logit)
502104,0.9999,1,1,lapsed (no purchase in last 3 months),Gold,Columbus,2022,high,months since last purchase = 6.0 (+2.22 logit); months since any recorded activity = 6.0 (+1.83 logit); transactions/month (3m) = 0.0 (+0.96 logit)
502103,0.9999,1,1,lapsed (no purchase in last 3 months),Silver,Columbus,2021,high,months since last purchase = 6.0 (+2.22 logit); months since any recorded activity = 6.0 (+1.83 logit); transactions/month (3m) = 0.0 (+0.96 logit)
501759,0.9999,1,1,lapsed (no purchase in last 3 months),Silver,Raleigh,2021,high,months since last purchase = 6.0 (+2.22 logit); months since any recorded activity = 6.0 (+1.83 logit); transactions/month (3m) = 0.0 (+0.96 logit)
501781,0.9999,1,1,lapsed (no purchase in last 3 months),Silver,Columbus,2021,high,months since last purchase = 6.0 (+2.22 logit); months since any recorded activity = 6.0 (+1.83 logit); transactions/month (3m) = 0.0 (+0.96 logit)
500739,0.9999,1,1,lapsed (no purchase in last 3 months),Silver,Austin,2022,high,months since last purchase = 6.0 (+2.22 logit); months since any recorded activity = 6.0 (+1.83 logit); transactions/month (3m) = 0.0 (+0.96 logit)
500666,0.9999,1,1,lapsed (no purchase in last 3 months),Silver,Columbus,2021,high,months since last purchase = 6.0 (+2.22 logit); months since any recorded activity = 6.0 (+1.83 logit); transactions/month (3m) = 0.0 (+0.96 logit)
500882,0.9999,1,1,lapsed (no purchase in last 3 months),Silver,Raleigh,2023,high,months since last purchase = 6.0 (+2.22 logit); months since any recorded activity = 6.0 (+1.83 logit); transactions/month (3m) = 0.0 (+0.96 logit)
502147,0.9999,1,1,lapsed (no purchase in last 3 months),Silver,Tulsa,2022,high,months since last purchase = 6.0 (+2.22 logit); months since any recorded activity = 6.0 (+1.83 logit); transactions/month (3m) = 0.0 (+0.96 logit)
500891,0.9999,1,1,lapsed (no purchase in last 3 months),Silver,Columbus,2023,high,months since last purchase = 6.0 (+2.22 logit); months since any recorded activity = 6.0 (+1.83 logit); transactions/month (3m) = 0.0 (+0.96 logit)
500905,0.9999,1,1,lapsed (no purchase in last 3 months),Silver,Columbus,2023,high,months since last purchase = 6.0 (+2.22 logit); months since any recorded activity = 6.0 (+1.83 logit); transactions/month (3m) = 0.0 (+0.96 logit)
502224,0.9999,1,1,lapsed (no purchase in last 3 months),Platinum,Columbus,2022,high,months since last purchase = 6.0 (+2.22 logit); months since any recorded activity = 6.0 (+1.83 logit); transactions/month (3m) = 0.0 (+0.96 logit)
502255,0.9999,1,1,lapsed (no purchase in last 3 months),Gold,Columbus,2023,high,months since last purchase = 6.0 (+2.22 logit); months since any recorded activity = 6.0 (+1.83 logit); transactions/month (3m) = 0.0 (+0.96 logit)
500176,0.9999,1,1,lapsed (no purchase in last 3 months),Silver,Columbus,2023,high,months since last purchase = 6.0 (+2.22 logit); months since any recorded activity = 6.0 (+1.83 logit); transactions/month (3m) = 0.0 (+0.96 logit)
500135,0.9999,1,1,lapsed (no purchase in last 3 months),Silver,Madison,2023,high,months since last purchase = 6.0 (+2.22 logit); months since any recorded activity = 6.0 (+1.83 logit); transactions/month (3m) = 0.0 (+0.96 logit)
501185,0.9999,1,1,lapsed (no purchase in last 3 months),Gold,Raleigh,2022,high,months since last purchase = 6.0 (+2.22 logit); months since any recorded activity = 6.0 (+1.83 logit); transactions/month (3m) = 0.0 (+0.96 logit)
500129,0.9999,1,1,lapsed (no purchase in last 3 months),Silver,Austin,2022,high,months since last purchase = 6.0 (+2.22 logit); months since any recorded activity = 6.0 (+1.83 logit); transactions/month (3m) = 0.0 (+0.96 logit)
501398,0.9999,1,1,lapsed (no purchase in last 3 months),Silver,Austin,2022,high,months since last purchase = 6.0 (+2.22 logit); months since any recorded activity = 6.0 (+1.83 logit); transactions/month (3m) = 0.0 (+0.96 logit)
501140,0.9999,1,1,lapsed (no purchase in last 3 months),Gold,Austin,2023,high,months since last purchase = 6.0 (+2.22 logit); months since any recorded activity = 5.0 (+1.48 logit); transactions/month (3m) = 0.0 (+0.96 logit)
501099,0.9999,1,1,lapsed (no purchase in last 3 months),Gold,Austin,2021,high,months since last purchase = 6.0 (+2.22 logit); months since any recorded activity = 6.0 (+1.83 logit); transactions/month (3m) = 0.0 (+0.96 logit)
501421,0.9999,1,1,lapsed (no purchase in last 3 months),Silver,Columbus,2022,high,months since last purchase = 6.0 (+2.22 logit); months since any recorded activity = 6.0 (+1.83 logit); transactions/month (3m) = 0.0 (+0.96 logit)
501091,0.9999,1,1,lapsed (no purchase in last 3 months),Silver,Nashville,2021,high,months since last purchase = 6.0 (+2.22 logit); months since any recorded activity = 6.0 (+1.83 logit); transactions/month (3m) = 0.0 (+0.96 logit)
501427,0.9999,1,1,lapsed (no purchase in last 3 months),Silver,Spokane,2022,high,months since last purchase = 6.0 (+2.22 logit); months since any recorded activity = 6.0 (+1.83 logit); transactions/month (3m) = 0.0 (+0.96 logit)
502193,0.9999,1,1,lapsed (no purchase in last 3 months),Silver,Austin,2022,high,months since last purchase = 6.0 (+2.22 logit); months since any recorded activity = 6.0 (+1.83 logit); transactions/month (3m) = 0.0 (+0.96 logit)
502168,0.9999,1,1,lapsed (no purchase in last 3 months),Platinum,Madison,2022,high,months since last purchase = 6.0 (+2.22 logit); months since any recorded activity = 6.0 (+1.83 logit); transactions/month (3m) = 0.0 (+0.96 logit)
500951,0.9999,1,1,lapsed (no purchase in last 3 months),Gold,Columbus,2022,high,months since last purchase = 6.0 (+2.22 logit); months since any recorded activity = 6.0 (+1.83 logit); transactions/month (3m) = 0.0 (+0.96 logit)
501525,0.9999,1,1,lapsed (no purchase in last 3 months),Gold,Denver,2021,high,months since last purchase = 6.0 (+2.22 logit); months since any recorded activity = 6.0 (+1.83 logit); transactions/month (3m) = 0.0 (+0.96 logit)
501531,0.9999,1,1,lapsed (no purchase in last 3 months),Silver,Columbus,2022,high,months since last purchase = 6.0 (+2.22 logit); months since any recorded activity = 6.0 (+1.83 logit); transactions/month (3m) = 0.0 (+0.96 logit)
501829,0.9999,1,1,lapsed (no purchase in last 3 months),Silver,Columbus,2022,high,months since last purchase = 6.0 (+2.22 logit); months since any recorded activity = 6.0 (+1.83 logit); transactions/month (3m) = 0.0 (+0.96 logit)
501270,0.9999,1,1,lapsed (no purchase in last 3 months),Silver,Madison,2022,high,months since last purchase = 6.0 (+2.22 logit); months since any recorded activity = 6.0 (+1.83 logit); transactions/month (3m) = 0.0 (+0.96 logit)
501951,0.9999,1,1,lapsed (no purchase in last 3 months),Silver,Columbus,2021,high,months since last purchase = 6.0 (+2.22 logit); months since any recorded activity = 6.0 (+1.83 logit); transactions/month (3m) = 0.0 (+0.96 logit)
501859,0.9999,1,1,lapsed (no purchase in last 3 months),Silver,Columbus,2021,high,months since last purchase = 6.0 (+2.22 logit); months since any recorded activity = 6.0 (+1.83 logit); transactions/month (3m) = 0.0 (+0.96 logit)
502458,0.9999,1,1,lapsed (no purchase in last 3 months),Silver,Denver,2022,high,months since last purchase = 6.0 (+2.22 logit); months since any recorded activity = 6.0 (+1.83 logit); transactions/month (3m) = 0.0 (+0.96 logit)
502451,0.9999,1,1,lapsed (no purchase in last 3 months),Silver,Columbus,2022,high,months since last purchase = 6.0 (+2.22 logit); months since any recorded activity = 6.0 (+1.83 logit); transactions/month (3m) = 0.0 (+0.96 logit)
501983,0.9999,1,1,lapsed (no purchase in last 3 months),Silver,Raleigh,2023,high,months since last purchase = 6.0 (+2.22 logit); months since any recorded activity = 6.0 (+1.83 logit); transactions/month (3m) = 0.0 (+0.96 logit)
502589,0.9999,1,1,lapsed (no purchase in last 3 months),Gold,Columbus,2023,high,months since last purchase = 6.0 (+2.22 logit); months since any recorded activity = 6.0 (+1.83 logit); transactions/month (3m) = 0.0 (+0.96 logit)
500418,0.9999,1,1,lapsed (no purchase in last 3 months),Silver,Raleigh,2021,high,months since last purchase = 6.0 (+2.22 logit); months since any recorded activity = 6.0 (+1.83 logit); transactions/month (3m) = 0.0 (+0.96 logit)
502485,0.9999,1,1,lapsed (no purchase in last 3 months),Silver,Denver,2022,high,months since last purchase = 6.0 (+2.22 logit); months since any recorded activity = 6.0 (+1.83 logit); transactions/month (3m) = 0.0 (+0.96 logit)
502009,0.9999,1,1,lapsed (no purchase in last 3 months),Silver,Raleigh,2022,high,months since last purchase = 6.0 (+2.22 logit); months since any recorded activity = 6.0 (+1.83 logit); transactions/month (3m) = 0.0 (+0.96 logit)
501872,0.9999,1,1,lapsed (no purchase in last 3 months),Silver,Denver,2021,high,months since last purchase = 6.0 (+2.22 logit); months since any recorded activity = 6.0 (+1.83 logit); transactions/month (3m) = 0.0 (+0.96 logit)
500274,0.9999,1,1,lapsed (no purchase in last 3 months),Platinum,Columbus,2021,high,months since last purchase = 6.0 (+2.22 logit); months since any recorded activity = 6.0 (+1.83 logit); transactions/month (3m) = 0.0 (+0.96 logit)
501868,0.9999,1,1,lapsed (no purchase in last 3 months),Silver,Denver,2022,high,months since last purchase = 6.0 (+2.22 logit); months since any recorded activity = 6.0 (+1.83 logit); transactions/month (3m) = 0.0 (+0.96 logit)
502587,0.9999,1,1,lapsed (no purchase in last 3 months),Silver,Nashville,2023,high,months since last purchase = 6.0 (+2.22 logit); months since any recorded activity = 6.0 (+1.83 logit); transactions/month (3m) = 0.0 (+0.96 logit)
500545,0.9999,1,1,lapsed (no purchase in last 3 months),Gold,Spokane,2021,high,months since last purchase = 6.0 (+2.22 logit); months since any recorded activity = 6.0 (+1.83 logit); transactions/month (3m) = 0.0 (+0.96 logit)
500045,0.9999,1,1,lapsed (no purchase in last 3 months),Silver,Columbus,2022,high,months since last purchase = 6.0 (+2.22 logit); months since any recorded activity = 6.0 (+1.83 logit); transactions/month (3m) = 0.0 (+0.96 logit)
502498,0.9999,1,1,lapsed (no purchase in last 3 months),Gold,Columbus,2021,high,months since last purchase = 6.0 (+2.22 logit); months since any recorded activity = 6.0 (+1.83 logit); transactions/month (3m) = 0.0 (+0.96 logit)
501190,0.9998,1,1,lapsed (no purchase in last 3 months),Gold,Tulsa,2021,high,months since last purchase = 6.0 (+2.22 logit); months since any recorded activity = 6.0 (+1.83 logit); transactions/month (3m) = 0.0 (+0.96 logit)
501046,0.9998,1,1,lapsed (no purchase in last 3 months),Silver,Madison,2022,high,months since last purchase = 6.0 (+2.22 logit); months since any recorded activity = 5.0 (+1.48 logit); transactions/month (3m) = 0.0 (+0.96 logit)
500298,0.9998,1,1,lapsed (no purchase in last 3 months),Silver,Raleigh,2023,high,months since last purchase = 6.0 (+2.22 logit); months since any recorded activity = 4.0 (+1.13 logit); transactions/month (3m) = 0.0 (+0.96 logit)
500295,0.9998,1,1,lapsed (no purchase in last 3 months),Gold,Columbus,2022,high,months since last purchase = 6.0 (+2.22 logit); months since any recorded activity = 6.0 (+1.83 logit); transactions/month (3m) = 0.0 (+0.96 logit)
501265,0.9998,1,1,lapsed (no purchase in last 3 months),Gold,Tulsa,2023,high,months since last purchase = 6.0 (+2.22 logit); months since any recorded activity = 6.0 (+1.83 logit); transactions/month (3m) = 0.0 (+0.96 logit)
501062,0.9998,1,1,lapsed (no purchase in last 3 months),Silver,Denver,2021,high,months since last purchase = 6.0 (+2.22 logit); months since any recorded activity = 6.0 (+1.83 logit); transactions/month (3m) = 0.0 (+0.96 logit)
501061,0.9998,1,1,lapsed (no purchase in last 3 months),Silver,Nashville,2022,high,months since last purchase = 6.0 (+2.22 logit); months since any recorded activity = 6.0 (+1.83 logit); transactions/month (3m) = 0.0 (+0.96 logit)
500198,0.9998,1,1,lapsed (no purchase in last 3 months),Silver,Boise,2022,high,months since last purchase = 6.0 (+2.22 logit); months since any recorded activity = 6.0 (+1.83 logit); transactions/month (3m) = 0.0 (+0.96 logit)
500203,0.9998,1,1,lapsed (no purchase in last 3 months),Silver,Columbus,2022,high,months since last purchase = 6.0 (+2.22 logit); months since any recorded activity = 6.0 (+1.83 logit); transactions/month (3m) = 0.0 (+0.96 logit)
500320,0.9998,1,1,lapsed (no purchase in last 3 months),Silver,Denver,2022,high,months since last purchase = 6.0 (+2.22 logit); months since any recorded activity = 6.0 (+1.83 logit); transactions/month (3m) = 0.0 (+0.96 logit)
501005,0.9998,1,1,lapsed (no purchase in last 3 months),Silver,Tulsa,2022,high,months since last purchase = 6.0 (+2.22 logit); months since any recorded activity = 6.0 (+1.83 logit); transactions/month (3m) = 0.0 (+0.96 logit)
501267,0.9998,1,1,lapsed (no purchase in last 3 months),Silver,Denver,2021,high,months since last purchase = 6.0 (+2.22 logit); months since any recorded activity = 6.0 (+1.83 logit); transactions/month (3m) = 0.0 (+0.96 logit)
501001,0.9998,1,1,lapsed (no purchase in last 3 months),Silver,Austin,2021,high,months since last purchase = 6.0 (+2.22 logit); months since any recorded activity = 6.0 (+1.83 logit); transactions/month (3m) = 0.0 (+0.96 logit)
500977,0.9998,1,1,lapsed (no purchase in last 3 months),Silver,Tulsa,2023,high,months since last purchase = 6.0 (+2.22 logit); months since any recorded activity = 6.0 (+1.83 logit); transactions/month (3m) = 0.0 (+0.96 logit)
500970,0.9998,1,1,lapsed (no purchase in last 3 months),Platinum,Madison,2022,high,months since last purchase = 6.0 (+2.22 logit); months since any recorded activity = 6.0 (+1.83 logit); transactions/month (3m) = 0.0 (+0.96 logit)
500461,0.9998,1,1,lapsed (no purchase in last 3 months),Silver,Nashville,2022,high,months since last purchase = 6.0 (+2.22 logit); months since any recorded activity = 6.0 (+1.83 logit); transactions/month (3m) = 0.0 (+0.96 logit)
502554,0.9998,1,1,lapsed (no purchase in last 3 months),Silver,Columbus,2022,high,months since last purchase = 6.0 (+2.22 logit); months since any recorded activity = 6.0 (+1.83 logit); transactions/month (3m) = 0.0 (+0.96 logit)
502469,0.9998,1,1,lapsed (no purchase in last 3 months),Silver,Raleigh,2022,high,months since last purchase = 6.0 (+2.22 logit); months since any recorded activity = 6.0 (+1.83 logit); transactions/month (3m) = 0.0 (+0.96 logit)
500376,0.9998,1,1,lapsed (no purchase in last 3 months),Platinum,Spokane,2022,high,months since last purchase = 6.0 (+2.22 logit); months since any recorded activity = 6.0 (+1.83 logit); transactions/month (3m) = 0.0 (+0.96 logit)
501249,0.9998,1,1,lapsed (no purchase in last 3 months),Silver,Austin,2021,high,months since last purchase = 6.0 (+2.22 logit); months since any recorded activity = 6.0 (+1.83 logit); transactions/month (3m) = 0.0 (+0.96 logit)
501233,0.9998,1,1,lapsed (no purchase in last 3 months),Silver,Nashville,2022,high,months since last purchase = 6.0 (+2.22 logit); months since any recorded activity = 6.0 (+1.83 logit); transactions/month (3m) = 0.0 (+0.96 logit)
500406,0.9998,1,1,lapsed (no purchase in last 3 months),Silver,Boise,2022,high,months since last purchase = 6.0 (+2.22 logit); months since any recorded activity = 6.0 (+1.83 logit); transactions/month (3m) = 0.0 (+0.96 logit)
501146,0.9998,1,1,lapsed (no purchase in last 3 months),Silver,Raleigh,2021,high,months since last purchase = 6.0 (+2.22 logit); months since any recorded activity = 6.0 (+1.83 logit); transactions/month (3m) = 0.0 (+0.96 logit)
501168,0.9998,1,1,lapsed (no purchase in last 3 months),Silver,Raleigh,2023,high,months since last purchase = 6.0 (+2.22 logit); months since any recorded activity = 5.0 (+1.48 logit); transactions/month (3m) = 0.0 (+0.96 logit)
500941,0.9998,1,1,lapsed (no purchase in last 3 months),Silver,Madison,2022,high,months since last purchase = 6.0 (+2.22 logit); months since any recorded activity = 6.0 (+1.83 logit); transactions/month (3m) = 0.0 (+0.96 logit)
501171,0.9998,1,1,lapsed (no purchase in last 3 months),Silver,Columbus,2022,high,months since last purchase = 6.0 (+2.22 logit); months since any recorded activity = 6.0 (+1.83 logit); transactions/month (3m) = 0.0 (+0.96 logit)
501173,0.9998,1,1,lapsed (no purchase in last 3 months),Silver,Raleigh,2023,high,months since last purchase = 6.0 (+2.22 logit); months since any recorded activity = 6.0 (+1.83 logit); transactions/month (3m) = 0.0 (+0.96 logit)
500388,0.9998,1,1,lapsed (no purchase in last 3 months),Silver,Austin,2021,high,months since last purchase = 6.0 (+2.22 logit); months since any recorded activity = 5.0 (+1.48 logit); transactions/month (3m) = 0.0 (+0.96 logit)
500386,0.9998,1,1,lapsed (no purchase in last 3 months),Silver,Austin,2021,high,months since last purchase = 6.0 (+2.22 logit); months since any recorded activity = 6.0 (+1.83 logit); transactions/month (3m) = 0.0 (+0.96 logit)
501227,0.9998,1,1,lapsed (no purchase in last 3 months),Gold,Madison,2022,high,months since last purchase = 6.0 (+2.22 logit); months since any recorded activity = 6.0 (+1.83 logit); transactions/month (3m) = 0.0 (+0.96 logit)
501212,0.9998,1,1,lapsed (no purchase in last 3 months),Silver,Madison,2022,high,months since last purchase = 6.0 (+2.22 logit); months since any recorded activity = 6.0 (+1.83 logit); transactions/month (3m) = 0.0 (+0.96 logit)
501208,0.9998,1,1,lapsed (no purchase in last 3 months),Gold,Austin,2021,high,months since last purchase = 6.0 (+2.22 logit); months since any recorded activity = 6.0 (+1.83 logit); transactions/month (3m) = 0.0 (+0.96 logit)
502490,0.9998,1,1,lapsed (no purchase in last 3 months),Silver,Columbus,2021,high,months since last purchase = 6.0 (+2.22 logit); months since any recorded activity = 5.0 (+1.48 logit); transactions/month (3m) = 0.0 (+0.96 logit)
500470,0.9998,1,1,lapsed (no purchase in last 3 months),Gold,Spokane,2023,high,months since last purchase = 6.0 (+2.22 logit); months since any recorded activity = 6.0 (+1.83 logit); transactions/month (3m) = 0.0 (+0.96 logit)
502430,0.9998,1,1,lapsed (no purchase in last 3 months),Platinum,Raleigh,2021,high,months since last purchase = 6.0 (+2.22 logit); months since any recorded activity = 6.0 (+1.83 logit); transactions/month (3m) = 0.0 (+0.96 logit)
500936,0.9998,1,1,lapsed (no purchase in last 3 months),Silver,Nashville,2022,high,months since last purchase = 6.0 (+2.22 logit); months since any recorded activity = 6.0 (+1.83 logit); transactions/month (3m) = 0.0 (+0.96 logit)
500720,0.9998,1,1,lapsed (no purchase in last 3 months),Gold,Austin,2022,high,months since last purchase = 6.0 (+2.22 logit); months since any recorded activity = 6.0 (+1.83 logit); transactions/month (3m) = 0.0 (+0.96 logit)
502526,0.9998,1,1,lapsed (no purchase in last 3 months),Silver,Nashville,2023,high,months since last purchase = 6.0 (+2.22 logit); months since any recorded activity = 6.0 (+1.83 logit); transactions/month (3m) = 0.0 (+0.96 logit)
500244,0.9998,1,1,lapsed (no purchase in last 3 months),Silver,Denver,2021,high,months since last purchase = 6.0 (+2.22 logit); months since any recorded activity = 6.0 (+1.83 logit); transactions/month (3m) = 0.0 (+0.96 logit)
500566,0.9998,1,1,lapsed (no purchase in last 3 months),Gold,Austin,2022,high,months since last purchase = 6.0 (+2.22 logit); months since any recorded activity = 6.0 (+1.83 logit); transactions/month (3m) = 0.0 (+0.96 logit)
500573,0.9998,1,1,lapsed (no purchase in last 3 months),Silver,Spokane,2022,high,months since last purchase = 6.0 (+2.22 logit); months since any recorded activity = 6.0 (+1.83 logit); transactions/month (3m) = 0.0 (+0.96 logit)
500581,0.9998,1,1,lapsed (no purchase in last 3 months),Gold,Tulsa,2022,high,months since last purchase = 6.0 (+2.22 logit); months since any recorded activity = 6.0 (+1.83 logit); transactions/month (3m) = 0.0 (+0.96 logit)
500752,0.9998,1,1,lapsed (no purchase in last 3 months),Gold,Spokane,2022,high,months since last purchase = 6.0 (+2.22 logit); months since any recorded activity = 6.0 (+1.83 logit); transactions/month (3m) = 0.0 (+0.96 logit)
500582,0.9998,1,1,lapsed (no purchase in last 3 months),Silver,Denver,2022,high,months since last purchase = 6.0 (+2.22 logit); months since any recorded activity = 6.0 (+1.83 logit); transactions/month (3m) = 0.0 (+0.96 logit)
502396,0.9998,1,1,lapsed (no purchase in last 3 months),Silver,Raleigh,2022,high,months since last purchase = 6.0 (+2.22 logit); months since any recorded activity = 6.0 (+1.83 logit); transactions/month (3m) = 0.0 (+0.96 logit)
500237,0.9998,1,1,lapsed (no purchase in last 3 months),Gold,Tulsa,2021,high,months since last purchase = 6.0 (+2.22 logit); months since any recorded activity = 6.0 (+1.83 logit); transactions/month (3m) = 0.0 (+0.96 logit)
500683,0.9998,1,1,lapsed (no purchase in last 3 months),Gold,Austin,2021,high,months since last purchase = 6.0 (+2.22 logit); months since any recorded activity = 6.0 (+1.83 logit); transactions/month (3m) = 0.0 (+0.96 logit)
500677,0.9998,1,1,lapsed (no purchase in last 3 months),Platinum,Madison,2022,high,months since last purchase = 6.0 (+2.22 logit); months since any recorded activity = 6.0 (+1.83 logit); transactions/month (3m) = 0.0 (+0.96 logit)
502412,0.9998,1,1,lapsed (no purchase in last 3 months),Silver,Madison,2021,high,months since last purchase = 6.0 (+2.22 logit); months since any recorded activity = 6.0 (+1.83 logit); transactions/month (3m) = 0.0 (+0.96 logit)
500590,0.9998,1,1,lapsed (no purchase in last 3 months),Gold,Raleigh,2021,high,months since last purchase = 6.0 (+2.22 logit); months since any recorded activity = 6.0 (+1.83 logit); transactions/month (3m) = 0.0 (+0.96 logit)
500653,0.9998,1,1,lapsed (no purchase in last 3 months),Silver,Portland,2021,high,months since last purchase = 6.0 (+2.22 logit); months since any recorded activity = 6.0 (+1.83 logit); transactions/month (3m) = 0.0 (+0.96 logit)
500637,0.9998,1,1,lapsed (no purchase in last 3 months),Silver,Tulsa,2021,high,months since last purchase = 6.0 (+2.22 logit); months since any recorded activity = 6.0 (+1.83 logit); transactions/month (3m) = 0.0 (+0.96 logit)
500621,0.9998,1,1,lapsed (no purchase in last 3 months),Silver,Madison,2021,high,months since last purchase = 6.0 (+2.22 logit); months since any recorded activity = 6.0 (+1.83 logit); transactions/month (3m) = 0.0 (+0.96 logit)
502376,0.9998,1,1,lapsed (no purchase in last 3 months),Platinum,Denver,2023,high,months since last purchase = 6.0 (+2.22 logit); months since any recorded activity = 5.0 (+1.48 logit); transactions/month (3m) = 0.0 (+0.96 logit)
500236,0.9998,1,1,lapsed (no purchase in last 3 months),Silver,Raleigh,2023,high,months since last purchase = 6.0 (+2.22 logit); months since any recorded activity = 6.0 (+1.83 logit); transactions/month (3m) = 0.0 (+0.96 logit)
500928,0.9998,1,1,lapsed (no purchase in last 3 months),Silver,Tulsa,2022,high,months since last purchase = 6.0 (+2.22 logit); months since any recorded activity = 6.0 (+1.83 logit); transactions/month (3m) = 0.0 (+0.96 logit)
500878,0.9998,1,1,lapsed (no purchase in last 3 months),Gold,Madison,2022,high,months since last purchase = 6.0 (+2.22 logit); months since any recorded activity = 6.0 (+1.83 logit); transactions/month (3m) = 0.0 (+0.96 logit)
500483,0.9998,1,1,lapsed (no purchase in last 3 months),Gold,Columbus,2023,high,months since last purchase = 6.0 (+2.22 logit); months since any recorded activity = 6.0 (+1.83 logit); transactions/month (3m) = 0.0 (+0.96 logit)
502333,0.9998,1,1,lapsed (no purchase in last 3 months),Silver,Spokane,2023,high,months since last purchase = 6.0 (+2.22 logit); months since any recorded activity = 6.0 (+1.83 logit); transactions/month (3m) = 0.0 (+0.96 logit)
500591,0.9998,1,1,lapsed (no purchase in last 3 months),Silver,Spokane,2021,high,months since last purchase = 6.0 (+2.22 logit); months since any recorded activity = 6.0 (+1.83 logit); transactions/month (3m) = 0.0 (+0.96 logit)
500501,0.9998,1,1,lapsed (no purchase in last 3 months),Gold,Raleigh,2022,high,months since last purchase = 6.0 (+2.22 logit); months since any recorded activity = 6.0 (+1.83 logit); transactions/month (3m) = 0.0 (+0.96 logit)
500887,0.9998,1,1,lapsed (no purchase in last 3 months),Gold,Denver,2022,high,months since last purchase = 6.0 (+2.22 logit); months since any recorded activity = 6.0 (+1.83 logit); transactions/month (3m) = 0.0 (+0.96 logit)
500503,0.9998,1,1,lapsed (no purchase in last 3 months),Silver,Nashville,2021,high,months since last purchase = 6.0 (+2.22 logit); months since any recorded activity = 6.0 (+1.83 logit); transactions/month (3m) = 0.0 (+0.96 logit)
502453,0.9998,1,1,lapsed (no purchase in last 3 months),Silver,Spokane,2022,high,months since last purchase = 6.0 (+2.22 logit); months since any recorded activity = 6.0 (+1.83 logit); transactions/month (3m) = 0.0 (+0.96 logit)
500284,0.9998,1,1,lapsed (no purchase in last 3 months),Silver,Raleigh,2021,high,months since last purchase = 6.0 (+2.22 logit); months since any recorded activity = 6.0 (+1.83 logit); transactions/month (3m) = 0.0 (+0.96 logit)
500813,0.9998,1,1,lapsed (no purchase in last 3 months),Silver,Raleigh,2021,high,months since last purchase = 6.0 (+2.22 logit); months since any recorded activity = 6.0 (+1.83 logit); transactions/month (3m) = 0.0 (+0.96 logit)
500868,0.9998,1,1,lapsed (no purchase in last 3 months),Silver,Nashville,2022,high,months since last purchase = 6.0 (+2.22 logit); months since any recorded activity = 6.0 (+1.83 logit); transactions/month (3m) = 0.0 (+0.96 logit)
502345,0.9998,1,1,lapsed (no purchase in last 3 months),Gold,Columbus,2023,high,months since last purchase = 6.0 (+2.22 logit); months since any recorded activity = 6.0 (+1.83 logit); transactions/month (3m) = 0.0 (+0.96 logit)
500834,0.9998,1,1,lapsed (no purchase in last 3 months),Silver,Austin,2022,high,months since last purchase = 6.0 (+2.22 logit); months since any recorded activity = 6.0 (+1.83 logit); transactions/month (3m) = 0.0 (+0.96 logit)
500819,0.9998,1,1,lapsed (no purchase in last 3 months),Silver,Spokane,2022,high,months since last purchase = 6.0 (+2.22 logit); months since any recorded activity = 6.0 (+1.83 logit); transactions/month (3m) = 0.0 (+0.96 logit)
500514,0.9998,1,1,lapsed (no purchase in last 3 months),Gold,Nashville,2021,high,months since last purchase = 6.0 (+2.22 logit); months since any recorded activity = 6.0 (+1.83 logit); transactions/month (3m) = 0.0 (+0.96 logit)
500232,0.9998,1,1,lapsed (no purchase in last 3 months),Silver,Austin,2021,high,months since last purchase = 6.0 (+2.22 logit); months since any recorded activity = 6.0 (+1.83 logit); transactions/month (3m) = 0.0 (+0.96 logit)
502443,0.9998,1,1,lapsed (no purchase in last 3 months),Gold,Tulsa,2021,high,months since last purchase = 6.0 (+2.22 logit); months since any recorded activity = 6.0 (+1.83 logit); transactions/month (3m) = 0.0 (+0.96 logit)
500785,0.9998,1,1,lapsed (no purchase in last 3 months),Platinum,Columbus,2021,high,months since last purchase = 6.0 (+2.22 logit); months since any recorded activity = 6.0 (+1.83 logit); transactions/month (3m) = 0.0 (+0.96 logit)
500163,0.9998,1,1,lapsed (no purchase in last 3 months),Silver,Nashville,2021,high,months since last purchase = 6.0 (+2.22 logit); months since any recorded activity = 6.0 (+1.83 logit); transactions/month (3m) = 0.0 (+0.96 logit)
500316,0.9998,1,1,lapsed (no purchase in last 3 months),Gold,Austin,2023,high,months since last purchase = 6.0 (+2.22 logit); months since any recorded activity = 6.0 (+1.83 logit); transactions/month (3m) = 0.0 (+0.96 logit)
501866,0.9998,1,1,lapsed (no purchase in last 3 months),Platinum,Tulsa,2021,high,months since last purchase = 6.0 (+2.22 logit); months since any recorded activity = 6.0 (+1.83 logit); transactions/month (3m) = 0.0 (+0.96 logit)
501600,0.9998,1,1,lapsed (no purchase in last 3 months),Platinum,Columbus,2022,high,months since last purchase = 6.0 (+2.22 logit); months since any recorded activity = 6.0 (+1.83 logit); transactions/month (3m) = 0.0 (+0.96 logit)
501580,0.9998,1,1,lapsed (no purchase in last 3 months),Silver,Austin,2023,high,months since last purchase = 6.0 (+2.22 logit); months since any recorded activity = 6.0 (+1.83 logit); transactions/month (3m) = 0.0 (+0.96 logit)
502073,0.9998,1,1,lapsed (no purchase in last 3 months),Silver,Spokane,2021,high,months since last purchase = 6.0 (+2.22 logit); months since any recorded activity = 6.0 (+1.83 logit); transactions/month (3m) = 0.0 (+0.96 logit)
500047,0.9998,1,1,lapsed (no purchase in last 3 months),Gold,Raleigh,2021,high,months since last purchase = 6.0 (+2.22 logit); months since any recorded activity = 6.0 (+1.83 logit); transactions/month (3m) = 0.0 (+0.96 logit)
501556,0.9998,1,1,lapsed (no purchase in last 3 months),Silver,Spokane,2022,high,months since last purchase = 6.0 (+2.22 logit); months since any recorded activity = 6.0 (+1.83 logit); transactions/month (3m) = 0.0 (+0.96 logit)
501548,0.9998,1,1,lapsed (no purchase in last 3 months),Platinum,Austin,2023,high,months since last purchase = 6.0 (+2.22 logit); months since any recorded activity = 6.0 (+1.83 logit); transactions/month (3m) = 0.0 (+0.96 logit)
501530,0.9998,1,1,lapsed (no purchase in last 3 months),Gold,Columbus,2021,high,months since last purchase = 6.0 (+2.22 logit); months since any recorded activity = 6.0 (+1.83 logit); transactions/month (3m) = 0.0 (+0.96 logit)
501852,0.9998,1,1,lapsed (no purchase in last 3 months),Gold,Austin,2022,high,months since last purchase = 6.0 (+2.22 logit); months since any recorded activity = 5.0 (+1.48 logit); transactions/month (3m) = 0.0 (+0.96 logit)
501871,0.9998,1,1,lapsed (no purchase in last 3 months),Platinum,Spokane,2022,high,months since last purchase = 6.0 (+2.22 logit); months since any recorded activity = 6.0 (+1.83 logit); transactions/month (3m) = 0.0 (+0.96 logit)
502190,0.9998,1,1,lapsed (no purchase in last 3 months),Gold,Austin,2021,high,months since last purchase = 6.0 (+2.22 logit); months since any recorded activity = 6.0 (+1.83 logit); transactions/month (3m) = 0.0 (+0.96 logit)
502167,0.9998,1,1,lapsed (no purchase in last 3 months),Gold,Austin,2023,high,months since last purchase = 6.0 (+2.22 logit); months since any recorded activity = 6.0 (+1.83 logit); transactions/month (3m) = 0.0 (+0.96 logit)
501508,0.9998,1,1,lapsed (no purchase in last 3 months),Silver,Austin,2022,high,months since last purchase = 6.0 (+2.22 logit); months since any recorded activity = 6.0 (+1.83 logit); transactions/month (3m) = 0.0 (+0.96 logit)
501483,0.9998,1,1,lapsed (no purchase in last 3 months),Gold,Austin,2021,high,months since last purchase = 6.0 (+2.22 logit); months since any recorded activity = 6.0 (+1.83 logit); transactions/month (3m) = 0.0 (+0.96 logit)
501875,0.9998,1,1,lapsed (no purchase in last 3 months),Silver,Tulsa,2022,high,months since last purchase = 6.0 (+2.22 logit); months since any recorded activity = 6.0 (+1.83 logit); transactions/month (3m) = 0.0 (+0.96 logit)
501881,0.9998,1,1,lapsed (no purchase in last 3 months),Silver,Denver,2022,high,months since last purchase = 6.0 (+2.22 logit); months since any recorded activity = 6.0 (+1.83 logit); transactions/month (3m) = 0.0 (+0.96 logit)
502185,0.9998,1,1,lapsed (no purchase in last 3 months),Silver,Spokane,2022,high,months since last purchase = 6.0 (+2.22 logit); months since any recorded activity = 6.0 (+1.83 logit); transactions/month (3m) = 0.0 (+0.96 logit)
501451,0.9998,1,1,lapsed (no purchase in last 3 months),Silver,Boise,2021,high,months since last purchase = 6.0 (+2.22 logit); months since any recorded activity = 6.0 (+1.83 logit); transactions/month (3m) = 0.0 (+0.96 logit)
501892,0.9998,1,1,lapsed (no purchase in last 3 months),Silver,Spokane,2022,high,months since last purchase = 6.0 (+2.22 logit); months since any recorded activity = 6.0 (+1.83 logit); transactions/month (3m) = 0.0 (+0.96 logit)
501605,0.9998,1,1,lapsed (no purchase in last 3 months),Silver,Nashville,2021,high,months since last purchase = 6.0 (+2.22 logit); months since any recorded activity = 6.0 (+1.83 logit); transactions/month (3m) = 0.0 (+0.96 logit)
501610,0.9998,1,1,lapsed (no purchase in last 3 months),Gold,Raleigh,2023,high,months since last purchase = 6.0 (+2.22 logit); months since any recorded activity = 6.0 (+1.83 logit); transactions/month (3m) = 0.0 (+0.96 logit)
501838,0.9998,1,1,lapsed (no purchase in last 3 months),Platinum,Denver,2022,high,months since last purchase = 6.0 (+2.22 logit); months since any recorded activity = 6.0 (+1.83 logit); transactions/month (3m) = 0.0 (+0.96 logit)
501614,0.9998,1,1,lapsed (no purchase in last 3 months),Silver,Tulsa,2022,high,months since last purchase = 6.0 (+2.22 logit); months since any recorded activity = 6.0 (+1.83 logit); transactions/month (3m) = 0.0 (+0.96 logit)
502097,0.9998,1,1,lapsed (no purchase in last 3 months),Silver,Spokane,2021,high,months since last purchase = 6.0 (+2.22 logit); months since any recorded activity = 6.0 (+1.83 logit); transactions/month (3m) = 0.0 (+0.96 logit)
501784,0.9998,1,1,lapsed (no purchase in last 3 months),Gold,Columbus,2023,high,months since last purchase = 6.0 (+2.22 logit); months since any recorded activity = 6.0 (+1.83 logit); transactions/month (3m) = 0.0 (+0.96 logit)
501783,0.9998,1,1,lapsed (no purchase in last 3 months),Gold,Nashville,2021,high,months since last purchase = 6.0 (+2.22 logit); months since any recorded activity = 6.0 (+1.83 logit); transactions/month (3m) = 0.0 (+0.96 logit)
501794,0.9998,1,1,lapsed (no purchase in last 3 months),Silver,Raleigh,2021,high,months since last purchase = 6.0 (+2.22 logit); months since any recorded activity = 6.0 (+1.83 logit); transactions/month (3m) = 0.0 (+0.96 logit)
502579,0.9998,1,1,lapsed (no purchase in last 3 months),Gold,Madison,2023,high,months since last purchase = 6.0 (+2.22 logit); months since any recorded activity = 6.0 (+1.83 logit); transactions/month (3m) = 0.0 (+0.96 logit)
501806,0.9998,1,1,lapsed (no purchase in last 3 months),Gold,Nashville,2021,high,months since last purchase = 6.0 (+2.22 logit); months since any recorded activity = 6.0 (+1.83 logit); transactions/month (3m) = 0.0 (+0.96 logit)
502110,0.9998,1,1,lapsed (no purchase in last 3 months),Silver,Tulsa,2023,high,months since last purchase = 6.0 (+2.22 logit); months since any recorded activity = 6.0 (+1.83 logit); transactions/month (3m) = 0.0 (+0.96 logit)
502111,0.9998,1,1,lapsed (no purchase in last 3 months),Platinum,Boise,2022,high,months since last purchase = 6.0 (+2.22 logit); months since any recorded activity = 6.0 (+1.83 logit); transactions/month (3m) = 0.0 (+0.96 logit)
501724,0.9998,1,1,lapsed (no purchase in last 3 months),Silver,Madison,2022,high,months since last purchase = 6.0 (+2.22 logit); months since any recorded activity = 6.0 (+1.83 logit); transactions/month (3m) = 0.0 (+0.96 logit)
501691,0.9998,1,1,lapsed (no purchase in last 3 months),Silver,Columbus,2021,high,months since last purchase = 6.0 (+2.22 logit); months since any recorded activity = 6.0 (+1.83 logit); transactions/month (3m) = 0.0 (+0.96 logit)
501684,0.9998,1,1,lapsed (no purchase in last 3 months),Gold,Boise,2022,high,months since last purchase = 6.0 (+2.22 logit); months since any recorded activity = 6.0 (+1.83 logit); transactions/month (3m) = 0.0 (+0.96 logit)
501808,0.9998,1,1,lapsed (no purchase in last 3 months),Silver,Columbus,2021,high,months since last purchase = 6.0 (+2.22 logit); months since any recorded activity = 6.0 (+1.83 logit); transactions/month (3m) = 0.0 (+0.96 logit)
501813,0.9998,1,1,lapsed (no purchase in last 3 months),Silver,Tulsa,2023,high,months since last purchase = 6.0 (+2.22 logit); months since any recorded activity = 6.0 (+1.83 logit); transactions/month (3m) = 0.0 (+0.96 logit)
502574,0.9998,1,1,lapsed (no purchase in last 3 months),Silver,Raleigh,2021,high,months since last purchase = 6.0 (+2.22 logit); months since any recorded activity = 6.0 (+1.83 logit); transactions/month (3m) = 0.0 (+0.96 logit)
501643,0.9998,1,1,lapsed (no purchase in last 3 months),Platinum,Columbus,2021,high,months since last purchase = 6.0 (+2.22 logit); months since any recorded activity = 6.0 (+1.83 logit); transactions/month (3m) = 0.0 (+0.96 logit)
501631,0.9998,1,1,lapsed (no purchase in last 3 months),Silver,Nashville,2022,high,months since last purchase = 6.0 (+2.22 logit); months since any recorded activity = 6.0 (+1.83 logit); transactions/month (3m) = 0.0 (+0.96 logit)
500089,0.9998,1,1,lapsed (no purchase in last 3 months),Gold,Portland,2023,high,months since last purchase = 6.0 (+2.22 logit); months since any recorded activity = 6.0 (+1.83 logit); transactions/month (3m) = 0.0 (+0.96 logit)
501906,0.9998,1,1,lapsed (no purchase in last 3 months),Gold,Columbus,2022,high,months since last purchase = 6.0 (+2.22 logit); months since any recorded activity = 6.0 (+1.83 logit); transactions/month (3m) = 0.0 (+0.96 logit)
502093,0.9998,1,1,lapsed (no purchase in last 3 months),Silver,Austin,2023,high,months since last purchase = 6.0 (+2.22 logit); months since any recorded activity = 6.0 (+1.83 logit); transactions/month (3m) = 0.0 (+0.96 logit)
502191,0.9998,1,1,lapsed (no purchase in last 3 months),Silver,Denver,2021,high,months since last purchase = 6.0 (+2.22 logit); months since any recorded activity = 6.0 (+1.83 logit); transactions/month (3m) = 0.0 (+0.96 logit)
502220,0.9998,1,1,lapsed (no purchase in last 3 months),Silver,Raleigh,2022,high,months since last purchase = 6.0 (+2.22 logit); months since any recorded activity = 6.0 (+1.83 logit); transactions/month (3m) = 0.0 (+0.96 logit)
500017,0.9998,1,1,lapsed (no purchase in last 3 months),Silver,Austin,2022,high,months since last purchase = 6.0 (+2.22 logit); months since any recorded activity = 6.0 (+1.83 logit); transactions/month (3m) = 0.0 (+0.96 logit)
501358,0.9998,1,1,lapsed (no purchase in last 3 months),Gold,Denver,2022,high,months since last purchase = 6.0 (+2.22 logit); months since any recorded activity = 6.0 (+1.83 logit); transactions/month (3m) = 0.0 (+0.96 logit)
501973,0.9998,1,1,lapsed (no purchase in last 3 months),Silver,Portland,2022,high,months since last purchase = 6.0 (+2.22 logit); months since any recorded activity = 6.0 (+1.83 logit); transactions/month (3m) = 0.0 (+0.96 logit)
501350,0.9998,1,1,lapsed (no purchase in last 3 months),Gold,Columbus,2023,high,months since last purchase = 6.0 (+2.22 logit); months since any recorded activity = 6.0 (+1.83 logit); transactions/month (3m) = 0.0 (+0.96 logit)
501910,0.9998,1,1,lapsed (no purchase in last 3 months),Silver,Austin,2021,high,months since last purchase = 6.0 (+2.22 logit); months since any recorded activity = 6.0 (+1.83 logit); transactions/month (3m) = 0.0 (+0.96 logit)
501336,0.9998,1,1,lapsed (no purchase in last 3 months),Silver,Raleigh,2022,high,months since last purchase = 6.0 (+2.22 logit); months since any recorded activity = 6.0 (+1.83 logit); transactions/month (3m) = 0.0 (+0.96 logit)
502221,0.9998,1,1,lapsed (no purchase in last 3 months),Gold,Tulsa,2022,high,months since last purchase = 6.0 (+2.22 logit); months since any recorded activity = 6.0 (+1.83 logit); transactions/month (3m) = 0.0 (+0.96 logit)
502200,0.9998,1,1,lapsed (no purchase in last 3 months),Silver,Portland,2022,high,months since last purchase = 6.0 (+2.22 logit); months since any recorded activity = 6.0 (+1.83 logit); transactions/month (3m) = 0.0 (+0.96 logit)
502001,0.9998,1,1,lapsed (no purchase in last 3 months),Silver,Madison,2022,high,months since last purchase = 6.0 (+2.22 logit); months since any recorded activity = 6.0 (+1.83 logit); transactions/month (3m) = 0.0 (+0.96 logit)
502010,0.9998,1,1,lapsed (no purchase in last 3 months),Silver,Austin,2022,high,months since last purchase = 6.0 (+2.22 logit); months since any recorded activity = 6.0 (+1.83 logit); transactions/month (3m) = 0.0 (+0.96 logit)
501297,0.9998,1,1,lapsed (no purchase in last 3 months),Silver,Madison,2021,high,months since last purchase = 6.0 (+2.22 logit); months since any recorded activity = 6.0 (+1.83 logit); transactions/month (3m) = 0.0 (+0.96 logit)
502026,0.9998,1,1,lapsed (no purchase in last 3 months),Silver,Spokane,2022,high,months since last purchase = 6.0 (+2.22 logit); months since any recorded activity = 6.0 (+1.83 logit); transactions/month (3m) = 0.0 (+0.96 logit)
502027,0.9998,1,1,lapsed (no purchase in last 3 months),Silver,Austin,2023,high,months since last purchase = 6.0 (+2.22 logit); months since any recorded activity = 5.0 (+1.48 logit); transactions/month (3m) = 0.0 (+0.96 logit)
502229,0.9998,1,1,lapsed (no purchase in last 3 months),Gold,Austin,2022,high,months since last purchase = 6.0 (+2.22 logit); months since any recorded activity = 6.0 (+1.83 logit); transactions/month (3m) = 0.0 (+0.96 logit)
500130,0.9998,1,1,lapsed (no purchase in last 3 months),Gold,Columbus,2021,high,months since last purchase = 6.0 (+2.22 logit); months since any recorded activity = 5.0 (+1.48 logit); transactions/month (3m) = 0.0 (+0.96 logit)
502215,0.9998,1,1,lapsed (no purchase in last 3 months),Gold,Austin,2021,high,months since last purchase = 6.0 (+2.22 logit); months since any recorded activity = 6.0 (+1.83 logit); transactions/month (3m) = 0.0 (+0.96 logit)
500124,0.9998,1,1,lapsed (no purchase in last 3 months),Gold,Nashville,2022,high,months since last purchase = 6.0 (+2.22 logit); months since any recorded activity = 6.0 (+1.83 logit); transactions/month (3m) = 0.0 (+0.96 logit)
501953,0.9998,1,1,lapsed (no purchase in last 3 months),Silver,Nashville,2021,high,months since last purchase = 6.0 (+2.22 logit); months since any recorded activity = 6.0 (+1.83 logit); transactions/month (3m) = 0.0 (+0.96 logit)
502054,0.9998,1,1,lapsed (no purchase in last 3 months),Platinum,Portland,2021,high,months since last purchase = 6.0 (+2.22 logit); months since any recorded activity = 6.0 (+1.83 logit); transactions/month (3m) = 0.0 (+0.96 logit)
502055,0.9998,1,1,lapsed (no purchase in last 3 months),Silver,Tulsa,2022,high,months since last purchase = 6.0 (+2.22 logit); months since any recorded activity = 6.0 (+1.83 logit); transactions/month (3m) = 0.0 (+0.96 logit)
500583,0.9997,1,1,lapsed (no purchase in last 3 months),Gold,Columbus,2021,high,months since last purchase = 6.0 (+2.22 logit); months since any recorded activity = 5.0 (+1.48 logit); transactions/month (3m) = 0.0 (+0.96 logit)
501926,0.9997,1,1,lapsed (no purchase in last 3 months),Silver,Boise,2022,high,months since last purchase = 6.0 (+2.22 logit); months since any recorded activity = 6.0 (+1.83 logit); transactions/month (3m) = 0.0 (+0.96 logit)
502060,0.9997,1,1,lapsed (no purchase in last 3 months),Silver,Boise,2022,high,months since last purchase = 6.0 (+2.22 logit); months since any recorded activity = 6.0 (+1.83 logit); transactions/month (3m) = 0.0 (+0.96 logit)
500659,0.9997,1,1,lapsed (no purchase in last 3 months),Silver,Columbus,2023,high,months since last purchase = 6.0 (+2.22 logit); months since any recorded activity = 6.0 (+1.83 logit); transactions/month (3m) = 0.0 (+0.96 logit)
502438,0.9997,1,1,lapsed (no purchase in last 3 months),Silver,Tulsa,2022,high,months since last purchase = 6.0 (+2.22 logit); months since any recorded activity = 6.0 (+1.83 logit); transactions/month (3m) = 0.0 (+0.96 logit)
502407,0.9997,1,1,lapsed (no purchase in last 3 months),Silver,Boise,2023,high,months since last purchase = 6.0 (+2.22 logit); months since any recorded activity = 6.0 (+1.83 logit); transactions/month (3m) = 0.0 (+0.96 logit)
502018,0.9997,1,1,lapsed (no purchase in last 3 months),Silver,Portland,2021,high,months since last purchase = 6.0 (+2.22 logit); months since any recorded activity = 6.0 (+1.83 logit); transactions/month (3m) = 0.0 (+0.96 logit)
500377,0.9997,1,1,lapsed (no purchase in last 3 months),Silver,Tulsa,2021,high,months since last purchase = 6.0 (+2.22 logit); months since any recorded activity = 6.0 (+1.83 logit); transactions/month (3m) = 0.0 (+0.96 logit)
500634,0.9997,1,1,lapsed (no purchase in last 3 months),Gold,Spokane,2021,high,months since last purchase = 6.0 (+2.22 logit); months since any recorded activity = 6.0 (+1.83 logit); transactions/month (3m) = 0.0 (+0.96 logit)
501891,0.9997,1,1,lapsed (no purchase in last 3 months),Platinum,Portland,2022,high,months since last purchase = 6.0 (+2.22 logit); months since any recorded activity = 6.0 (+1.83 logit); transactions/month (3m) = 0.0 (+0.96 logit)
500362,0.9997,1,1,lapsed (no purchase in last 3 months),Gold,Portland,2021,high,months since last purchase = 6.0 (+2.22 logit); months since any recorded activity = 6.0 (+1.83 logit); transactions/month (3m) = 0.0 (+0.96 logit)
502037,0.9997,1,1,lapsed (no purchase in last 3 months),Gold,Tulsa,2022,high,months since last purchase = 6.0 (+2.22 logit); months since any recorded activity = 6.0 (+1.83 logit); transactions/month (3m) = 0.0 (+0.96 logit)
501913,0.9997,1,1,lapsed (no purchase in last 3 months),Silver,Spokane,2022,high,months since last purchase = 6.0 (+2.22 logit); months since any recorded activity = 6.0 (+1.83 logit); transactions/month (3m) = 0.0 (+0.96 logit)
500344,0.9997,1,1,lapsed (no purchase in last 3 months),Silver,Madison,2023,high,months since last purchase = 6.0 (+2.22 logit); months since any recorded activity = 6.0 (+1.83 logit); transactions/month (3m) = 0.0 (+0.96 logit)
502088,0.9997,1,1,lapsed (no purchase in last 3 months),Silver,Austin,2022,high,months since last purchase = 6.0 (+2.22 logit); months since any recorded activity = 6.0 (+1.83 logit); transactions/month (3m) = 0.0 (+0.96 logit)
501999,0.9997,1,1,lapsed (no purchase in last 3 months),Gold,Boise,2022,high,months since last purchase = 6.0 (+2.22 logit); months since any recorded activity = 6.0 (+1.83 logit); transactions/month (3m) = 0.0 (+0.96 logit)
500567,0.9997,1,1,lapsed (no purchase in last 3 months),Silver,Spokane,2021,high,months since last purchase = 6.0 (+2.22 logit); months since any recorded activity = 6.0 (+1.83 logit); transactions/month (3m) = 0.0 (+0.96 logit)
501965,0.9997,1,1,lapsed (no purchase in last 3 months),Platinum,Nashville,2021,high,months since last purchase = 6.0 (+2.22 logit); months since any recorded activity = 6.0 (+1.83 logit); transactions/month (3m) = 0.0 (+0.96 logit)
502483,0.9997,1,1,lapsed (no purchase in last 3 months),Gold,Spokane,2021,high,months since last purchase = 6.0 (+2.22 logit); months since any recorded activity = 6.0 (+1.83 logit); transactions/month (3m) = 0.0 (+0.96 logit)
502423,0.9997,1,1,lapsed (no purchase in last 3 months),Silver,Columbus,2021,high,months since last purchase = 6.0 (+2.22 logit); months since any recorded activity = 6.0 (+1.83 logit); transactions/month (3m) = 0.0 (+0.96 logit)
501985,0.9997,1,1,lapsed (no purchase in last 3 months),Silver,Raleigh,2022,high,months since last purchase = 6.0 (+2.22 logit); months since any recorded activity = 6.0 (+1.83 logit); transactions/month (3m) = 0.0 (+0.96 logit)
502479,0.9997,1,1,lapsed (no purchase in last 3 months),Gold,Austin,2021,high,months since last purchase = 6.0 (+2.22 logit); months since any recorded activity = 6.0 (+1.83 logit); transactions/month (3m) = 0.0 (+0.96 logit)
501984,0.9997,1,1,lapsed (no purchase in last 3 months),Gold,Austin,2021,high,months since last purchase = 6.0 (+2.22 logit); months since any recorded activity = 6.0 (+1.83 logit); transactions/month (3m) = 0.0 (+0.96 logit)
500611,0.9997,1,1,lapsed (no purchase in last 3 months),Gold,Austin,2021,high,months since last purchase = 6.0 (+2.22 logit); months since any recorded activity = 6.0 (+1.83 logit); transactions/month (3m) = 0.0 (+0.96 logit)
501844,0.9997,1,1,lapsed (no purchase in last 3 months),Silver,Tulsa,2022,high,months since last purchase = 6.0 (+2.22 logit); months since any recorded activity = 6.0 (+1.83 logit); transactions/month (3m) = 0.0 (+0.96 logit)
500496,0.9997,1,1,lapsed (no purchase in last 3 months),Silver,Portland,2022,high,months since last purchase = 6.0 (+2.22 logit); months since any recorded activity = 6.0 (+1.83 logit); transactions/month (3m) = 0.0 (+0.96 logit)
500444,0.9997,1,1,lapsed (no purchase in last 3 months),Silver,Portland,2021,high,months since last purchase = 6.0 (+2.22 logit); months since any recorded activity = 6.0 (+1.83 logit); transactions/month (3m) = 0.0 (+0.96 logit)
501961,0.9997,1,1,lapsed (no purchase in last 3 months),Silver,Raleigh,2021,high,months since last purchase = 6.0 (+2.22 logit); months since any recorded activity = 6.0 (+1.83 logit); transactions/month (3m) = 0.0 (+0.96 logit)
500449,0.9997,1,1,lapsed (no purchase in last 3 months),Silver,Columbus,2021,high,months since last purchase = 6.0 (+2.22 logit); months since any recorded activity = 6.0 (+1.83 logit); transactions/month (3m) = 0.0 (+0.96 logit)
501853,0.9997,1,1,lapsed (no purchase in last 3 months),Silver,Denver,2021,high,months since last purchase = 6.0 (+2.22 logit); months since any recorded activity = 6.0 (+1.83 logit); transactions/month (3m) = 0.0 (+0.96 logit)
500560,0.9997,1,1,lapsed (no purchase in last 3 months),Gold,Denver,2021,high,months since last purchase = 6.0 (+2.22 logit); months since any recorded activity = 6.0 (+1.83 logit); transactions/month (3m) = 0.0 (+0.96 logit)
501272,0.9997,1,1,lapsed (no purchase in last 3 months),Platinum,Portland,2021,high,months since last purchase = 6.0 (+2.22 logit); months since any recorded activity = 6.0 (+1.83 logit); transactions/month (3m) = 0.0 (+0.96 logit)
502388,0.9997,1,1,lapsed (no purchase in last 3 months),Gold,Spokane,2021,high,months since last purchase = 6.0 (+2.22 logit); months since any recorded activity = 6.0 (+1.83 logit); transactions/month (3m) = 0.0 (+0.96 logit)
501192,0.9997,1,1,lapsed (no purchase in last 3 months),Gold,Boise,2022,high,months since last purchase = 6.0 (+2.22 logit); months since any recorded activity = 6.0 (+1.83 logit); transactions/month (3m) = 0.0 (+0.96 logit)
501414,0.9997,1,1,lapsed (no purchase in last 3 months),Gold,Columbus,2021,high,months since last purchase = 6.0 (+2.22 logit); months since any recorded activity = 6.0 (+1.83 logit); transactions/month (3m) = 0.0 (+0.96 logit)
501100,0.9997,1,1,lapsed (no purchase in last 3 months),Gold,Boise,2022,high,months since last purchase = 6.0 (+2.22 logit); months since any recorded activity = 6.0 (+1.83 logit); transactions/month (3m) = 0.0 (+0.96 logit)
501104,0.9997,1,1,lapsed (no purchase in last 3 months),Silver,Raleigh,2022,high,months since last purchase = 6.0 (+2.22 logit); months since any recorded activity = 6.0 (+1.83 logit); transactions/month (3m) = 0.0 (+0.96 logit)
501113,0.9997,1,1,lapsed (no purchase in last 3 months),Silver,Madison,2023,high,months since last purchase = 6.0 (+2.22 logit); transactions/month (3m) = 0.0 (+0.96 logit); transactions/month (6m) = 0.0 (+0.85 logit)
501126,0.9997,1,1,lapsed (no purchase in last 3 months),Silver,Boise,2023,high,months since last purchase = 6.0 (+2.22 logit); months since any recorded activity = 6.0 (+1.83 logit); transactions/month (3m) = 0.0 (+0.96 logit)
502268,0.9997,1,1,lapsed (no purchase in last 3 months),Gold,Nashville,2021,high,months since last purchase = 6.0 (+2.22 logit); months since any recorded activity = 6.0 (+1.83 logit); transactions/month (3m) = 0.0 (+0.96 logit)
501166,0.9997,1,1,lapsed (no purchase in last 3 months),Silver,Austin,2021,high,months since last purchase = 6.0 (+2.22 logit); months since any recorded activity = 6.0 (+1.83 logit); transactions/month (3m) = 0.0 (+0.96 logit)
501394,0.9997,1,1,lapsed (no purchase in last 3 months),Gold,Nashville,2022,high,months since last purchase = 6.0 (+2.22 logit); months since any recorded activity = 6.0 (+1.83 logit); transactions/month (3m) = 0.0 (+0.96 logit)
501356,0.9997,1,1,lapsed (no purchase in last 3 months),Platinum,Boise,2022,high,months since last purchase = 6.0 (+2.22 logit); months since any recorded activity = 6.0 (+1.83 logit); transactions/month (3m) = 0.0 (+0.96 logit)
501181,0.9997,1,1,lapsed (no purchase in last 3 months),Silver,Raleigh,2022,high,months since last purchase = 6.0 (+2.22 logit); months since any recorded activity = 6.0 (+1.83 logit); transactions/month (3m) = 0.0 (+0.96 logit)
501326,0.9997,1,1,lapsed (no purchase in last 3 months),Silver,Austin,2022,high,months since last purchase = 6.0 (+2.22 logit); months since any recorded activity = 6.0 (+1.83 logit); transactions/month (3m) = 0.0 (+0.96 logit)
501196,0.9997,1,1,lapsed (no purchase in last 3 months),Gold,Columbus,2022,high,months since last purchase = 6.0 (+2.22 logit); months since any recorded activity = 6.0 (+1.83 logit); transactions/month (3m) = 0.0 (+0.96 logit)
502283,0.9997,1,1,lapsed (no purchase in last 3 months),Silver,Raleigh,2021,high,months since last purchase = 6.0 (+2.22 logit); months since any recorded activity = 6.0 (+1.83 logit); transactions/month (3m) = 0.0 (+0.96 logit)
501200,0.9997,1,1,lapsed (no purchase in last 3 months),Silver,Denver,2021,high,months since last purchase = 6.0 (+2.22 logit); months since any recorded activity = 5.0 (+1.48 logit); transactions/month (3m) = 0.0 (+0.96 logit)
501324,0.9997,1,1,lapsed (no purchase in last 3 months),Platinum,Nashville,2021,high,months since last purchase = 6.0 (+2.22 logit); months since any recorded activity = 6.0 (+1.83 logit); transactions/month (3m) = 0.0 (+0.96 logit)
501299,0.9997,1,1,lapsed (no purchase in last 3 months),Gold,Madison,2021,high,months since last purchase = 6.0 (+2.22 logit); months since any recorded activity = 6.0 (+1.83 logit); transactions/month (3m) = 0.0 (+0.96 logit)
501243,0.9997,1,1,lapsed (no purchase in last 3 months),Silver,Denver,2022,high,months since last purchase = 6.0 (+2.22 logit); months since any recorded activity = 6.0 (+1.83 logit); transactions/month (3m) = 0.0 (+0.96 logit)
501294,0.9997,1,1,lapsed (no purchase in last 3 months),Silver,Raleigh,2021,high,months since last purchase = 6.0 (+2.22 logit); months since any recorded activity = 6.0 (+1.83 logit); transactions/month (3m) = 0.0 (+0.96 logit)
501291,0.9997,1,1,lapsed (no purchase in last 3 months),Platinum,Nashville,2023,high,months since last purchase = 6.0 (+2.22 logit); months since any recorded activity = 6.0 (+1.83 logit); transactions/month (3m) = 0.0 (+0.96 logit)
501251,0.9997,1,1,lapsed (no purchase in last 3 months),Silver,Nashville,2022,high,months since last purchase = 6.0 (+2.22 logit); months since any recorded activity = 6.0 (+1.83 logit); transactions/month (3m) = 0.0 (+0.96 logit)
501262,0.9997,1,1,lapsed (no purchase in last 3 months),Silver,Denver,2022,high,months since last purchase = 6.0 (+2.22 logit); months since any recorded activity = 5.0 (+1.48 logit); transactions/month (3m) = 0.0 (+0.96 logit)
501287,0.9997,1,1,lapsed (no purchase in last 3 months),Gold,Tulsa,2022,high,months since last purchase = 6.0 (+2.22 logit); months since any recorded activity = 6.0 (+1.83 logit); transactions/month (3m) = 0.0 (+0.96 logit)
502235,0.9997,1,1,lapsed (no purchase in last 3 months),Silver,Raleigh,2021,high,months since last purchase = 6.0 (+2.22 logit); months since any recorded activity = 6.0 (+1.83 logit); transactions/month (3m) = 0.0 (+0.96 logit)
501268,0.9997,1,1,lapsed (no purchase in last 3 months),Platinum,Tulsa,2021,high,months since last purchase = 6.0 (+2.22 logit); months since any recorded activity = 6.0 (+1.83 logit); transactions/month (3m) = 0.0 (+0.96 logit)
501095,0.9997,1,1,lapsed (no purchase in last 3 months),Gold,Raleigh,2021,high,months since last purchase = 6.0 (+2.22 logit); months since any recorded activity = 6.0 (+1.83 logit); transactions/month (3m) = 0.0 (+0.96 logit)
501071,0.9997,1,1,lapsed (no purchase in last 3 months),Silver,Boise,2023,high,months since last purchase = 6.0 (+2.22 logit); months since any recorded activity = 6.0 (+1.83 logit); transactions/month (3m) = 0.0 (+0.96 logit)
501765,0.9997,1,1,lapsed (no purchase in last 3 months),Silver,Boise,2023,high,months since last purchase = 6.0 (+2.22 logit); months since any recorded activity = 6.0 (+1.83 logit); transactions/month (3m) = 0.0 (+0.96 logit)
502330,0.9997,1,1,lapsed (no purchase in last 3 months),Silver,Columbus,2021,high,months since last purchase = 6.0 (+2.22 logit); months since any recorded activity = 6.0 (+1.83 logit); transactions/month (3m) = 0.0 (+0.96 logit)
500783,0.9997,1,1,lapsed (no purchase in last 3 months),Silver,Raleigh,2021,high,months since last purchase = 6.0 (+2.22 logit); months since any recorded activity = 6.0 (+1.83 logit); transactions/month (3m) = 0.0 (+0.96 logit)
501669,0.9997,1,1,lapsed (no purchase in last 3 months),Platinum,Tulsa,2021,high,months since last purchase = 6.0 (+2.22 logit); months since any recorded activity = 6.0 (+1.83 logit); transactions/month (3m) = 0.0 (+0.96 logit)
502375,0.9997,1,1,lapsed (no purchase in last 3 months),Silver,Madison,2021,high,months since last purchase = 6.0 (+2.22 logit); months since any recorded activity = 4.0 (+1.13 logit); transactions/month (3m) = 0.0 (+0.96 logit)
502128,0.9997,1,1,lapsed (no purchase in last 3 months),Silver,Boise,2021,high,months since last purchase = 6.0 (+2.22 logit); months since any recorded activity = 6.0 (+1.83 logit); transactions/month (3m) = 0.0 (+0.96 logit)
501649,0.9997,1,1,lapsed (no purchase in last 3 months),Silver,Portland,2022,high,months since last purchase = 6.0 (+2.22 logit); months since any recorded activity = 6.0 (+1.83 logit); transactions/month (3m) = 0.0 (+0.96 logit)
502232,0.9997,1,1,lapsed (no purchase in last 3 months),Silver,Madison,2023,high,months since last purchase = 6.0 (+2.22 logit); months since any recorded activity = 6.0 (+1.83 logit); transactions/month (3m) = 0.0 (+0.96 logit)
501612,0.9997,1,1,lapsed (no purchase in last 3 months),Platinum,Madison,2022,high,months since last purchase = 6.0 (+2.22 logit); months since any recorded activity = 5.0 (+1.48 logit); transactions/month (3m) = 0.0 (+0.96 logit)
500864,0.9997,1,1,lapsed (no purchase in last 3 months),Silver,Boise,2023,high,months since last purchase = 6.0 (+2.22 logit); months since any recorded activity = 6.0 (+1.83 logit); transactions/month (3m) = 0.0 (+0.96 logit)
500866,0.9997,1,1,lapsed (no purchase in last 3 months),Silver,Portland,2021,high,months since last purchase = 6.0 (+2.22 logit); months since any recorded activity = 6.0 (+1.83 logit); transactions/month (3m) = 0.0 (+0.96 logit)
500886,0.9997,1,1,lapsed (no purchase in last 3 months),Silver,Nashville,2022,high,months since last purchase = 6.0 (+2.22 logit); months since any recorded activity = 6.0 (+1.83 logit); transactions/month (3m) = 0.0 (+0.96 logit)
501570,0.9997,1,1,lapsed (no purchase in last 3 months),Gold,Nashville,2022,high,months since last purchase = 6.0 (+2.22 logit); months since any recorded activity = 5.0 (+1.48 logit); transactions/month (3m) = 0.0 (+0.96 logit)
501521,0.9997,1,1,lapsed (no purchase in last 3 months),Silver,Boise,2022,high,months since last purchase = 6.0 (+2.22 logit); months since any recorded activity = 6.0 (+1.83 logit); transactions/month (3m) = 0.0 (+0.96 logit)
501067,0.9997,1,1,lapsed (no purchase in last 3 months),Silver,Tulsa,2023,high,months since last purchase = 6.0 (+2.22 logit); months since any recorded activity = 6.0 (+1.83 logit); transactions/month (3m) = 0.0 (+0.96 logit)
500933,0.9997,1,1,lapsed (no purchase in last 3 months),Silver,Nashville,2021,high,months since last purchase = 6.0 (+2.22 logit); months since any recorded activity = 6.0 (+1.83 logit); transactions/month (3m) = 0.0 (+0.96 logit)
501520,0.9997,1,1,lapsed (no purchase in last 3 months),Silver,Columbus,2022,high,months since last purchase = 6.0 (+2.22 logit); months since any recorded activity = 6.0 (+1.83 logit); transactions/month (3m) = 0.0 (+0.96 logit)
501515,0.9997,1,1,lapsed (no purchase in last 3 months),Silver,Columbus,2021,high,months since last purchase = 6.0 (+2.22 logit); months since any recorded activity = 5.0 (+1.48 logit); transactions/month (3m) = 0.0 (+0.96 logit)
500983,0.9997,1,1,lapsed (no purchase in last 3 months),Silver,Spokane,2023,high,months since last purchase = 6.0 (+2.22 logit); months since any recorded activity = 6.0 (+1.83 logit); transactions/month (3m) = 0.0 (+0.96 logit)
502312,0.9997,1,1,lapsed (no purchase in last 3 months),Platinum,Nashville,2022,high,months since last purchase = 6.0 (+2.22 logit); months since any recorded activity = 6.0 (+1.83 logit); transactions/month (3m) = 0.0 (+0.96 logit)
500991,0.9997,1,1,lapsed (no purchase in last 3 months),Silver,Madison,2021,high,months since last purchase = 6.0 (+2.22 logit); months since any recorded activity = 6.0 (+1.83 logit); transactions/month (3m) = 0.0 (+0.96 logit)
501479,0.9997,1,1,lapsed (no purchase in last 3 months),Silver,Tulsa,2022,high,months since last purchase = 6.0 (+2.22 logit); months since any recorded activity = 6.0 (+1.83 logit); transactions/month (3m) = 0.0 (+0.96 logit)
501478,0.9997,1,1,lapsed (no purchase in last 3 months),Silver,Austin,2021,high,months since last purchase = 6.0 (+2.22 logit); months since any recorded activity = 6.0 (+1.83 logit); transactions/month (3m) = 0.0 (+0.96 logit)
501008,0.9997,1,1,lapsed (no purchase in last 3 months),Silver,Denver,2021,high,months since last purchase = 6.0 (+2.22 logit); months since any recorded activity = 6.0 (+1.83 logit); transactions/month (3m) = 0.0 (+0.96 logit)
502291,0.9997,1,1,lapsed (no purchase in last 3 months),Silver,Spokane,2022,high,months since last purchase = 6.0 (+2.22 logit); months since any recorded activity = 6.0 (+1.83 logit); transactions/month (3m) = 0.0 (+0.96 logit)
501444,0.9997,1,1,lapsed (no purchase in last 3 months),Silver,Boise,2022,high,months since last purchase = 6.0 (+2.22 logit); months since any recorded activity = 5.0 (+1.48 logit); transactions/month (3m) = 0.0 (+0.96 logit)
501636,0.9997,1,1,lapsed (no purchase in last 3 months),Silver,Spokane,2021,high,months since last purchase = 6.0 (+2.22 logit); months since any recorded activity = 6.0 (+1.83 logit); transactions/month (3m) = 0.0 (+0.96 logit)
502303,0.9997,1,1,lapsed (no purchase in last 3 months),Silver,Tulsa,2021,high,months since last purchase = 6.0 (+2.22 logit); months since any recorded activity = 6.0 (+1.83 logit); transactions/month (3m) = 0.0 (+0.96 logit)
502595,0.9997,1,1,lapsed (no purchase in last 3 months),Silver,Columbus,2023,high,months since last purchase = 6.0 (+2.22 logit); months since any recorded activity = 6.0 (+1.83 logit); transactions/month (3m) = 0.0 (+0.96 logit)
500278,0.9997,1,1,lapsed (no purchase in last 3 months),Gold,Columbus,2021,high,months since last purchase = 6.0 (+2.22 logit); months since any recorded activity = 5.0 (+1.48 logit); transactions/month (3m) = 0.0 (+0.96 logit)
500107,0.9997,1,1,lapsed (no purchase in last 3 months),Silver,Portland,2021,high,months since last purchase = 6.0 (+2.22 logit); months since any recorded activity = 6.0 (+1.83 logit); transactions/month (3m) = 0.0 (+0.96 logit)
500036,0.9997,1,1,lapsed (no purchase in last 3 months),Silver,Columbus,2023,high,months since last purchase = 6.0 (+2.22 logit); months since any recorded activity = 6.0 (+1.83 logit); transactions/month (3m) = 0.0 (+0.96 logit)
500034,0.9997,1,1,lapsed (no purchase in last 3 months),Gold,Madison,2021,high,months since last purchase = 6.0 (+2.22 logit); months since any recorded activity = 6.0 (+1.83 logit); transactions/month (3m) = 0.0 (+0.96 logit)
500157,0.9997,1,1,lapsed (no purchase in last 3 months),Gold,Madison,2021,high,months since last purchase = 6.0 (+2.22 logit); months since any recorded activity = 6.0 (+1.83 logit); transactions/month (3m) = 0.0 (+0.96 logit)
500247,0.9997,1,1,lapsed (no purchase in last 3 months),Platinum,Columbus,2022,high,months since last purchase = 6.0 (+2.22 logit); months since any recorded activity = 6.0 (+1.83 logit); transactions/month (3m) = 0.0 (+0.96 logit)
500074,0.9997,1,1,lapsed (no purchase in last 3 months),Gold,Tulsa,2021,high,months since last purchase = 6.0 (+2.22 logit); months since any recorded activity = 6.0 (+1.83 logit); transactions/month (3m) = 0.0 (+0.96 logit)
502545,0.9997,1,1,lapsed (no purchase in last 3 months),Silver,Denver,2022,high,months since last purchase = 6.0 (+2.22 logit); months since any recorded activity = 6.0 (+1.83 logit); transactions/month (3m) = 0.0 (+0.96 logit)
502533,0.9997,1,1,lapsed (no purchase in last 3 months),Platinum,Spokane,2022,high,months since last purchase = 6.0 (+2.22 logit); months since any recorded activity = 6.0 (+1.83 logit); transactions/month (3m) = 0.0 (+0.96 logit)
500281,0.9997,1,1,lapsed (no purchase in last 3 months),Silver,Boise,2021,high,months since last purchase = 6.0 (+2.22 logit); months since any recorded activity = 6.0 (+1.83 logit); transactions/month (3m) = 0.0 (+0.96 logit)
502522,0.9997,1,1,lapsed (no purchase in last 3 months),Silver,Nashville,2023,high,months since last purchase = 6.0 (+2.22 logit); months since any recorded activity = 5.0 (+1.48 logit); transactions/month (3m) = 0.0 (+0.96 logit)
500225,0.9997,1,1,lapsed (no purchase in last 3 months),Gold,Denver,2022,high,months since last purchase = 6.0 (+2.22 logit); months since any recorded activity = 6.0 (+1.83 logit); transactions/month (3m) = 0.0 (+0.96 logit)
502541,0.9997,1,1,lapsed (no purchase in last 3 months),Silver,Nashville,2023,high,months since last purchase = 6.0 (+2.22 logit); months since any recorded activity = 6.0 (+1.83 logit); transactions/month (3m) = 0.0 (+0.96 logit)
500265,0.9997,1,1,lapsed (no purchase in last 3 months),Silver,Boise,2023,high,months since last purchase = 6.0 (+2.22 logit); months since any recorded activity = 6.0 (+1.83 logit); transactions/month (3m) = 0.0 (+0.96 logit)
500511,0.9996,1,1,lapsed (no purchase in last 3 months),Gold,Spokane,2023,high,months since last purchase = 6.0 (+2.22 logit); months since any recorded activity = 6.0 (+1.83 logit); transactions/month (3m) = 0.0 (+0.96 logit)
501495,0.9996,1,1,lapsed (no purchase in last 3 months),Silver,Madison,2021,high,months since last purchase = 6.0 (+2.22 logit); months since any recorded activity = 6.0 (+1.83 logit); transactions/month (3m) = 0.0 (+0.96 logit)
501102,0.9996,1,1,lapsed (no purchase in last 3 months),Silver,Portland,2022,high,months since last purchase = 6.0 (+2.22 logit); months since any recorded activity = 6.0 (+1.83 logit); transactions/month (3m) = 0.0 (+0.96 logit)
500186,0.9996,1,1,lapsed (no purchase in last 3 months),Silver,Austin,2023,high,months since last purchase = 6.0 (+2.22 logit); months since any recorded activity = 6.0 (+1.83 logit); transactions/month (3m) = 0.0 (+0.96 logit)
502174,0.9996,1,1,lapsed (no purchase in last 3 months),Gold,Columbus,2021,high,months since last purchase = 6.0 (+2.22 logit); months since any recorded activity = 6.0 (+1.83 logit); transactions/month (3m) = 0.0 (+0.96 logit)
500759,0.9996,1,1,lapsed (no purchase in last 3 months),Silver,Madison,2023,high,months since last purchase = 6.0 (+2.22 logit); months since any recorded activity = 6.0 (+1.83 logit); transactions/month (3m) = 0.0 (+0.96 logit)
500790,0.9996,1,1,lapsed (no purchase in last 3 months),Gold,Portland,2021,high,months since last purchase = 6.0 (+2.22 logit); months since any recorded activity = 6.0 (+1.83 logit); transactions/month (3m) = 0.0 (+0.96 logit)
500185,0.9996,1,1,lapsed (no purchase in last 3 months),Silver,Raleigh,2021,high,months since last purchase = 6.0 (+2.22 logit); months since any recorded activity = 6.0 (+1.83 logit); transactions/month (3m) = 0.0 (+0.96 logit)
500715,0.9996,1,1,lapsed (no purchase in last 3 months),Gold,Austin,2021,high,months since last purchase = 6.0 (+2.22 logit); months since any recorded activity = 6.0 (+1.83 logit); transactions/month (3m) = 0.0 (+0.96 logit)
500796,0.9996,1,1,lapsed (no purchase in last 3 months),Gold,Austin,2022,high,months since last purchase = 6.0 (+2.22 logit); months since any recorded activity = 6.0 (+1.83 logit); transactions/month (3m) = 0.0 (+0.96 logit)
502365,0.9996,1,1,lapsed (no purchase in last 3 months),Gold,Austin,2022,high,months since last purchase = 6.0 (+2.22 logit); months since any recorded activity = 6.0 (+1.83 logit); transactions/month (3m) = 0.0 (+0.96 logit)
501968,0.9996,1,1,lapsed (no purchase in last 3 months),Gold,Madison,2022,high,months since last purchase = 6.0 (+2.22 logit); months since any recorded activity = 6.0 (+1.83 logit); transactions/month (3m) = 0.0 (+0.96 logit)
501522,0.9996,1,1,lapsed (no purchase in last 3 months),Silver,Portland,2021,high,months since last purchase = 6.0 (+2.22 logit); months since any recorded activity = 6.0 (+1.83 logit); transactions/month (3m) = 0.0 (+0.96 logit)
502059,0.9996,1,1,lapsed (no purchase in last 3 months),Platinum,Raleigh,2022,high,months since last purchase = 6.0 (+2.22 logit); transactions/month (3m) = 0.0 (+0.96 logit); transactions/month (6m) = 0.0 (+0.85 logit)
501941,0.9996,1,1,lapsed (no purchase in last 3 months),Silver,Raleigh,2021,high,months since last purchase = 6.0 (+2.22 logit); months since any recorded activity = 6.0 (+1.83 logit); transactions/month (3m) = 0.0 (+0.96 logit)
501613,0.9996,1,1,lapsed (no purchase in last 3 months),Silver,Spokane,2021,high,months since last purchase = 6.0 (+2.22 logit); months since any recorded activity = 6.0 (+1.83 logit); transactions/month (3m) = 0.0 (+0.96 logit)
500894,0.9996,1,1,lapsed (no purchase in last 3 months),Silver,Boise,2023,high,months since last purchase = 6.0 (+2.22 logit); months since any recorded activity = 6.0 (+1.83 logit); transactions/month (3m) = 0.0 (+0.96 logit)
500211,0.9996,1,1,lapsed (no purchase in last 3 months),Silver,Boise,2022,high,months since last purchase = 6.0 (+2.22 logit); months since any recorded activity = 6.0 (+1.83 logit); transactions/month (3m) = 0.0 (+0.96 logit)
500469,0.9996,1,1,lapsed (no purchase in last 3 months),Gold,Austin,2021,high,months since last purchase = 6.0 (+2.22 logit); months since any recorded activity = 6.0 (+1.83 logit); transactions/month (3m) = 0.0 (+0.96 logit)
500437,0.9996,1,1,lapsed (no purchase in last 3 months),Silver,Boise,2021,high,months since last purchase = 6.0 (+2.22 logit); months since any recorded activity = 6.0 (+1.83 logit); transactions/month (3m) = 0.0 (+0.96 logit)
500436,0.9996,1,1,lapsed (no purchase in last 3 months),Silver,Spokane,2021,high,months since last purchase = 6.0 (+2.22 logit); months since any recorded activity = 6.0 (+1.83 logit); transactions/month (3m) = 0.0 (+0.96 logit)
501582,0.9996,1,1,lapsed (no purchase in last 3 months),Silver,Tulsa,2021,high,months since last purchase = 6.0 (+2.22 logit); months since any recorded activity = 6.0 (+1.83 logit); transactions/month (3m) = 0.0 (+0.96 logit)
500972,0.9996,1,1,lapsed (no purchase in last 3 months),Gold,Spokane,2022,high,months since last purchase = 6.0 (+2.22 logit); months since any recorded activity = 6.0 (+1.83 logit); transactions/month (3m) = 0.0 (+0.96 logit)
500680,0.9996,1,1,lapsed (no purchase in last 3 months),Platinum,Columbus,2021,high,months since last purchase = 6.0 (+2.22 logit); months since any recorded activity = 6.0 (+1.83 logit); transactions/month (3m) = 0.0 (+0.96 logit)
502463,0.9996,1,1,lapsed (no purchase in last 3 months),Gold,Spokane,2023,high,months since last purchase = 6.0 (+2.22 logit); months since any recorded activity = 6.0 (+1.83 logit); transactions/month (3m) = 0.0 (+0.96 logit)
501908,0.9996,1,1,lapsed (no purchase in last 3 months),Gold,Portland,2021,high,months since last purchase = 6.0 (+2.22 logit); months since any recorded activity = 4.0 (+1.13 logit); transactions/month (3m) = 0.0 (+0.96 logit)
500204,0.9996,1,1,lapsed (no purchase in last 3 months),Gold,Portland,2022,high,months since last purchase = 6.0 (+2.22 logit); months since any recorded activity = 6.0 (+1.83 logit); transactions/month (3m) = 0.0 (+0.96 logit)
501034,0.9996,1,1,lapsed (no purchase in last 3 months),Gold,Nashville,2021,high,months since last purchase = 6.0 (+2.22 logit); months since any recorded activity = 6.0 (+1.83 logit); transactions/month (3m) = 0.0 (+0.96 logit)
501905,0.9996,1,1,lapsed (no purchase in last 3 months),Platinum,Nashville,2022,high,months since last purchase = 6.0 (+2.22 logit); months since any recorded activity = 6.0 (+1.83 logit); transactions/month (3m) = 0.0 (+0.96 logit)
500816,0.9996,1,1,lapsed (no purchase in last 3 months),Silver,Nashville,2022,high,months since last purchase = 6.0 (+2.22 logit); months since any recorded activity = 6.0 (+1.83 logit); transactions/month (3m) = 0.0 (+0.96 logit)
500814,0.9996,1,1,lapsed (no purchase in last 3 months),Gold,Nashville,2021,high,months since last purchase = 6.0 (+2.22 logit); months since any recorded activity = 6.0 (+1.83 logit); transactions/month (3m) = 0.0 (+0.96 logit)
500808,0.9996,1,1,lapsed (no purchase in last 3 months),Gold,Denver,2021,high,months since last purchase = 6.0 (+2.22 logit); months since any recorded activity = 6.0 (+1.83 logit); transactions/month (3m) = 0.0 (+0.96 logit)
501477,0.9996,1,1,lapsed (no purchase in last 3 months),Silver,Madison,2021,high,months since last purchase = 6.0 (+2.22 logit); months since any recorded activity = 6.0 (+1.83 logit); transactions/month (3m) = 0.0 (+0.96 logit)
500725,0.9996,1,1,lapsed (no purchase in last 3 months),Silver,Denver,2022,high,months since last purchase = 6.0 (+2.22 logit); months since any recorded activity = 6.0 (+1.83 logit); transactions/month (3m) = 0.0 (+0.96 logit)
502259,0.9996,1,1,lapsed (no purchase in last 3 months),Silver,Raleigh,2022,high,months since last purchase = 6.0 (+2.22 logit); months since any recorded activity = 6.0 (+1.83 logit); transactions/month (3m) = 0.0 (+0.96 logit)
500603,0.9996,1,1,lapsed (no purchase in last 3 months),Silver,Nashville,2023,high,months since last purchase = 6.0 (+2.22 logit); months since any recorded activity = 6.0 (+1.83 logit); transactions/month (3m) = 0.0 (+0.96 logit)
500612,0.9996,1,1,lapsed (no purchase in last 3 months),Platinum,Spokane,2021,high,months since last purchase = 6.0 (+2.22 logit); months since any recorded activity = 6.0 (+1.83 logit); transactions/month (3m) = 0.0 (+0.96 logit)
502447,0.9996,1,1,lapsed (no purchase in last 3 months),Silver,Austin,2023,high,months since last purchase = 6.0 (+2.22 logit); months since any recorded activity = 6.0 (+1.83 logit); transactions/month (3m) = 0.0 (+0.96 logit)
501877,0.9996,1,1,lapsed (no purchase in last 3 months),Gold,Denver,2022,high,months since last purchase = 6.0 (+2.22 logit); months since any recorded activity = 6.0 (+1.83 logit); transactions/month (3m) = 0.0 (+0.96 logit)
501399,0.9996,1,1,lapsed (no purchase in last 3 months),Gold,Austin,2022,high,months since last purchase = 6.0 (+2.22 logit); months since any recorded activity = 6.0 (+1.83 logit); transactions/month (3m) = 0.0 (+0.96 logit)
502246,0.9996,1,1,lapsed (no purchase in last 3 months),Platinum,Tulsa,2021,high,months since last purchase = 6.0 (+2.22 logit); months since any recorded activity = 6.0 (+1.83 logit); transactions/month (3m) = 0.0 (+0.96 logit)
502247,0.9996,1,1,lapsed (no purchase in last 3 months),Platinum,Spokane,2022,high,months since last purchase = 6.0 (+2.22 logit); months since any recorded activity = 6.0 (+1.83 logit); transactions/month (3m) = 0.0 (+0.96 logit)
500649,0.9996,1,1,lapsed (no purchase in last 3 months),Platinum,Boise,2022,high,months since last purchase = 6.0 (+2.22 logit); months since any recorded activity = 6.0 (+1.83 logit); transactions/month (3m) = 0.0 (+0.96 logit)
500365,0.9996,1,1,lapsed (no purchase in last 3 months),Silver,Boise,2022,high,months since last purchase = 6.0 (+2.22 logit); months since any recorded activity = 6.0 (+1.83 logit); transactions/month (3m) = 0.0 (+0.96 logit)
501286,0.9996,1,1,lapsed (no purchase in last 3 months),Silver,Nashville,2023,high,months since last purchase = 6.0 (+2.22 logit); months since any recorded activity = 6.0 (+1.83 logit); transactions/month (3m) = 0.0 (+0.96 logit)
502429,0.9996,1,1,lapsed (no purchase in last 3 months),Gold,Boise,2021,high,months since last purchase = 6.0 (+2.22 logit); months since any recorded activity = 6.0 (+1.83 logit); transactions/month (3m) = 0.0 (+0.96 logit)
501377,0.9996,1,1,lapsed (no purchase in last 3 months),Silver,Nashville,2022,high,months since last purchase = 6.0 (+2.22 logit); months since any recorded activity = 6.0 (+1.83 logit); transactions/month (3m) = 0.0 (+0.96 logit)
501847,0.9996,1,1,lapsed (no purchase in last 3 months),Gold,Spokane,2022,high,months since last purchase = 6.0 (+2.22 logit); months since any recorded activity = 6.0 (+1.83 logit); transactions/month (3m) = 0.0 (+0.96 logit)
501454,0.9996,1,1,lapsed (no purchase in last 3 months),Platinum,Spokane,2023,high,months since last purchase = 6.0 (+2.22 logit); months since any recorded activity = 5.0 (+1.48 logit); transactions/month (3m) = 0.0 (+0.96 logit)
500822,0.9995,1,1,lapsed (no purchase in last 3 months),Silver,Portland,2022,high,months since last purchase = 6.0 (+2.22 logit); months since any recorded activity = 6.0 (+1.83 logit); transactions/month (3m) = 0.0 (+0.96 logit)
500147,0.9995,1,1,lapsed (no purchase in last 3 months),Silver,Portland,2023,high,months since last purchase = 6.0 (+2.22 logit); months since any recorded activity = 6.0 (+1.83 logit); transactions/month (3m) = 0.0 (+0.96 logit)
501902,0.9995,1,1,lapsed (no purchase in last 3 months),Gold,Madison,2022,high,months since last purchase = 6.0 (+2.22 logit); months since any recorded activity = 6.0 (+1.83 logit); transactions/month (3m) = 0.0 (+0.96 logit)
501687,0.9995,1,1,lapsed (no purchase in last 3 months),Silver,Tulsa,2021,high,months since last purchase = 6.0 (+2.22 logit); months since any recorded activity = 4.0 (+1.13 logit); transactions/month (3m) = 0.0 (+0.96 logit)
501293,0.9995,1,1,lapsed (no purchase in last 3 months),Silver,Spokane,2023,high,months since last purchase = 6.0 (+2.22 logit); months since any recorded activity = 6.0 (+1.83 logit); transactions/month (3m) = 0.0 (+0.96 logit)
501296,0.9995,1,1,lapsed (no purchase in last 3 months),Platinum,Tulsa,2022,high,months since last purchase = 6.0 (+2.22 logit); months since any recorded activity = 6.0 (+1.83 logit); transactions/month (3m) = 0.0 (+0.96 logit)
500218,0.9995,1,1,lapsed (no purchase in last 3 months),Silver,Denver,2022,high,months since last purchase = 6.0 (+2.22 logit); months since any recorded activity = 6.0 (+1.83 logit); transactions/month (3m) = 0.0 (+0.96 logit)
501962,0.9995,1,1,lapsed (no purchase in last 3 months),Gold,Tulsa,2022,high,months since last purchase = 6.0 (+2.22 logit); months since any recorded activity = 6.0 (+1.83 logit); transactions/month (3m) = 0.0 (+0.96 logit)
500145,0.9995,1,1,lapsed (no purchase in last 3 months),Gold,Denver,2021,high,months since last purchase = 6.0 (+2.22 logit); months since any recorded activity = 6.0 (+1.83 logit); transactions/month (3m) = 0.0 (+0.96 logit)
501300,0.9995,1,1,lapsed (no purchase in last 3 months),Platinum,Portland,2021,high,months since last purchase = 6.0 (+2.22 logit); months since any recorded activity = 6.0 (+1.83 logit); transactions/month (3m) = 0.0 (+0.96 logit)
502039,0.9995,1,1,lapsed (no purchase in last 3 months),Gold,Austin,2023,high,months since last purchase = 6.0 (+2.22 logit); months since any recorded activity = 5.0 (+1.48 logit); transactions/month (3m) = 0.0 (+0.96 logit)
502032,0.9995,1,1,lapsed (no purchase in last 3 months),Silver,Nashville,2023,high,months since last purchase = 6.0 (+2.22 logit); months since any recorded activity = 6.0 (+1.83 logit); transactions/month (3m) = 0.0 (+0.96 logit)
500272,0.9995,1,1,lapsed (no purchase in last 3 months),Platinum,Nashville,2023,high,months since last purchase = 6.0 (+2.22 logit); months since any recorded activity = 6.0 (+1.83 logit); transactions/month (3m) = 0.0 (+0.96 logit)
502426,0.9995,1,1,lapsed (no purchase in last 3 months),Silver,Denver,2022,high,months since last purchase = 6.0 (+2.22 logit); months since any recorded activity = 5.0 (+1.48 logit); transactions/month (3m) = 0.0 (+0.96 logit)
502222,0.9995,1,1,lapsed (no purchase in last 3 months),Silver,Spokane,2023,high,months since last purchase = 6.0 (+2.22 logit); months since any recorded activity = 6.0 (+1.83 logit); transactions/month (3m) = 0.0 (+0.96 logit)
501065,0.9995,1,1,lapsed (no purchase in last 3 months),Platinum,Tulsa,2022,high,months since last purchase = 6.0 (+2.22 logit); months since any recorded activity = 6.0 (+1.83 logit); transactions/month (3m) = 0.0 (+0.96 logit)
500086,0.9995,1,1,lapsed (no purchase in last 3 months),Silver,Tulsa,2022,high,months since last purchase = 6.0 (+2.22 logit); months since any recorded activity = 6.0 (+1.83 logit); transactions/month (3m) = 0.0 (+0.96 logit)
502556,0.9995,1,1,lapsed (no purchase in last 3 months),Silver,Portland,2023,high,months since last purchase = 6.0 (+2.22 logit); months since any recorded activity = 5.0 (+1.48 logit); transactions/month (3m) = 0.0 (+0.96 logit)
500860,0.9995,1,1,lapsed (no purchase in last 3 months),Silver,Madison,2022,high,months since last purchase = 6.0 (+2.22 logit); months since any recorded activity = 6.0 (+1.83 logit); transactions/month (3m) = 0.0 (+0.96 logit)
501385,0.9995,1,1,lapsed (no purchase in last 3 months),Silver,Tulsa,2022,high,months since last purchase = 6.0 (+2.22 logit); months since any recorded activity = 6.0 (+1.83 logit); transactions/month (3m) = 0.0 (+0.96 logit)
502508,0.9995,1,1,lapsed (no purchase in last 3 months),Silver,Tulsa,2021,high,months since last purchase = 6.0 (+2.22 logit); months since any recorded activity = 6.0 (+1.83 logit); transactions/month (3m) = 0.0 (+0.96 logit)
502425,0.9995,1,1,lapsed (no purchase in last 3 months),Gold,Raleigh,2021,high,months since last purchase = 6.0 (+2.22 logit); months since any recorded activity = 6.0 (+1.83 logit); transactions/month (3m) = 0.0 (+0.96 logit)
500694,0.9995,1,1,lapsed (no purchase in last 3 months),Silver,Portland,2021,high,months since last purchase = 6.0 (+2.22 logit); months since any recorded activity = 6.0 (+1.83 logit); transactions/month (3m) = 0.0 (+0.96 logit)
501097,0.9995,1,1,lapsed (no purchase in last 3 months),Silver,Spokane,2023,high,months since last purchase = 6.0 (+2.22 logit); months since any recorded activity = 6.0 (+1.83 logit); transactions/month (3m) = 0.0 (+0.96 logit)
501473,0.9995,1,1,lapsed (no purchase in last 3 months),Silver,Tulsa,2021,high,months since last purchase = 6.0 (+2.22 logit); months since any recorded activity = 6.0 (+1.83 logit); transactions/month (3m) = 0.0 (+0.96 logit)
501142,0.9995,1,1,lapsed (no purchase in last 3 months),Platinum,Tulsa,2021,high,months since last purchase = 6.0 (+2.22 logit); months since any recorded activity = 6.0 (+1.83 logit); transactions/month (3m) = 0.0 (+0.96 logit)
501989,0.9995,1,1,lapsed (no purchase in last 3 months),Silver,Tulsa,2021,high,months since last purchase = 6.0 (+2.22 logit); months since any recorded activity = 6.0 (+1.83 logit); transactions/month (3m) = 0.0 (+0.96 logit)
501445,0.9995,1,1,lapsed (no purchase in last 3 months),Gold,Tulsa,2021,high,months since last purchase = 6.0 (+2.22 logit); months since any recorded activity = 6.0 (+1.83 logit); transactions/month (3m) = 0.0 (+0.96 logit)
501749,0.9995,1,1,lapsed (no purchase in last 3 months),Gold,Portland,2022,high,months since last purchase = 6.0 (+2.22 logit); months since any recorded activity = 6.0 (+1.83 logit); transactions/month (3m) = 0.0 (+0.96 logit)
502107,0.9995,1,1,lapsed (no purchase in last 3 months),Silver,Denver,2022,high,months since last purchase = 6.0 (+2.22 logit); months since any recorded activity = 6.0 (+1.83 logit); transactions/month (3m) = 0.0 (+0.96 logit)
501066,0.9995,1,1,lapsed (no purchase in last 3 months),Silver,Austin,2021,high,months since last purchase = 6.0 (+2.22 logit); months since any recorded activity = 6.0 (+1.83 logit); transactions/month (3m) = 0.0 (+0.96 logit)
500125,0.9995,1,1,lapsed (no purchase in last 3 months),Silver,Nashville,2022,high,months since last purchase = 6.0 (+2.22 logit); months since any recorded activity = 5.0 (+1.48 logit); transactions/month (3m) = 0.0 (+0.96 logit)
501622,0.9995,1,1,lapsed (no purchase in last 3 months),Gold,Boise,2021,high,months since last purchase = 6.0 (+2.22 logit); months since any recorded activity = 6.0 (+1.83 logit); transactions/month (3m) = 0.0 (+0.96 logit)
502597,0.9995,1,1,lapsed (no purchase in last 3 months),Silver,Austin,2021,high,months since last purchase = 6.0 (+2.22 logit); months since any recorded activity = 6.0 (+1.83 logit); transactions/month (3m) = 0.0 (+0.96 logit)
501069,0.9995,1,1,lapsed (no purchase in last 3 months),Silver,Denver,2022,high,months since last purchase = 6.0 (+2.22 logit); months since any recorded activity = 6.0 (+1.83 logit); transactions/month (3m) = 0.0 (+0.96 logit)
502166,0.9995,1,1,lapsed (no purchase in last 3 months),Gold,Austin,2021,high,months since last purchase = 6.0 (+2.22 logit); months since any recorded activity = 6.0 (+1.83 logit); transactions/month (3m) = 0.0 (+0.96 logit)
501894,0.9995,1,1,lapsed (no purchase in last 3 months),Silver,Tulsa,2023,high,months since last purchase = 6.0 (+2.22 logit); months since any recorded activity = 6.0 (+1.83 logit); transactions/month (3m) = 0.0 (+0.96 logit)
501972,0.9995,1,1,lapsed (no purchase in last 3 months),Silver,Spokane,2023,high,months since last purchase = 6.0 (+2.22 logit); months since any recorded activity = 5.0 (+1.48 logit); transactions/month (3m) = 0.0 (+0.96 logit)
500151,0.9995,1,1,lapsed (no purchase in last 3 months),Gold,Tulsa,2022,high,months since last purchase = 6.0 (+2.22 logit); months since any recorded activity = 4.0 (+1.13 logit); transactions/month (3m) = 0.0 (+0.96 logit)
501811,0.9994,1,1,lapsed (no purchase in last 3 months),Gold,Madison,2022,high,months since last purchase = 6.0 (+2.22 logit); months since any recorded activity = 6.0 (+1.83 logit); transactions/month (3m) = 0.0 (+0.96 logit)
501762,0.9994,1,1,lapsed (no purchase in last 3 months),Platinum,Boise,2023,high,months since last purchase = 6.0 (+2.22 logit); months since any recorded activity = 6.0 (+1.83 logit); transactions/month (3m) = 0.0 (+0.96 logit)
500254,0.9994,1,1,lapsed (no purchase in last 3 months),Gold,Nashville,2022,high,months since last purchase = 6.0 (+2.22 logit); months since any recorded activity = 6.0 (+1.83 logit); transactions/month (3m) = 0.0 (+0.96 logit)
501895,0.9994,1,1,lapsed (no purchase in last 3 months),Silver,Raleigh,2021,high,months since last purchase = 6.0 (+2.22 logit); months since any recorded activity = 5.0 (+1.48 logit); transactions/month (3m) = 0.0 (+0.96 logit)
502434,0.9994,1,1,lapsed (no purchase in last 3 months),Silver,Portland,2023,high,months since last purchase = 6.0 (+2.22 logit); months since any recorded activity = 6.0 (+1.83 logit); transactions/month (3m) = 0.0 (+0.96 logit)
501802,0.9994,1,1,lapsed (no purchase in last 3 months),Platinum,Portland,2022,high,months since last purchase = 6.0 (+2.22 logit); months since any recorded activity = 6.0 (+1.83 logit); transactions/month (3m) = 0.0 (+0.96 logit)
500654,0.9994,1,1,lapsed (no purchase in last 3 months),Silver,Austin,2023,high,months since last purchase = 6.0 (+2.22 logit); months since any recorded activity = 6.0 (+1.83 logit); transactions/month (3m) = 0.0 (+0.96 logit)
501656,0.9994,1,1,lapsed (no purchase in last 3 months),Gold,Boise,2022,high,months since last purchase = 6.0 (+2.22 logit); months since any recorded activity = 6.0 (+1.83 logit); transactions/month (3m) = 0.0 (+0.96 logit)
500451,0.9994,1,1,lapsed (no purchase in last 3 months),Gold,Portland,2022,high,months since last purchase = 6.0 (+2.22 logit); months since any recorded activity = 6.0 (+1.83 logit); transactions/month (3m) = 0.0 (+0.96 logit)
500723,0.9994,1,1,lapsed (no purchase in last 3 months),Platinum,Denver,2021,high,months since last purchase = 6.0 (+2.22 logit); months since any recorded activity = 6.0 (+1.83 logit); transactions/month (3m) = 0.0 (+0.96 logit)
502063,0.9994,1,1,lapsed (no purchase in last 3 months),Gold,Spokane,2023,high,months since last purchase = 6.0 (+2.22 logit); months since any recorded activity = 5.0 (+1.48 logit); transactions/month (3m) = 0.0 (+0.96 logit)
502586,0.9994,1,1,lapsed (no purchase in last 3 months),Silver,Austin,2023,high,months since last purchase = 6.0 (+2.22 logit); months since any recorded activity = 6.0 (+1.83 logit); transactions/month (3m) = 0.0 (+0.96 logit)
500607,0.9994,1,1,lapsed (no purchase in last 3 months),Gold,Tulsa,2023,high,months since last purchase = 6.0 (+2.22 logit); months since any recorded activity = 6.0 (+1.83 logit); transactions/month (3m) = 0.0 (+0.96 logit)
502068,0.9994,1,1,lapsed (no purchase in last 3 months),Gold,Denver,2022,high,months since last purchase = 6.0 (+2.22 logit); months since any recorded activity = 6.0 (+1.83 logit); transactions/month (3m) = 0.0 (+0.96 logit)
502108,0.9994,1,1,lapsed (no purchase in last 3 months),Platinum,Nashville,2021,high,months since last purchase = 6.0 (+2.22 logit); months since any recorded activity = 6.0 (+1.83 logit); transactions/month (3m) = 0.0 (+0.96 logit)
501659,0.9994,1,1,lapsed (no purchase in last 3 months),Platinum,Denver,2021,high,months since last purchase = 6.0 (+2.22 logit); months since any recorded activity = 6.0 (+1.83 logit); transactions/month (3m) = 0.0 (+0.96 logit)
502368,0.9994,1,1,lapsed (no purchase in last 3 months),Gold,Boise,2021,high,months since last purchase = 6.0 (+2.22 logit); months since any recorded activity = 6.0 (+1.83 logit); transactions/month (3m) = 0.0 (+0.96 logit)
501681,0.9994,1,1,lapsed (no purchase in last 3 months),Gold,Boise,2022,high,months since last purchase = 6.0 (+2.22 logit); months since any recorded activity = 6.0 (+1.83 logit); transactions/month (3m) = 0.0 (+0.96 logit)
500641,0.9994,1,1,lapsed (no purchase in last 3 months),Gold,Boise,2021,high,months since last purchase = 6.0 (+2.22 logit); months since any recorded activity = 6.0 (+1.83 logit); transactions/month (3m) = 0.0 (+0.96 logit)
500962,0.9994,1,1,lapsed (no purchase in last 3 months),Gold,Madison,2023,high,months since last purchase = 6.0 (+2.22 logit); months since any recorded activity = 6.0 (+1.83 logit); transactions/month (3m) = 0.0 (+0.96 logit)
501506,0.9994,1,1,lapsed (no purchase in last 3 months),Silver,Tulsa,2021,high,months since last purchase = 6.0 (+2.22 logit); months since any recorded activity = 6.0 (+1.83 logit); transactions/month (3m) = 0.0 (+0.96 logit)
501981,0.9994,1,1,lapsed (no purchase in last 3 months),Silver,Madison,2021,high,months since last purchase = 6.0 (+2.22 logit); months since any recorded activity = 6.0 (+1.83 logit); transactions/month (3m) = 0.0 (+0.96 logit)
502267,0.9994,1,1,lapsed (no purchase in last 3 months),Gold,Boise,2022,high,months since last purchase = 6.0 (+2.22 logit); months since any recorded activity = 6.0 (+1.83 logit); transactions/month (3m) = 0.0 (+0.96 logit)
501165,0.9994,1,1,lapsed (no purchase in last 3 months),Silver,Boise,2021,high,months since last purchase = 6.0 (+2.22 logit); months since any recorded activity = 6.0 (+1.83 logit); transactions/month (3m) = 0.0 (+0.96 logit)
501118,0.9994,1,1,lapsed (no purchase in last 3 months),Gold,Portland,2022,high,months since last purchase = 6.0 (+2.22 logit); months since any recorded activity = 6.0 (+1.83 logit); transactions/month (3m) = 0.0 (+0.96 logit)
501117,0.9994,1,1,lapsed (no purchase in last 3 months),Gold,Madison,2023,high,months since last purchase = 6.0 (+2.22 logit); months since any recorded activity = 6.0 (+1.83 logit); transactions/month (3m) = 0.0 (+0.96 logit)
501112,0.9994,1,1,lapsed (no purchase in last 3 months),Silver,Portland,2022,high,months since last purchase = 6.0 (+2.22 logit); months since any recorded activity = 6.0 (+1.83 logit); transactions/month (3m) = 0.0 (+0.96 logit)
501423,0.9994,1,1,lapsed (no purchase in last 3 months),Gold,Spokane,2022,high,months since last purchase = 6.0 (+2.22 logit); months since any recorded activity = 6.0 (+1.83 logit); transactions/month (3m) = 0.0 (+0.96 logit)
501260,0.9994,1,1,lapsed (no purchase in last 3 months),Silver,Tulsa,2022,high,months since last purchase = 6.0 (+2.22 logit); months since any recorded activity = 6.0 (+1.83 logit); transactions/month (3m) = 0.0 (+0.96 logit)
500354,0.9994,1,1,lapsed (no purchase in last 3 months),Platinum,Spokane,2021,high,months since last purchase = 6.0 (+2.22 logit); months since any recorded activity = 6.0 (+1.83 logit); transactions/month (3m) = 0.0 (+0.96 logit)
501107,0.9994,1,1,lapsed (no purchase in last 3 months),Silver,Nashville,2021,high,months since last purchase = 6.0 (+2.22 logit); months since any recorded activity = 6.0 (+1.83 logit); transactions/month (3m) = 0.0 (+0.96 logit)
500196,0.9994,1,1,lapsed (no purchase in last 3 months),Silver,Raleigh,2022,high,months since last purchase = 6.0 (+2.22 logit); months since any recorded activity = 6.0 (+1.83 logit); transactions/month (3m) = 0.0 (+0.96 logit)
502163,0.9994,1,1,lapsed (no purchase in last 3 months),Silver,Madison,2021,high,months since last purchase = 6.0 (+2.22 logit); months since any recorded activity = 6.0 (+1.83 logit); transactions/month (3m) = 0.0 (+0.96 logit)
500348,0.9994,1,1,lapsed (no purchase in last 3 months),Silver,Madison,2022,high,months since last purchase = 6.0 (+2.22 logit); months since any recorded activity = 6.0 (+1.83 logit); transactions/month (3m) = 0.0 (+0.96 logit)
501397,0.9994,1,1,lapsed (no purchase in last 3 months),Silver,Boise,2022,high,months since last purchase = 6.0 (+2.22 logit); months since any recorded activity = 6.0 (+1.83 logit); transactions/month (3m) = 0.0 (+0.96 logit)
502202,0.9994,1,1,lapsed (no purchase in last 3 months),Silver,Boise,2022,high,months since last purchase = 6.0 (+2.22 logit); months since any recorded activity = 6.0 (+1.83 logit); transactions/month (3m) = 0.0 (+0.96 logit)
501384,0.9994,1,1,lapsed (no purchase in last 3 months),Gold,Raleigh,2022,high,months since last purchase = 6.0 (+2.22 logit); months since any recorded activity = 6.0 (+1.83 logit); transactions/month (3m) = 0.0 (+0.96 logit)
501615,0.9994,1,1,lapsed (no purchase in last 3 months),Gold,Denver,2021,high,months since last purchase = 6.0 (+2.22 logit); months since any recorded activity = 6.0 (+1.83 logit); transactions/month (3m) = 0.0 (+0.96 logit)
501971,0.9994,1,1,lapsed (no purchase in last 3 months),Silver,Madison,2021,high,months since last purchase = 6.0 (+2.22 logit); months since any recorded activity = 6.0 (+1.83 logit); transactions/month (3m) = 0.0 (+0.96 logit)
500101,0.9994,1,1,lapsed (no purchase in last 3 months),Gold,Portland,2022,high,months since last purchase = 6.0 (+2.22 logit); months since any recorded activity = 6.0 (+1.83 logit); transactions/month (3m) = 0.0 (+0.96 logit)
500719,0.9993,1,1,lapsed (no purchase in last 3 months),Silver,Boise,2021,high,months since last purchase = 6.0 (+2.22 logit); months since any recorded activity = 6.0 (+1.83 logit); transactions/month (3m) = 0.0 (+0.96 logit)
500750,0.9993,1,1,lapsed (no purchase in last 3 months),Gold,Boise,2023,high,months since last purchase = 6.0 (+2.22 logit); months since any recorded activity = 6.0 (+1.83 logit); transactions/month (3m) = 0.0 (+0.96 logit)
501116,0.9993,1,1,lapsed (no purchase in last 3 months),Gold,Austin,2022,high,months since last purchase = 6.0 (+2.22 logit); months since any recorded activity = 6.0 (+1.83 logit); transactions/month (3m) = 0.0 (+0.96 logit)
500401,0.9993,1,1,lapsed (no purchase in last 3 months),Gold,Nashville,2021,high,months since last purchase = 6.0 (+2.22 logit); months since any recorded activity = 6.0 (+1.83 logit); transactions/month (3m) = 0.0 (+0.96 logit)
502113,0.9993,1,1,lapsed (no purchase in last 3 months),Silver,Denver,2022,high,months since last purchase = 6.0 (+2.22 logit); months since any recorded activity = 6.0 (+1.83 logit); transactions/month (3m) = 0.0 (+0.96 logit)
501175,0.9993,1,1,lapsed (no purchase in last 3 months),Gold,Austin,2022,high,months since last purchase = 6.0 (+2.22 logit); months since any recorded activity = 6.0 (+1.83 logit); transactions/month (3m) = 0.0 (+0.96 logit)
501121,0.9993,1,1,lapsed (no purchase in last 3 months),Platinum,Boise,2022,high,months since last purchase = 6.0 (+2.22 logit); months since any recorded activity = 5.0 (+1.48 logit); transactions/month (3m) = 0.0 (+0.96 logit)
500689,0.9993,1,1,lapsed (no purchase in last 3 months),Gold,Denver,2022,high,months since last purchase = 6.0 (+2.22 logit); months since any recorded activity = 6.0 (+1.83 logit); transactions/month (3m) = 0.0 (+0.96 logit)
500109,0.9993,1,1,lapsed (no purchase in last 3 months),Silver,Nashville,2022,high,months since last purchase = 6.0 (+2.22 logit); months since any recorded activity = 6.0 (+1.83 logit); transactions/month (3m) = 0.0 (+0.96 logit)
502186,0.9993,1,1,lapsed (no purchase in last 3 months),Silver,Raleigh,2022,high,months since last purchase = 6.0 (+2.22 logit); months since any recorded activity = 6.0 (+1.83 logit); transactions/month (3m) = 0.0 (+0.96 logit)
502252,0.9993,1,1,lapsed (no purchase in last 3 months),Gold,Nashville,2021,high,months since last purchase = 6.0 (+2.22 logit); months since any recorded activity = 6.0 (+1.83 logit); transactions/month (3m) = 0.0 (+0.96 logit)
502199,0.9993,1,1,lapsed (no purchase in last 3 months),Silver,Tulsa,2023,high,months since last purchase = 6.0 (+2.22 logit); months since any recorded activity = 6.0 (+1.83 logit); transactions/month (3m) = 0.0 (+0.96 logit)
500628,0.9993,1,1,lapsed (no purchase in last 3 months),Platinum,Portland,2022,high,months since last purchase = 6.0 (+2.22 logit); months since any recorded activity = 6.0 (+1.83 logit); transactions/month (3m) = 0.0 (+0.96 logit)
501824,0.9993,1,1,lapsed (no purchase in last 3 months),Silver,Spokane,2023,high,months since last purchase = 6.0 (+2.22 logit); months since any recorded activity = 5.0 (+1.48 logit); transactions/month (3m) = 0.0 (+0.96 logit)
502013,0.9993,1,1,lapsed (no purchase in last 3 months),Gold,Denver,2022,high,months since last purchase = 6.0 (+2.22 logit); months since any recorded activity = 4.0 (+1.13 logit); transactions/month (3m) = 0.0 (+0.96 logit)
501318,0.9993,1,1,lapsed (no purchase in last 3 months),Silver,Madison,2022,high,months since last purchase = 6.0 (+2.22 logit); months since any recorded activity = 5.0 (+1.48 logit); transactions/month (3m) = 0.0 (+0.96 logit)
501383,0.9993,1,1,lapsed (no purchase in last 3 months),Silver,Austin,2022,high,months since last purchase = 6.0 (+2.22 logit); months since any recorded activity = 6.0 (+1.83 logit); transactions/month (3m) = 0.0 (+0.96 logit)
500137,0.9993,1,1,lapsed (no purchase in last 3 months),Silver,Denver,2021,high,months since last purchase = 6.0 (+2.22 logit); months since any recorded activity = 6.0 (+1.83 logit); transactions/month (3m) = 0.0 (+0.96 logit)
501363,0.9993,1,1,lapsed (no purchase in last 3 months),Silver,Tulsa,2021,high,months since last purchase = 6.0 (+2.22 logit); months since any recorded activity = 5.0 (+1.48 logit); transactions/month (3m) = 0.0 (+0.96 logit)
501706,0.9993,1,1,lapsed (no purchase in last 3 months),Silver,Tulsa,2023,high,months since last purchase = 6.0 (+2.22 logit); months since any recorded activity = 6.0 (+1.83 logit); transactions/month (3m) = 0.0 (+0.96 logit)
500569,0.9993,1,1,lapsed (no purchase in last 3 months),Gold,Boise,2023,high,months since last purchase = 6.0 (+2.22 logit); months since any recorded activity = 6.0 (+1.83 logit); transactions/month (3m) = 0.0 (+0.96 logit)
501052,0.9993,1,1,lapsed (no purchase in last 3 months),Silver,Raleigh,2021,high,months since last purchase = 6.0 (+2.22 logit); months since any recorded activity = 6.0 (+1.83 logit); transactions/month (3m) = 0.0 (+0.96 logit)
500431,0.9993,1,1,lapsed (no purchase in last 3 months),Silver,Portland,2021,high,months since last purchase = 6.0 (+2.22 logit); months since any recorded activity = 6.0 (+1.83 logit); transactions/month (3m) = 0.0 (+0.96 logit)
500409,0.9993,1,1,lapsed (no purchase in last 3 months),Gold,Portland,2022,high,months since last purchase = 6.0 (+2.22 logit); months since any recorded activity = 6.0 (+1.83 logit); transactions/month (3m) = 0.0 (+0.96 logit)
500918,0.9993,1,1,lapsed (no purchase in last 3 months),Platinum,Raleigh,2022,high,months since last purchase = 6.0 (+2.22 logit); months since any recorded activity = 4.0 (+1.13 logit); transactions/month (3m) = 0.0 (+0.96 logit)
500902,0.9993,1,1,lapsed (no purchase in last 3 months),Platinum,Madison,2023,high,months since last purchase = 6.0 (+2.22 logit); months since any recorded activity = 6.0 (+1.83 logit); transactions/month (3m) = 0.0 (+0.96 logit)
500948,0.9993,1,1,lapsed (no purchase in last 3 months),Platinum,Austin,2021,high,months since last purchase = 6.0 (+2.22 logit); months since any recorded activity = 4.0 (+1.13 logit); transactions/month (3m) = 0.0 (+0.96 logit)
500459,0.9993,1,1,lapsed (no purchase in last 3 months),Silver,Madison,2021,high,months since last purchase = 6.0 (+2.22 logit); months since any recorded activity = 5.0 (+1.48 logit); transactions/month (3m) = 0.0 (+0.96 logit)
500987,0.9993,1,1,lapsed (no purchase in last 3 months),Gold,Madison,2021,high,months since last purchase = 6.0 (+2.22 logit); months since any recorded activity = 6.0 (+1.83 logit); transactions/month (3m) = 0.0 (+0.96 logit)
500897,0.9993,1,1,lapsed (no purchase in last 3 months),Silver,Columbus,2021,high,months since last purchase = 6.0 (+2.22 logit); months since any recorded activity = 4.0 (+1.13 logit); transactions/month (3m) = 0.0 (+0.96 logit)
500944,0.9993,1,1,lapsed (no purchase in last 3 months),Silver,Austin,2021,high,months since last purchase = 6.0 (+2.22 logit); months since any recorded activity = 6.0 (+1.83 logit); transactions/month (3m) = 0.0 (+0.96 logit)
501558,0.9993,1,1,lapsed (no purchase in last 3 months),Silver,Nashville,2023,high,months since last purchase = 6.0 (+2.22 logit); months since any recorded activity = 6.0 (+1.83 logit); transactions/month (3m) = 0.0 (+0.96 logit)
502156,0.9992,1,1,lapsed (no purchase in last 3 months),Silver,Madison,2022,high,months since last purchase = 6.0 (+2.22 logit); months since any recorded activity = 5.0 (+1.48 logit); transactions/month (3m) = 0.0 (+0.96 logit)
500152,0.9992,1,1,lapsed (no purchase in last 3 months),Gold,Nashville,2021,high,months since last purchase = 6.0 (+2.22 logit); months since any recorded activity = 5.0 (+1.48 logit); transactions/month (3m) = 0.0 (+0.96 logit)
500445,0.9992,1,1,lapsed (no purchase in last 3 months),Gold,Tulsa,2021,high,months since last purchase = 6.0 (+2.22 logit); months since any recorded activity = 6.0 (+1.83 logit); transactions/month (3m) = 0.0 (+0.96 logit)
502091,0.9992,1,1,lapsed (no purchase in last 3 months),Silver,Boise,2021,high,months since last purchase = 6.0 (+2.22 logit); months since any recorded activity = 6.0 (+1.83 logit); transactions/month (3m) = 0.0 (+0.96 logit)
500207,0.9992,1,1,lapsed (no purchase in last 3 months),Gold,Tulsa,2021,high,months since last purchase = 6.0 (+2.22 logit); months since any recorded activity = 6.0 (+1.83 logit); transactions/month (3m) = 0.0 (+0.96 logit)
500395,0.9992,1,1,lapsed (no purchase in last 3 months),Silver,Boise,2022,high,months since last purchase = 6.0 (+2.22 logit); months since any recorded activity = 5.0 (+1.48 logit); transactions/month (3m) = 0.0 (+0.96 logit)
500197,0.9992,1,1,lapsed (no purchase in last 3 months),Gold,Tulsa,2021,high,months since last purchase = 6.0 (+2.22 logit); months since any recorded activity = 6.0 (+1.83 logit); transactions/month (3m) = 0.0 (+0.96 logit)
500874,0.9991,1,1,lapsed (no purchase in last 3 months),Gold,Boise,2022,high,months since last purchase = 6.0 (+2.22 logit); months since any recorded activity = 6.0 (+1.83 logit); transactions/month (3m) = 0.0 (+0.96 logit)
500249,0.9991,1,1,lapsed (no purchase in last 3 months),Gold,Boise,2021,high,months since last purchase = 6.0 (+2.22 logit); months since any recorded activity = 6.0 (+1.83 logit); transactions/month (3m) = 0.0 (+0.96 logit)
501583,0.9991,1,1,lapsed (no purchase in last 3 months),Gold,Portland,2022,high,support tickets/month (3m) = 1.0 (+1.99 logit); transaction trend (3m vs prior 3m) = -3.3 (+1.16 logit); transactions/month (3m) = 0.0 (+0.96 logit)
501413,0.9991,1,1,lapsed (no purchase in last 3 months),Gold,Portland,2021,high,months since last purchase = 6.0 (+2.22 logit); months since any recorded activity = 6.0 (+1.83 logit); transactions/month (3m) = 0.0 (+0.96 logit)
501974,0.9991,1,1,lapsed (no purchase in last 3 months),Silver,Portland,2022,high,months since last purchase = 6.0 (+2.22 logit); months since any recorded activity = 6.0 (+1.83 logit); transactions/month (3m) = 0.0 (+0.96 logit)
500971,0.9991,1,1,lapsed (no purchase in last 3 months),Gold,Portland,2021,high,months since last purchase = 6.0 (+2.22 logit); months since any recorded activity = 6.0 (+1.83 logit); transactions/month (3m) = 0.0 (+0.96 logit)
502540,0.999,1,1,lapsed (no purchase in last 3 months),Silver,Boise,2022,high,months since last purchase = 6.0 (+2.22 logit); months since any recorded activity = 6.0 (+1.83 logit); transactions/month (3m) = 0.0 (+0.96 logit)
501406,0.999,1,1,lapsed (no purchase in last 3 months),Gold,Boise,2021,high,months since last purchase = 6.0 (+2.22 logit); months since any recorded activity = 6.0 (+1.83 logit); transactions/month (3m) = 0.0 (+0.96 logit)
500893,0.9989,1,1,lapsed (no purchase in last 3 months),Silver,Madison,2021,high,support tickets/month (3m) = 1.0 (+1.99 logit); months since last purchase = 4.0 (+1.34 logit); transactions/month (3m) = 0.0 (+0.96 logit)
501374,0.9989,1,1,lapsed (no purchase in last 3 months),Silver,Portland,2021,high,months since last purchase = 6.0 (+2.22 logit); months since any recorded activity = 6.0 (+1.83 logit); transactions/month (3m) = 0.0 (+0.96 logit)
502341,0.9989,1,1,lapsed (no purchase in last 3 months),Gold,Denver,2023,high,months since last purchase = 6.0 (+2.22 logit); months since any recorded activity = 5.0 (+1.48 logit); transactions/month (3m) = 0.0 (+0.96 logit)
500116,0.9989,1,1,lapsed (no purchase in last 3 months),Silver,Raleigh,2023,high,months since last purchase = 6.0 (+2.22 logit); transactions/month (3m) = 0.0 (+0.96 logit); transactions/month (6m) = 0.0 (+0.85 logit)
501663,0.9989,1,1,lapsed (no purchase in last 3 months),Gold,Boise,2022,high,months since last purchase = 6.0 (+2.22 logit); months since any recorded activity = 6.0 (+1.83 logit); transactions/month (3m) = 0.0 (+0.96 logit)
500702,0.9982,1,1,lapsed (no purchase in last 3 months),Silver,Boise,2022,high,months since last purchase = 5.0 (+1.78 logit); months since any recorded activity = 4.0 (+1.13 logit); transactions/month (3m) = 0.0 (+0.96 logit)
500290,0.9981,1,1,lapsed (no purchase in last 3 months),Silver,Columbus,2021,high,months since last purchase = 5.0 (+1.78 logit); months since any recorded activity = 5.0 (+1.48 logit); transactions/month (3m) = 0.0 (+0.96 logit)
500478,0.9981,1,1,lapsed (no purchase in last 3 months),Silver,Austin,2021,high,months since last purchase = 5.0 (+1.78 logit); months since any recorded activity = 5.0 (+1.48 logit); transactions/month (3m) = 0.0 (+0.96 logit)
502373,0.998,1,1,active (bought in last 3 months),Silver,Spokane,2021,high,support tickets/month (3m) = 1.3 (+2.75 logit); transaction trend (3m vs prior 3m) = -6.3 (+2.33 logit); transactions/month (3m) = 1.0 (+0.68 logit)
501335,0.9979,1,1,active (bought in last 3 months),Silver,Columbus,2021,high,support tickets/month (3m) = 1.5 (+3.13 logit); transaction trend (3m vs prior 3m) = -4.5 (+1.61 logit); transactions/month (3m) = 0.5 (+0.82 logit)
500302,0.9979,1,1,lapsed (no purchase in last 3 months),Silver,Austin,2023,high,months since last purchase = 4.0 (+1.34 logit); transaction trend (3m vs prior 3m) = -3.7 (+1.29 logit); transactions/month (3m) = 0.0 (+0.96 logit)
501058,0.9977,1,1,lapsed (no purchase in last 3 months),Silver,Austin,2023,high,months since last purchase = 5.0 (+1.78 logit); months since any recorded activity = 4.0 (+1.13 logit); transactions/month (3m) = 0.0 (+0.96 logit)
502125,0.9977,1,1,lapsed (no purchase in last 3 months),Silver,Raleigh,2023,high,transactions/month (3m) = 0.0 (+0.96 logit); months since last purchase = 3.0 (+0.90 logit); months since any recorded activity = 3.0 (+0.78 logit)
501947,0.9977,1,1,lapsed (no purchase in last 3 months),Silver,Spokane,2023,high,months since last purchase = 4.0 (+1.34 logit); transactions/month (3m) = 0.0 (+0.96 logit); app session trend = -2.7 (+0.88 logit)
502197,0.9976,1,1,lapsed (no purchase in last 3 months),Platinum,Raleigh,2021,high,transaction trend (3m vs prior 3m) = -4.0 (+1.42 logit); support tickets/month (3m) = 0.7 (+1.23 logit); transactions/month (3m) = 0.0 (+0.96 logit)
502058,0.9975,1,1,lapsed (no purchase in last 3 months),Gold,Portland,2022,high,months since last purchase = 5.0 (+1.78 logit); months since any recorded activity = 5.0 (+1.48 logit); transactions/month (3m) = 0.0 (+0.96 logit)
500762,0.9975,1,1,lapsed (no purchase in last 3 months),Gold,Madison,2022,high,months since last purchase = 5.0 (+1.78 logit); months since any recorded activity = 4.0 (+1.13 logit); transactions/month (3m) = 0.0 (+0.96 logit)
501837,0.9974,1,1,lapsed (no purchase in last 3 months),Silver,Raleigh,2023,high,months since last purchase = 5.0 (+1.78 logit); months since any recorded activity = 4.0 (+1.13 logit); transactions/month (3m) = 0.0 (+0.96 logit)
500119,0.9974,1,1,lapsed (no purchase in last 3 months),Silver,Austin,2021,high,transaction trend (3m vs prior 3m) = -5.7 (+2.07 logit); support tickets/month (3m) = 0.7 (+1.23 logit); transactions/month (3m) = 0.0 (+0.96 logit)
502062,0.9974,1,1,lapsed (no purchase in last 3 months),Gold,Austin,2022,high,months since last purchase = 5.0 (+1.78 logit); months since any recorded activity = 4.0 (+1.13 logit); transactions/month (3m) = 0.0 (+0.96 logit)
500498,0.9974,1,1,lapsed (no purchase in last 3 months),Silver,Columbus,2021,high,months since last purchase = 4.0 (+1.34 logit); transactions/month (3m) = 0.0 (+0.96 logit); months since any recorded activity = 3.0 (+0.78 logit)
502230,0.9973,1,1,lapsed (no purchase in last 3 months),Silver,Austin,2023,high,months since last purchase = 5.0 (+1.78 logit); months since any recorded activity = 5.0 (+1.48 logit); transactions/month (3m) = 0.0 (+0.96 logit)
501959,0.9971,1,1,lapsed (no purchase in last 3 months),Silver,Tulsa,2022,high,transaction trend (3m vs prior 3m) = -3.0 (+1.03 logit); transactions/month (3m) = 0.0 (+0.96 logit); months since last purchase = 3.0 (+0.90 logit)
500916,0.9971,1,1,lapsed (no purchase in last 3 months),Silver,Madison,2023,high,months since last purchase = 5.0 (+1.78 logit); transactions/month (3m) = 0.0 (+0.96 logit); months since any recorded activity = 3.0 (+0.78 logit)
501748,0.9971,1,1,lapsed (no purchase in last 3 months),Silver,Columbus,2022,high,months since last purchase = 4.0 (+1.34 logit); app session trend = -3.0 (+1.00 logit); transactions/month (3m) = 0.0 (+0.96 logit)
500690,0.9971,1,1,lapsed (no purchase in last 3 months),Silver,Denver,2023,high,months since last purchase = 5.0 (+1.78 logit); months since any recorded activity = 4.0 (+1.13 logit); transactions/month (3m) = 0.0 (+0.96 logit)
501703,0.9971,1,1,lapsed (no purchase in last 3 months),Gold,Columbus,2022,high,months since last purchase = 5.0 (+1.78 logit); months since any recorded activity = 5.0 (+1.48 logit); transactions/month (3m) = 0.0 (+0.96 logit)
502207,0.997,1,1,lapsed (no purchase in last 3 months),Silver,Tulsa,2021,high,months since last purchase = 5.0 (+1.78 logit); months since any recorded activity = 4.0 (+1.13 logit); transactions/month (3m) = 0.0 (+0.96 logit)
502041,0.997,1,1,lapsed (no purchase in last 3 months),Silver,Nashville,2022,high,months since last purchase = 5.0 (+1.78 logit); months since any recorded activity = 5.0 (+1.48 logit); transactions/month (3m) = 0.0 (+0.96 logit)
500227,0.9969,1,1,lapsed (no purchase in last 3 months),Gold,Madison,2023,high,months since last purchase = 4.0 (+1.34 logit); transactions/month (3m) = 0.0 (+0.96 logit); transaction trend (3m vs prior 3m) = -2.7 (+0.90 logit)
500260,0.9968,1,1,lapsed (no purchase in last 3 months),Silver,Boise,2021,high,months since last purchase = 5.0 (+1.78 logit); months since any recorded activity = 5.0 (+1.48 logit); transactions/month (3m) = 0.0 (+0.96 logit)
500873,0.9968,1,1,lapsed (no purchase in last 3 months),Silver,Tulsa,2021,high,months since last purchase = 4.0 (+1.34 logit); months since any recorded activity = 4.0 (+1.13 logit); transactions/month (3m) = 0.0 (+0.96 logit)
500681,0.9968,1,1,lapsed (no purchase in last 3 months),Silver,Nashville,2021,high,months since last purchase = 5.0 (+1.78 logit); months since any recorded activity = 5.0 (+1.48 logit); transactions/month (3m) = 0.0 (+0.96 logit)
500079,0.9968,1,1,lapsed (no purchase in last 3 months),Silver,Spokane,2023,high,months since last purchase = 4.0 (+1.34 logit); transactions/month (3m) = 0.0 (+0.96 logit); months since any recorded activity = 3.0 (+0.78 logit)
501807,0.9967,1,1,lapsed (no purchase in last 3 months),Gold,Columbus,2023,high,transaction trend (3m vs prior 3m) = -3.0 (+1.03 logit); transactions/month (3m) = 0.0 (+0.96 logit); months since last purchase = 3.0 (+0.90 logit)
500989,0.9967,1,1,active (bought in last 3 months),Platinum,Columbus,2023,high,support tickets/month (3m) = 1.3 (+2.75 logit); transaction trend (3m vs prior 3m) = -3.3 (+1.16 logit); transactions/month (3m) = 1.0 (+0.68 logit)
501039,0.9967,1,1,lapsed (no purchase in last 3 months),Silver,Denver,2023,high,months since last purchase = 5.0 (+1.78 logit); months since any recorded activity = 4.0 (+1.13 logit); transactions/month (3m) = 0.0 (+0.96 logit)
502482,0.9966,1,1,lapsed (no purchase in last 3 months),Platinum,Denver,2023,high,months since last purchase = 5.0 (+1.78 logit); months since any recorded activity = 4.0 (+1.13 logit); transactions/month (3m) = 0.0 (+0.96 logit)
500820,0.9966,1,1,lapsed (no purchase in last 3 months),Silver,Spokane,2021,high,transaction trend (3m vs prior 3m) = -4.0 (+1.42 logit); transactions/month (3m) = 0.0 (+0.96 logit); months since last purchase = 3.0 (+0.90 logit)
500945,0.9965,1,1,lapsed (no purchase in last 3 months),Silver,Spokane,2022,high,transaction trend (3m vs prior 3m) = -4.3 (+1.55 logit); transactions/month (3m) = 0.0 (+0.96 logit); months since last purchase = 3.0 (+0.90 logit)
501588,0.9964,1,1,lapsed (no purchase in last 3 months),Silver,Raleigh,2022,high,months since last purchase = 5.0 (+1.78 logit); transactions/month (3m) = 0.0 (+0.96 logit); transactions/month (6m) = 0.2 (+0.81 logit)
500644,0.9964,1,1,lapsed (no purchase in last 3 months),Silver,Nashville,2022,high,months since last purchase = 4.0 (+1.34 logit); transactions/month (3m) = 0.0 (+0.96 logit); months since any recorded activity = 3.0 (+0.78 logit)
501013,0.9964,1,1,lapsed (no purchase in last 3 months),Silver,Austin,2023,high,months since last purchase = 4.0 (+1.34 logit); months since any recorded activity = 4.0 (+1.13 logit); transactions/month (3m) = 0.0 (+0.96 logit)
502213,0.9963,1,1,lapsed (no purchase in last 3 months),Silver,Nashville,2023,high,months since last purchase = 4.0 (+1.34 logit); months since any recorded activity = 4.0 (+1.13 logit); transactions/month (3m) = 0.0 (+0.96 logit)
502070,0.9963,1,1,lapsed (no purchase in last 3 months),Platinum,Austin,2023,high,transaction trend (3m vs prior 3m) = -3.0 (+1.03 logit); transactions/month (3m) = 0.0 (+0.96 logit); months since last purchase = 3.0 (+0.90 logit)
502520,0.9963,1,1,lapsed (no purchase in last 3 months),Gold,Nashville,2021,high,months since last purchase = 4.0 (+1.34 logit); months since any recorded activity = 4.0 (+1.13 logit); transactions/month (3m) = 0.0 (+0.96 logit)
500968,0.9963,1,1,lapsed (no purchase in last 3 months),Silver,Spokane,2022,high,months since last purchase = 5.0 (+1.78 logit); months since any recorded activity = 5.0 (+1.48 logit); transactions/month (3m) = 0.0 (+0.96 logit)
500099,0.9961,1,1,lapsed (no purchase in last 3 months),Silver,Madison,2023,high,months since last purchase = 4.0 (+1.34 logit); months since any recorded activity = 4.0 (+1.13 logit); transactions/month (3m) = 0.0 (+0.96 logit)
501338,0.9957,1,1,active (bought in last 3 months),Silver,Columbus,2023,high,support tickets/month (3m) = 1.0 (+1.99 logit); transaction trend (3m vs prior 3m) = -3.7 (+1.29 logit); transactions/month (3m) = 0.3 (+0.87 logit)
502394,0.9957,1,1,lapsed (no purchase in last 3 months),Silver,Nashville,2021,high,months since last purchase = 5.0 (+1.78 logit); months since any recorded activity = 4.0 (+1.13 logit); transactions/month (3m) = 0.0 (+0.96 logit)
501055,0.9957,1,1,lapsed (no purchase in last 3 months),Silver,Boise,2022,high,months since last purchase = 4.0 (+1.34 logit); transactions/month (3m) = 0.0 (+0.96 logit); months since any recorded activity = 3.0 (+0.78 logit)
502187,0.9957,1,1,lapsed (no purchase in last 3 months),Silver,Austin,2023,high,months since last purchase = 5.0 (+1.78 logit); months since any recorded activity = 4.0 (+1.13 logit); transactions/month (3m) = 0.0 (+0.96 logit)
502144,0.9957,1,1,lapsed (no purchase in last 3 months),Gold,Boise,2022,high,months since last purchase = 5.0 (+1.78 logit); transactions/month (3m) = 0.0 (+0.96 logit); months since any recorded activity = 3.0 (+0.78 logit)
501455,0.9954,1,1,lapsed (no purchase in last 3 months),Silver,Madison,2023,high,months since last purchase = 5.0 (+1.78 logit); transactions/month (3m) = 0.0 (+0.96 logit); transactions/month (6m) = 0.2 (+0.81 logit)
501106,0.9954,1,1,lapsed (no purchase in last 3 months),Silver,Nashville,2021,high,months since last purchase = 4.0 (+1.34 logit); transactions/month (3m) = 0.0 (+0.96 logit); months since any recorded activity = 3.0 (+0.78 logit)
500084,0.9953,1,1,lapsed (no purchase in last 3 months),Silver,Spokane,2021,high,app session trend = -3.0 (+1.00 logit); transactions/month (3m) = 0.0 (+0.96 logit); months since last purchase = 3.0 (+0.90 logit)
502133,0.9952,1,1,lapsed (no purchase in last 3 months),Silver,Columbus,2021,high,months since last purchase = 4.0 (+1.34 logit); transaction trend (3m vs prior 3m) = -3.3 (+1.16 logit); transactions/month (3m) = 0.0 (+0.96 logit)
502331,0.9951,1,1,lapsed (no purchase in last 3 months),Silver,Nashville,2021,high,months since last purchase = 4.0 (+1.34 logit); support tickets/month (3m) = 0.7 (+1.23 logit); transactions/month (3m) = 0.0 (+0.96 logit)
502100,0.995,1,1,lapsed (no purchase in last 3 months),Gold,Raleigh,2023,high,months since last purchase = 4.0 (+1.34 logit); support tickets/month (3m) = 0.7 (+1.23 logit); transactions/month (3m) = 0.0 (+0.96 logit)
500724,0.995,1,1,lapsed (no purchase in last 3 months),Silver,Boise,2021,high,months since last purchase = 4.0 (+1.34 logit); months since any recorded activity = 4.0 (+1.13 logit); transactions/month (3m) = 0.0 (+0.96 logit)
500055,0.9949,1,1,lapsed (no purchase in last 3 months),Silver,Tulsa,2021,high,months since last purchase = 4.0 (+1.34 logit); transactions/month (3m) = 0.0 (+0.96 logit); months since any recorded activity = 3.0 (+0.78 logit)
500988,0.9948,1,1,lapsed (no purchase in last 3 months),Silver,Austin,2021,high,months since last purchase = 5.0 (+1.78 logit); months since any recorded activity = 4.0 (+1.13 logit); transactions/month (3m) = 0.0 (+0.96 logit)
501623,0.9947,1,1,lapsed (no purchase in last 3 months),Silver,Austin,2023,high,months since last purchase = 4.0 (+1.34 logit); transactions/month (3m) = 0.0 (+0.96 logit); transactions/month (6m) = 0.2 (+0.81 logit)
500221,0.9947,1,1,lapsed (no purchase in last 3 months),Gold,Raleigh,2021,high,months since last purchase = 5.0 (+1.78 logit); months since any recorded activity = 4.0 (+1.13 logit); transactions/month (3m) = 0.0 (+0.96 logit)
501141,0.9947,1,1,lapsed (no purchase in last 3 months),Gold,Nashville,2022,high,transactions/month (3m) = 0.0 (+0.96 logit); months since last purchase = 3.0 (+0.90 logit); months since any recorded activity = 3.0 (+0.78 logit)
500584,0.9947,1,1,lapsed (no purchase in last 3 months),Silver,Austin,2022,high,months since last purchase = 5.0 (+1.78 logit); months since any recorded activity = 5.0 (+1.48 logit); transactions/month (3m) = 0.0 (+0.96 logit)
501737,0.9946,1,1,lapsed (no purchase in last 3 months),Platinum,Austin,2023,high,months since last purchase = 5.0 (+1.78 logit); months since any recorded activity = 4.0 (+1.13 logit); transactions/month (3m) = 0.0 (+0.96 logit)
500787,0.9946,1,1,lapsed (no purchase in last 3 months),Silver,Madison,2023,high,months since last purchase = 5.0 (+1.78 logit); months since any recorded activity = 4.0 (+1.13 logit); transactions/month (3m) = 0.0 (+0.96 logit)
500700,0.9945,1,1,lapsed (no purchase in last 3 months),Silver,Columbus,2021,high,transaction trend (3m vs prior 3m) = -6.0 (+2.20 logit); app session trend = -3.7 (+1.23 logit); transactions/month (3m) = 0.0 (+0.96 logit)
501303,0.9944,1,1,lapsed (no purchase in last 3 months),Silver,Denver,2023,high,months since last purchase = 5.0 (+1.78 logit); transactions/month (3m) = 0.0 (+0.96 logit); transactions/month (6m) = 0.2 (+0.81 logit)
500727,0.9943,1,1,lapsed (no purchase in last 3 months),Platinum,Boise,2023,high,months since last purchase = 5.0 (+1.78 logit); months since any recorded activity = 5.0 (+1.48 logit); transactions/month (3m) = 0.0 (+0.96 logit)
501995,0.9943,1,1,lapsed (no purchase in last 3 months),Gold,Tulsa,2022,high,months since last purchase = 4.0 (+1.34 logit); transaction trend (3m vs prior 3m) = -3.0 (+1.03 logit); transactions/month (3m) = 0.0 (+0.96 logit)
500768,0.9942,1,1,lapsed (no purchase in last 3 months),Gold,Raleigh,2022,high,months since last purchase = 5.0 (+1.78 logit); transactions/month (3m) = 0.0 (+0.96 logit); months since any recorded activity = 3.0 (+0.78 logit)
500937,0.9941,1,1,lapsed (no purchase in last 3 months),Gold,Spokane,2023,high,months since last purchase = 5.0 (+1.78 logit); months since any recorded activity = 4.0 (+1.13 logit); transactions/month (3m) = 0.0 (+0.96 logit)
500396,0.9937,1,1,lapsed (no purchase in last 3 months),Silver,Austin,2023,high,transactions/month (3m) = 0.0 (+0.96 logit); months since last purchase = 3.0 (+0.90 logit); transaction trend (3m vs prior 3m) = -2.3 (+0.77 logit)
501831,0.9936,1,1,lapsed (no purchase in last 3 months),Gold,Denver,2021,high,transaction trend (3m vs prior 3m) = -3.3 (+1.16 logit); transactions/month (3m) = 0.0 (+0.96 logit); months since last purchase = 3.0 (+0.90 logit)
502391,0.9936,1,1,lapsed (no purchase in last 3 months),Silver,Tulsa,2023,high,months since last purchase = 5.0 (+1.78 logit); months since any recorded activity = 4.0 (+1.13 logit); transactions/month (3m) = 0.0 (+0.96 logit)
501644,0.9935,1,1,lapsed (no purchase in last 3 months),Gold,Madison,2022,high,months since last purchase = 5.0 (+1.78 logit); months since any recorded activity = 4.0 (+1.13 logit); transactions/month (3m) = 0.0 (+0.96 logit)
502256,0.9935,1,1,lapsed (no purchase in last 3 months),Silver,Madison,2021,high,months since last purchase = 4.0 (+1.34 logit); transactions/month (3m) = 0.0 (+0.96 logit); months since any recorded activity = 3.0 (+0.78 logit)
501978,0.9935,1,1,lapsed (no purchase in last 3 months),Silver,Spokane,2021,high,months since last purchase = 5.0 (+1.78 logit); months since any recorded activity = 4.0 (+1.13 logit); transactions/month (3m) = 0.0 (+0.96 logit)
500804,0.9933,1,1,lapsed (no purchase in last 3 months),Silver,Columbus,2023,high,months since last purchase = 5.0 (+1.78 logit); transactions/month (3m) = 0.0 (+0.96 logit); transactions/month (6m) = 0.3 (+0.77 logit)
500499,0.9933,1,1,lapsed (no purchase in last 3 months),Gold,Austin,2022,high,transactions/month (3m) = 0.0 (+0.96 logit); months since last purchase = 3.0 (+0.90 logit); transactions/month (6m) = 0.7 (+0.69 logit)
500925,0.9933,1,1,lapsed (no purchase in last 3 months),Silver,Tulsa,2022,high,months since last purchase = 4.0 (+1.34 logit); transactions/month (3m) = 0.0 (+0.96 logit); transaction trend (3m vs prior 3m) = -2.0 (+0.64 logit)
501475,0.9932,1,1,lapsed (no purchase in last 3 months),Silver,Raleigh,2023,high,transactions/month (3m) = 0.0 (+0.96 logit); months since last purchase = 3.0 (+0.90 logit); months since any recorded activity = 3.0 (+0.78 logit)
500068,0.9932,1,1,lapsed (no purchase in last 3 months),Silver,Tulsa,2022,high,months since last purchase = 4.0 (+1.34 logit); months since any recorded activity = 4.0 (+1.13 logit); transactions/month (3m) = 0.0 (+0.96 logit)
501887,0.9931,1,1,lapsed (no purchase in last 3 months),Silver,Raleigh,2022,high,transaction trend (3m vs prior 3m) = -5.3 (+1.94 logit); transactions/month (3m) = 0.0 (+0.96 logit); months since last purchase = 3.0 (+0.90 logit)
502410,0.9929,1,1,lapsed (no purchase in last 3 months),Silver,Nashville,2022,high,months since last purchase = 4.0 (+1.34 logit); months since any recorded activity = 4.0 (+1.13 logit); transactions/month (3m) = 0.0 (+0.96 logit)
501033,0.9927,1,1,lapsed (no purchase in last 3 months),Platinum,Columbus,2021,high,months since last purchase = 5.0 (+1.78 logit); transactions/month (3m) = 0.0 (+0.96 logit); months since any recorded activity = 3.0 (+0.78 logit)
501367,0.9924,1,1,lapsed (no purchase in last 3 months),Gold,Spokane,2022,high,months since last purchase = 4.0 (+1.34 logit); transactions/month (3m) = 0.0 (+0.96 logit); months since any recorded activity = 3.0 (+0.78 logit)
500669,0.9923,1,1,lapsed (no purchase in last 3 months),Gold,Tulsa,2023,high,months since last purchase = 4.0 (+1.34 logit); months since any recorded activity = 4.0 (+1.13 logit); transactions/month (3m) = 0.0 (+0.96 logit)
501535,0.9923,1,1,active (bought in last 3 months),Silver,Tulsa,2022,high,transaction trend (3m vs prior 3m) = -4.0 (+1.42 logit); transactions/month (3m) = 0.3 (+0.87 logit); app sessions/month (3m) = 0.0 (+0.66 logit)
501195,0.9922,1,1,lapsed (no purchase in last 3 months),Gold,Denver,2022,high,months since last purchase = 5.0 (+1.78 logit); transactions/month (3m) = 0.0 (+0.96 logit); transactions/month (6m) = 0.2 (+0.81 logit)
502131,0.9921,1,1,lapsed (no purchase in last 3 months),Platinum,Denver,2023,high,months since last purchase = 4.0 (+1.34 logit); months since any recorded activity = 4.0 (+1.13 logit); transactions/month (3m) = 0.0 (+0.96 logit)
501544,0.9919,1,1,lapsed (no purchase in last 3 months),Platinum,Boise,2023,high,months since last purchase = 4.0 (+1.34 logit); transactions/month (3m) = 0.0 (+0.96 logit); months since any recorded activity = 3.0 (+0.78 logit)
502066,0.9918,1,1,lapsed (no purchase in last 3 months),Platinum,Portland,2022,high,months since last purchase = 5.0 (+1.78 logit); months since any recorded activity = 5.0 (+1.48 logit); transactions/month (3m) = 0.0 (+0.96 logit)
501056,0.9917,1,1,active (bought in last 3 months),Gold,Madison,2022,high,transactions/month (3m) = 0.7 (+0.77 logit); app sessions/month (3m) = 0.0 (+0.66 logit); transaction trend (3m vs prior 3m) = -2.0 (+0.64 logit)
500173,0.9917,1,1,lapsed (no purchase in last 3 months),Gold,Nashville,2023,high,months since last purchase = 4.0 (+1.34 logit); transactions/month (3m) = 0.0 (+0.96 logit); months since any recorded activity = 3.0 (+0.78 logit)
500996,0.9916,1,1,active (bought in last 3 months),Silver,Madison,2023,high,support tickets/month (3m) = 1.7 (+3.52 logit); transaction trend (3m vs prior 3m) = -3.7 (+1.29 logit); app session trend = -2.0 (+0.65 logit)
502284,0.9915,1,1,lapsed (no purchase in last 3 months),Platinum,Denver,2023,high,transactions/month (3m) = 0.0 (+0.96 logit); months since last purchase = 3.0 (+0.90 logit); months since any recorded activity = 3.0 (+0.78 logit)
501422,0.9915,1,1,lapsed (no purchase in last 3 months),Platinum,Portland,2022,high,months since last purchase = 4.0 (+1.34 logit); transactions/month (3m) = 0.0 (+0.96 logit); months since any recorded activity = 3.0 (+0.78 logit)
500415,0.9914,1,1,active (bought in last 3 months),Silver,Columbus,2023,high,support tickets/month (3m) = 0.7 (+1.23 logit); transactions/month (3m) = 0.7 (+0.77 logit); app sessions/month (3m) = 0.0 (+0.66 logit)
500374,0.9914,1,1,lapsed (no purchase in last 3 months),Silver,Raleigh,2022,high,transaction trend (3m vs prior 3m) = -4.7 (+1.68 logit); months since last purchase = 4.0 (+1.34 logit); transactions/month (3m) = 0.0 (+0.96 logit)
500588,0.9914,1,1,lapsed (no purchase in last 3 months),Silver,Madison,2023,high,transactions/month (3m) = 0.0 (+0.96 logit); months since last purchase = 3.0 (+0.90 logit); months since any recorded activity = 3.0 (+0.78 logit)
500333,0.991,1,1,lapsed (no purchase in last 3 months),Gold,Tulsa,2023,high,months since last purchase = 5.0 (+1.78 logit); months since any recorded activity = 4.0 (+1.13 logit); transactions/month (3m) = 0.0 (+0.96 logit)
500361,0.991,1,1,lapsed (no purchase in last 3 months),Gold,Portland,2021,high,months since last purchase = 5.0 (+1.78 logit); months since any recorded activity = 4.0 (+1.13 logit); transactions/month (3m) = 0.0 (+0.96 logit)
501639,0.9905,1,1,lapsed (no purchase in last 3 months),Gold,Tulsa,2021,high,support tickets/month (3m) = 0.7 (+1.23 logit); transactions/month (3m) = 0.0 (+0.96 logit); months since last purchase = 3.0 (+0.90 logit)
502150,0.9904,1,1,lapsed (no purchase in last 3 months),Gold,Boise,2021,high,months since last purchase = 5.0 (+1.78 logit); transactions/month (3m) = 0.0 (+0.96 logit); transactions/month (6m) = 0.2 (+0.81 logit)
500132,0.9902,1,1,lapsed (no purchase in last 3 months),Platinum,Madison,2023,high,transaction trend (3m vs prior 3m) = -3.7 (+1.29 logit); transactions/month (3m) = 0.0 (+0.96 logit); months since last purchase = 3.0 (+0.90 logit)
502258,0.9899,1,1,lapsed (no purchase in last 3 months),Gold,Portland,2022,high,months since last purchase = 4.0 (+1.34 logit); months since any recorded activity = 4.0 (+1.13 logit); transactions/month (3m) = 0.0 (+0.96 logit)
500904,0.9898,1,1,lapsed (no purchase in last 3 months),Silver,Nashville,2023,high,transactions/month (3m) = 0.0 (+0.96 logit); months since last purchase = 3.0 (+0.90 logit); months since any recorded activity = 3.0 (+0.78 logit)
500549,0.9896,1,1,lapsed (no purchase in last 3 months),Gold,Raleigh,2021,high,months since last purchase = 4.0 (+1.34 logit); months since any recorded activity = 4.0 (+1.13 logit); transactions/month (3m) = 0.0 (+0.96 logit)
500632,0.9896,1,1,lapsed (no purchase in last 3 months),Silver,Portland,2023,high,months since last purchase = 4.0 (+1.34 logit); months since any recorded activity = 4.0 (+1.13 logit); transactions/month (3m) = 0.0 (+0.96 logit)
501070,0.9896,1,1,lapsed (no purchase in last 3 months),Silver,Raleigh,2022,high,months since last purchase = 4.0 (+1.34 logit); months since any recorded activity = 4.0 (+1.13 logit); transactions/month (3m) = 0.0 (+0.96 logit)
500871,0.9895,1,1,lapsed (no purchase in last 3 months),Silver,Columbus,2021,high,months since last purchase = 4.0 (+1.34 logit); transaction trend (3m vs prior 3m) = -3.0 (+1.03 logit); transactions/month (3m) = 0.0 (+0.96 logit)
501029,0.9895,1,1,lapsed (no purchase in last 3 months),Silver,Portland,2023,high,transaction trend (3m vs prior 3m) = -3.0 (+1.03 logit); transactions/month (3m) = 0.0 (+0.96 logit); months since last purchase = 3.0 (+0.90 logit)
501574,0.9894,1,1,lapsed (no purchase in last 3 months),Gold,Austin,2023,high,months since last purchase = 4.0 (+1.34 logit); months since any recorded activity = 4.0 (+1.13 logit); transactions/month (3m) = 0.0 (+0.96 logit)
500246,0.9893,1,1,lapsed (no purchase in last 3 months),Silver,Nashville,2021,high,months since last purchase = 5.0 (+1.78 logit); transactions/month (3m) = 0.0 (+0.96 logit); transactions/month (6m) = 0.5 (+0.73 logit)
501771,0.989,1,1,lapsed (no purchase in last 3 months),Silver,Columbus,2021,high,transaction trend (3m vs prior 3m) = -3.7 (+1.29 logit); transactions/month (3m) = 0.0 (+0.96 logit); months since last purchase = 3.0 (+0.90 logit)
501993,0.9889,1,1,lapsed (no purchase in last 3 months),Gold,Austin,2023,high,transactions/month (3m) = 0.0 (+0.96 logit); months since last purchase = 3.0 (+0.90 logit); months since any recorded activity = 3.0 (+0.78 logit)
500217,0.9888,1,1,lapsed (no purchase in last 3 months),Gold,Columbus,2023,high,transactions/month (3m) = 0.0 (+0.96 logit); months since last purchase = 3.0 (+0.90 logit); transaction trend (3m vs prior 3m) = -2.5 (+0.83 logit)
501919,0.9887,1,1,lapsed (no purchase in last 3 months),Gold,Nashville,2022,high,months since last purchase = 5.0 (+1.78 logit); transactions/month (3m) = 0.0 (+0.96 logit); transactions/month (6m) = 0.2 (+0.81 logit)
502007,0.9885,1,1,lapsed (no purchase in last 3 months),Gold,Tulsa,2022,high,support tickets/month (3m) = 1.0 (+1.99 logit); transactions/month (3m) = 0.0 (+0.96 logit); months since last purchase = 3.0 (+0.90 logit)
501730,0.9884,1,1,lapsed (no purchase in last 3 months),Silver,Denver,2022,high,transactions/month (3m) = 0.0 (+0.96 logit); months since last purchase = 3.0 (+0.90 logit); months since any recorded activity = 3.0 (+0.78 logit)
501536,0.9882,1,1,lapsed (no purchase in last 3 months),Silver,Nashville,2023,high,support tickets/month (3m) = 0.7 (+1.23 logit); transactions/month (3m) = 0.0 (+0.96 logit); months since last purchase = 3.0 (+0.90 logit)
500090,0.9882,1,1,lapsed (no purchase in last 3 months),Silver,Spokane,2021,high,transaction trend (3m vs prior 3m) = -3.7 (+1.29 logit); transactions/month (3m) = 0.0 (+0.96 logit); months since last purchase = 3.0 (+0.90 logit)
500289,0.988,1,1,lapsed (no purchase in last 3 months),Gold,Spokane,2021,high,transaction trend (3m vs prior 3m) = -3.7 (+1.29 logit); transactions/month (3m) = 0.0 (+0.96 logit); months since last purchase = 3.0 (+0.90 logit)
500276,0.988,1,1,active (bought in last 3 months),Silver,Portland,2021,high,transaction trend (3m vs prior 3m) = -3.7 (+1.29 logit); support tickets/month (3m) = 0.7 (+1.23 logit); transactions/month (3m) = 0.7 (+0.77 logit)
501411,0.9879,1,1,lapsed (no purchase in last 3 months),Silver,Tulsa,2023,high,months since last purchase = 4.0 (+1.34 logit); months since any recorded activity = 4.0 (+1.13 logit); transactions/month (3m) = 0.0 (+0.96 logit)
500219,0.9878,1,1,lapsed (no purchase in last 3 months),Silver,Denver,2022,high,months since last purchase = 5.0 (+1.78 logit); months since any recorded activity = 4.0 (+1.13 logit); transactions/month (3m) = 0.0 (+0.96 logit)
501220,0.9877,1,1,lapsed (no purchase in last 3 months),Silver,Tulsa,2021,high,months since last purchase = 4.0 (+1.34 logit); months since any recorded activity = 4.0 (+1.13 logit); transactions/month (3m) = 0.0 (+0.96 logit)
501755,0.9876,1,1,lapsed (no purchase in last 3 months),Platinum,Columbus,2023,high,transactions/month (3m) = 0.0 (+0.96 logit); months since last purchase = 3.0 (+0.90 logit); months since any recorded activity = 3.0 (+0.78 logit)
501817,0.9873,1,1,lapsed (no purchase in last 3 months),Silver,Tulsa,2021,high,transaction trend (3m vs prior 3m) = -5.0 (+1.81 logit); transactions/month (3m) = 0.0 (+0.96 logit); months since last purchase = 3.0 (+0.90 logit)
501641,0.9872,1,1,lapsed (no purchase in last 3 months),Gold,Raleigh,2021,high,transactions/month (3m) = 0.0 (+0.96 logit); months since last purchase = 3.0 (+0.90 logit); months since any recorded activity = 3.0 (+0.78 logit)
501578,0.9871,1,1,lapsed (no purchase in last 3 months),Gold,Raleigh,2023,high,transactions/month (3m) = 0.0 (+0.96 logit); months since last purchase = 3.0 (+0.90 logit); transactions/month (6m) = 0.7 (+0.69 logit)
502264,0.987,1,1,lapsed (no purchase in last 3 months),Gold,Columbus,2021,high,transactions/month (3m) = 0.0 (+0.96 logit); months since last purchase = 3.0 (+0.90 logit); app sessions/month (3m) = 0.0 (+0.66 logit)
500492,0.9865,1,1,lapsed (no purchase in last 3 months),Silver,Columbus,2023,high,months since last purchase = 5.0 (+1.78 logit); transactions/month (3m) = 0.0 (+0.96 logit); transactions/month (6m) = 0.2 (+0.81 logit)
500534,0.9864,1,1,lapsed (no purchase in last 3 months),Gold,Denver,2023,high,months since last purchase = 4.0 (+1.34 logit); transactions/month (3m) = 0.0 (+0.96 logit); months since any recorded activity = 3.0 (+0.78 logit)
500734,0.9863,1,1,active (bought in last 3 months),Silver,Columbus,2022,high,transactions/month (3m) = 0.3 (+0.87 logit); transaction trend (3m vs prior 3m) = -2.0 (+0.64 logit); transactions/month (6m) = 1.3 (+0.53 logit)
501087,0.9863,1,1,lapsed (no purchase in last 3 months),Silver,Denver,2023,high,app session trend = -3.3 (+1.12 logit); transactions/month (3m) = 0.0 (+0.96 logit); months since last purchase = 3.0 (+0.90 logit)
501229,0.9859,1,1,lapsed (no purchase in last 3 months),Silver,Tulsa,2021,high,months since last purchase = 4.0 (+1.34 logit); months since any recorded activity = 4.0 (+1.13 logit); transactions/month (3m) = 0.0 (+0.96 logit)
501354,0.9848,1,1,lapsed (no purchase in last 3 months),Silver,Denver,2023,high,months since last purchase = 4.0 (+1.34 logit); transactions/month (3m) = 0.0 (+0.96 logit); months since any recorded activity = 3.0 (+0.78 logit)
501184,0.9847,1,1,lapsed (no purchase in last 3 months),Platinum,Nashville,2021,high,transaction trend (3m vs prior 3m) = -4.7 (+1.68 logit); transactions/month (3m) = 0.0 (+0.96 logit); months since last purchase = 3.0 (+0.90 logit)
502448,0.9842,1,1,lapsed (no purchase in last 3 months),Silver,Nashville,2022,high,app session trend = -3.0 (+1.00 logit); transactions/month (3m) = 0.0 (+0.96 logit); months since last purchase = 3.0 (+0.90 logit)
500869,0.9841,1,1,lapsed (no purchase in last 3 months),Silver,Raleigh,2022,high,months since last purchase = 4.0 (+1.34 logit); transactions/month (3m) = 0.0 (+0.96 logit); months since any recorded activity = 3.0 (+0.78 logit)
502308,0.9831,1,1,lapsed (no purchase in last 3 months),Gold,Portland,2023,high,months since last purchase = 4.0 (+1.34 logit); months since any recorded activity = 4.0 (+1.13 logit); transactions/month (3m) = 0.0 (+0.96 logit)
502492,0.9825,1,1,lapsed (no purchase in last 3 months),Silver,Tulsa,2021,high,months since last purchase = 5.0 (+1.78 logit); transactions/month (3m) = 0.0 (+0.96 logit); email-open trend = -2.7 (+0.74 logit)
500903,0.9817,1,1,lapsed (no purchase in last 3 months),Silver,Nashville,2023,high,months since last purchase = 4.0 (+1.34 logit); months since any recorded activity = 4.0 (+1.13 logit); transactions/month (3m) = 0.0 (+0.96 logit)
501332,0.9808,1,1,active (bought in last 3 months),Gold,Boise,2023,high,transaction trend (3m vs prior 3m) = -4.3 (+1.55 logit); app session trend = -2.7 (+0.88 logit); transactions/month (3m) = 0.7 (+0.77 logit)
501433,0.9803,1,1,lapsed (no purchase in last 3 months),Silver,Madison,2021,high,months since last purchase = 4.0 (+1.34 logit); transactions/month (3m) = 0.0 (+0.96 logit); months since any recorded activity = 3.0 (+0.78 logit)
502304,0.9799,1,1,lapsed (no purchase in last 3 months),Silver,Tulsa,2022,high,months since last purchase = 4.0 (+1.34 logit); transactions/month (3m) = 0.0 (+0.96 logit); months since any recorded activity = 3.0 (+0.78 logit)
502403,0.9799,1,1,active (bought in last 3 months),Silver,Raleigh,2021,high,support tickets/month (3m) = 0.7 (+1.23 logit); transactions/month (3m) = 0.3 (+0.87 logit); app sessions/month (3m) = 0.0 (+0.66 logit)
501948,0.9798,1,1,lapsed (no purchase in last 3 months),Platinum,Raleigh,2023,high,transactions/month (3m) = 0.0 (+0.96 logit); months since last purchase = 3.0 (+0.90 logit); transactions/month (6m) = 0.2 (+0.81 logit)
501633,0.9798,1,1,active (bought in last 3 months),Platinum,Nashville,2022,high,transactions/month (3m) = 0.3 (+0.87 logit); transactions/month (6m) = 0.6 (+0.70 logit); app sessions/month (3m) = 0.0 (+0.66 logit)
500082,0.9789,1,1,lapsed (no purchase in last 3 months),Platinum,Boise,2023,high,months since last purchase = 4.0 (+1.34 logit); months since any recorded activity = 4.0 (+1.13 logit); transactions/month (3m) = 0.0 (+0.96 logit)
500576,0.9786,1,1,active (bought in last 3 months),Silver,Tulsa,2021,high,transaction trend (3m vs prior 3m) = -8.0 (+2.98 logit); transactions/month (3m) = 0.7 (+0.77 logit); app session trend = -2.3 (+0.77 logit)
501016,0.9779,1,1,lapsed (no purchase in last 3 months),Gold,Austin,2022,high,transactions/month (3m) = 0.0 (+0.96 logit); months since last purchase = 3.0 (+0.90 logit); transaction trend (3m vs prior 3m) = -2.3 (+0.77 logit)
501449,0.9777,1,1,lapsed (no purchase in last 3 months),Platinum,Austin,2023,high,transactions/month (3m) = 0.0 (+0.96 logit); months since last purchase = 3.0 (+0.90 logit); transactions/month (6m) = 0.2 (+0.81 logit)
500580,0.9771,1,1,active (bought in last 3 months),Gold,Austin,2023,high,support tickets/month (3m) = 1.0 (+1.99 logit); transactions/month (3m) = 0.7 (+0.77 logit); transaction trend (3m vs prior 3m) = -2.3 (+0.77 logit)
500158,0.977,1,1,lapsed (no purchase in last 3 months),Platinum,Spokane,2022,high,transaction trend (3m vs prior 3m) = -4.0 (+1.42 logit); transactions/month (3m) = 0.0 (+0.96 logit); months since last purchase = 3.0 (+0.90 logit)
500019,0.9767,1,1,lapsed (no purchase in last 3 months),Silver,Madison,2022,high,transactions/month (3m) = 0.0 (+0.96 logit); months since last purchase = 3.0 (+0.90 logit); transaction trend (3m vs prior 3m) = -2.5 (+0.83 logit)
501352,0.9764,1,1,lapsed (no purchase in last 3 months),Gold,Denver,2023,high,transactions/month (3m) = 0.0 (+0.96 logit); months since last purchase = 3.0 (+0.90 logit); months since any recorded activity = 3.0 (+0.78 logit)
500885,0.9758,1,1,lapsed (no purchase in last 3 months),Silver,Raleigh,2023,high,transactions/month (3m) = 0.0 (+0.96 logit); months since last purchase = 3.0 (+0.90 logit); transactions/month (6m) = 0.5 (+0.73 logit)
501179,0.975,1,1,lapsed (no purchase in last 3 months),Silver,Nashville,2023,high,transactions/month (3m) = 0.0 (+0.96 logit); months since last purchase = 3.0 (+0.90 logit); app sessions/month (3m) = 0.0 (+0.66 logit)
501230,0.9741,1,1,active (bought in last 3 months),Silver,Columbus,2022,high,transactions/month (3m) = 0.3 (+0.87 logit); transactions/month (6m) = 0.5 (+0.73 logit); app sessions/month (3m) = 0.0 (+0.66 logit)
501502,0.974,1,1,lapsed (no purchase in last 3 months),Platinum,Raleigh,2021,high,transaction trend (3m vs prior 3m) = -3.3 (+1.16 logit); transactions/month (3m) = 0.0 (+0.96 logit); months since last purchase = 3.0 (+0.90 logit)
500895,0.9728,1,1,active (bought in last 3 months),Silver,Madison,2023,high,transaction trend (3m vs prior 3m) = -4.0 (+1.42 logit); support tickets/month (3m) = 0.7 (+1.23 logit); transactions/month (3m) = 0.3 (+0.87 logit)
501673,0.9726,1,1,lapsed (no purchase in last 3 months),Silver,Boise,2022,high,months since last purchase = 4.0 (+1.34 logit); transactions/month (3m) = 0.0 (+0.96 logit); months since any recorded activity = 3.0 (+0.78 logit)
502092,0.972,1,1,active (bought in last 3 months),Gold,Austin,2022,high,transaction trend (3m vs prior 3m) = -4.7 (+1.68 logit); app session trend = -2.7 (+0.88 logit); emails opened/month (6m) = 0.0 (+0.78 logit)
500239,0.9717,1,1,lapsed (no purchase in last 3 months),Gold,Raleigh,2023,high,months since last purchase = 4.0 (+1.34 logit); transactions/month (3m) = 0.0 (+0.96 logit); transactions/month (6m) = 0.2 (+0.80 logit)
500692,0.9697,1,1,lapsed (no purchase in last 3 months),Silver,Raleigh,2022,high,transaction trend (3m vs prior 3m) = -4.7 (+1.68 logit); transactions/month (3m) = 0.0 (+0.96 logit); months since last purchase = 3.0 (+0.90 logit)
502384,0.9695,1,1,lapsed (no purchase in last 3 months),Silver,Raleigh,2023,high,months since last purchase = 4.0 (+1.34 logit); transactions/month (3m) = 0.0 (+0.96 logit); transaction trend (3m vs prior 3m) = -2.5 (+0.83 logit)
501791,0.9695,1,1,active (bought in last 3 months),Gold,Raleigh,2023,high,transaction trend (3m vs prior 3m) = -4.0 (+1.42 logit); app session trend = -3.0 (+1.00 logit); app sessions/month (3m) = 0.0 (+0.66 logit)
500044,0.9693,1,1,lapsed (no purchase in last 3 months),Silver,Raleigh,2022,high,transactions/month (3m) = 0.0 (+0.96 logit); months since last purchase = 3.0 (+0.90 logit); transaction trend (3m vs prior 3m) = -2.7 (+0.90 logit)
500778,0.9688,1,1,active (bought in last 3 months),Gold,Austin,2022,high,transactions/month (3m) = 1.0 (+0.68 logit); app sessions/month (3m) = 0.0 (+0.66 logit); transaction trend (3m vs prior 3m) = -2.0 (+0.64 logit)
502563,0.9683,1,0,lapsed (no purchase in last 3 months),Gold,Nashville,2023,high,months since last purchase = 4.0 (+1.34 logit); transactions/month (3m) = 0.0 (+0.96 logit); app sessions/month (3m) = 0.0 (+0.66 logit)
502076,0.9677,1,1,active (bought in last 3 months),Gold,Columbus,2022,high,transaction trend (3m vs prior 3m) = -2.7 (+0.90 logit); transactions/month (3m) = 0.3 (+0.87 logit); app sessions/month (3m) = 0.0 (+0.66 logit)
501754,0.9674,1,1,lapsed (no purchase in last 3 months),Silver,Boise,2021,high,transactions/month (3m) = 0.0 (+0.96 logit); months since last purchase = 3.0 (+0.90 logit); months since any recorded activity = 3.0 (+0.78 logit)
501879,0.9669,1,1,active (bought in last 3 months),Silver,Raleigh,2021,high,support tickets/month (3m) = 0.7 (+1.23 logit); app sessions/month (3m) = 0.0 (+0.66 logit); app session trend = -2.0 (+0.65 logit)
500564,0.9668,1,1,active (bought in last 3 months),Silver,Denver,2023,high,support tickets/month (3m) = 1.0 (+1.99 logit); transactions/month (3m) = 0.3 (+0.87 logit); transactions/month (6m) = 0.5 (+0.73 logit)
500022,0.9668,1,1,lapsed (no purchase in last 3 months),Silver,Portland,2023,high,months since last purchase = 4.0 (+1.34 logit); transactions/month (3m) = 0.0 (+0.96 logit); transactions/month (6m) = 0.5 (+0.73 logit)
501145,0.966,1,1,lapsed (no purchase in last 3 months),Silver,Columbus,2023,high,transactions/month (3m) = 0.0 (+0.96 logit); months since last purchase = 3.0 (+0.90 logit); transactions/month (6m) = 0.5 (+0.73 logit)
501084,0.9656,1,1,lapsed (no purchase in last 3 months),Gold,Raleigh,2021,high,transactions/month (3m) = 0.0 (+0.96 logit); months since last purchase = 3.0 (+0.90 logit); transaction trend (3m vs prior 3m) = -2.7 (+0.90 logit)
501756,0.9651,1,1,active (bought in last 3 months),Gold,Denver,2021,high,support tickets/month (3m) = 1.3 (+2.75 logit); transactions/month (3m) = 0.3 (+0.87 logit); transactions/month (6m) = 0.3 (+0.77 logit)
501252,0.9651,1,1,lapsed (no purchase in last 3 months),Gold,Portland,2023,high,transactions/month (3m) = 0.0 (+0.96 logit); months since last purchase = 3.0 (+0.90 logit); months since any recorded activity = 3.0 (+0.78 logit)
501277,0.9648,1,1,active (bought in last 3 months),Silver,Tulsa,2022,high,support tickets/month (3m) = 1.3 (+2.75 logit); transactions/month (3m) = 0.7 (+0.77 logit); transaction trend (3m vs prior 3m) = -1.7 (+0.51 logit)
501429,0.9645,1,1,active (bought in last 3 months),Silver,Columbus,2022,high,transaction trend (3m vs prior 3m) = -3.7 (+1.29 logit); app session trend = -3.0 (+1.00 logit); transactions/month (3m) = 1.3 (+0.59 logit)
500341,0.9637,1,1,lapsed (no purchase in last 3 months),Silver,Austin,2022,high,months since last purchase = 5.0 (+1.78 logit); transactions/month (3m) = 0.0 (+0.96 logit); transactions/month (6m) = 0.2 (+0.80 logit)
501213,0.962,1,1,lapsed (no purchase in last 3 months),Silver,Nashville,2023,high,months since last purchase = 4.0 (+1.34 logit); transactions/month (3m) = 0.0 (+0.96 logit); transactions/month (6m) = 0.2 (+0.80 logit)
502208,0.9618,1,1,active (bought in last 3 months),Silver,Boise,2023,high,transaction trend (3m vs prior 3m) = -4.0 (+1.42 logit); transactions/month (3m) = 0.3 (+0.87 logit); email-open trend = -3.0 (+0.83 logit)
501842,0.9591,1,1,lapsed (no purchase in last 3 months),Silver,Portland,2022,high,transactions/month (3m) = 0.0 (+0.96 logit); months since last purchase = 3.0 (+0.90 logit); months since any recorded activity = 3.0 (+0.78 logit)
500282,0.9576,1,1,active (bought in last 3 months),Gold,Denver,2021,high,transaction trend (3m vs prior 3m) = -2.7 (+0.90 logit); transactions/month (3m) = 0.3 (+0.87 logit); app sessions/month (3m) = 0.0 (+0.66 logit)
500310,0.9556,1,1,lapsed (no purchase in last 3 months),Gold,Madison,2023,high,transactions/month (3m) = 0.0 (+0.96 logit); months since last purchase = 3.0 (+0.90 logit); emails opened/month (6m) = 0.0 (+0.78 logit)
500024,0.9547,1,1,active (bought in last 3 months),Silver,Denver,2022,high,transactions/month (3m) = 0.7 (+0.77 logit); app sessions/month (3m) = 0.0 (+0.66 logit); transaction trend (3m vs prior 3m) = -2.0 (+0.64 logit)
502184,0.9531,1,1,active (bought in last 3 months),Silver,Portland,2023,high,app session trend = -5.0 (+1.70 logit); transaction trend (3m vs prior 3m) = -4.0 (+1.42 logit); transactions/month (3m) = 1.0 (+0.68 logit)
501596,0.9529,1,1,active (bought in last 3 months),Silver,Raleigh,2021,high,transaction trend (3m vs prior 3m) = -7.7 (+2.85 logit); transactions/month (3m) = 1.3 (+0.59 logit); email-open trend = -2.0 (+0.55 logit)
501312,0.9527,1,1,active (bought in last 3 months),Gold,Tulsa,2022,high,transaction trend (3m vs prior 3m) = -3.3 (+1.16 logit); transactions/month (3m) = 0.3 (+0.87 logit); app sessions/month (3m) = 0.0 (+0.66 logit)
501732,0.9525,1,1,active (bought in last 3 months),Gold,Raleigh,2022,high,transaction trend (3m vs prior 3m) = -4.3 (+1.55 logit); transactions/month (3m) = 0.3 (+0.87 logit); app session trend = -2.3 (+0.77 logit)
500077,0.9516,1,1,lapsed (no purchase in last 3 months),Platinum,Columbus,2021,high,months since last purchase = 4.0 (+1.34 logit); transactions/month (3m) = 0.0 (+0.96 logit); transaction trend (3m vs prior 3m) = -2.0 (+0.64 logit)
501860,0.9474,1,1,lapsed (no purchase in last 3 months),Silver,Austin,2022,high,transactions/month (3m) = 0.0 (+0.96 logit); months since last purchase = 3.0 (+0.90 logit); months since any recorded activity = 3.0 (+0.78 logit)
501496,0.9448,1,1,active (bought in last 3 months),Gold,Madison,2024,high,support tickets/month (3m) = 0.5 (+0.84 logit); transactions/month (3m) = 0.5 (+0.82 logit); emails opened/month (6m) = 0.0 (+0.78 logit)
500985,0.9446,1,1,active (bought in last 3 months),Silver,Austin,2022,high,support tickets/month (3m) = 0.7 (+1.23 logit); transaction trend (3m vs prior 3m) = -3.3 (+1.16 logit); transactions/month (3m) = 0.3 (+0.87 logit)
500519,0.9444,1,1,active (bought in last 3 months),Gold,Denver,2022,high,support tickets/month (3m) = 1.0 (+1.99 logit); transaction trend (3m vs prior 3m) = -2.3 (+0.77 logit); transactions/month (3m) = 1.0 (+0.68 logit)
502053,0.9435,1,1,active (bought in last 3 months),Silver,Columbus,2021,high,support tickets/month (3m) = 1.0 (+1.99 logit); app session trend = -2.3 (+0.77 logit); transactions/month (3m) = 1.0 (+0.68 logit)
501459,0.9429,1,1,lapsed (no purchase in last 3 months),Gold,Columbus,2021,high,transactions/month (3m) = 0.0 (+0.96 logit); months since last purchase = 3.0 (+0.90 logit); emails opened/month (6m) = 0.0 (+0.78 logit)
501576,0.9383,1,1,active (bought in last 3 months),Silver,Nashville,2023,high,transaction trend (3m vs prior 3m) = -3.0 (+1.03 logit); app session trend = -2.7 (+0.88 logit); transactions/month (3m) = 0.3 (+0.87 logit)
500946,0.9367,1,0,active (bought in last 3 months),Silver,Tulsa,2024,high,support tickets/month (3m) = 2.0 (+4.28 logit); support tickets/month (6m) = 2.0 (+1.29 logit); app sessions/month (3m) = 0.0 (+0.66 logit)
501392,0.9348,1,1,active (bought in last 3 months),Silver,Portland,2022,high,transactions/month (3m) = 1.0 (+0.68 logit); app sessions/month (3m) = 0.0 (+0.66 logit); transactions/month (6m) = 1.5 (+0.49 logit)
501129,0.9348,1,1,lapsed (no purchase in last 3 months),Platinum,Madison,2022,high,transactions/month (3m) = 0.0 (+0.96 logit); months since last purchase = 3.0 (+0.90 logit); transactions/month (6m) = 0.3 (+0.77 logit)
500092,0.9347,1,1,active (bought in last 3 months),Silver,Austin,2022,high,transaction trend (3m vs prior 3m) = -3.3 (+1.16 logit); transactions/month (3m) = 0.3 (+0.87 logit); app sessions/month (3m) = 0.0 (+0.66 logit)
502415,0.9337,1,1,active (bought in last 3 months),Gold,Madison,2021,high,transactions/month (3m) = 1.0 (+0.68 logit); app sessions/month (3m) = 0.0 (+0.66 logit); app session trend = -1.7 (+0.53 logit)
501740,0.9293,1,1,active (bought in last 3 months),Silver,Denver,2023,high,transactions/month (3m) = 0.3 (+0.87 logit); emails opened/month (6m) = 0.0 (+0.78 logit); transactions/month (6m) = 0.3 (+0.77 logit)
501476,0.9292,1,1,active (bought in last 3 months),Gold,Boise,2022,high,support tickets/month (3m) = 0.7 (+1.23 logit); emails opened/month (6m) = 0.0 (+0.78 logit); app session trend = -2.3 (+0.77 logit)
502183,0.9276,1,1,active (bought in last 3 months),Silver,Raleigh,2021,high,transactions/month (3m) = 1.0 (+0.68 logit); app sessions/month (3m) = 0.0 (+0.66 logit); transactions/month (6m) = 1.5 (+0.49 logit)
501505,0.9267,1,1,active (bought in last 3 months),Gold,Spokane,2023,high,transaction trend (3m vs prior 3m) = -3.0 (+1.03 logit); transactions/month (3m) = 0.3 (+0.87 logit); emails opened/month (6m) = 0.0 (+0.78 logit)
500643,0.9231,1,0,active (bought in last 3 months),Silver,Portland,2023,high,support tickets/month (3m) = 1.0 (+1.99 logit); transactions/month (3m) = 1.3 (+0.59 logit); app sessions/month (3m) = 0.3 (+0.53 logit)
500883,0.9223,1,1,active (bought in last 3 months),Silver,Austin,2022,high,transactions/month (3m) = 0.3 (+0.87 logit); emails opened/month (6m) = 0.2 (+0.63 logit); transactions/month (6m) = 1.0 (+0.61 logit)
501688,0.9223,1,1,active (bought in last 3 months),Gold,Boise,2023,high,transaction trend (3m vs prior 3m) = -3.0 (+1.03 logit); transactions/month (3m) = 0.3 (+0.87 logit); app sessions/month (3m) = 0.0 (+0.66 logit)
500853,0.9208,1,1,active (bought in last 3 months),Gold,Portland,2023,high,support tickets/month (3m) = 1.0 (+1.99 logit); emails opened/month (3m) = 0.0 (+0.45 logit); coupons redeemed/month (3m) = 0.0 (+0.41 logit)
501517,0.9197,1,1,active (bought in last 3 months),Gold,Denver,2022,high,app session trend = -4.3 (+1.47 logit); support tickets/month (3m) = 0.7 (+1.23 logit); transaction trend (3m vs prior 3m) = -2.3 (+0.77 logit)
502386,0.9182,1,1,active (bought in last 3 months),Silver,Tulsa,2023,high,transactions/month (3m) = 0.3 (+0.87 logit); emails opened/month (6m) = 0.0 (+0.78 logit); transactions/month (6m) = 0.3 (+0.77 logit)
502551,0.917,1,1,active (bought in last 3 months),Gold,Columbus,2023,high,transaction trend (3m vs prior 3m) = -2.7 (+0.90 logit); emails opened/month (6m) = 0.0 (+0.78 logit); app sessions/month (3m) = 0.0 (+0.66 logit)
500801,0.9111,1,0,active (bought in last 3 months),Gold,Raleigh,2021,high,support tickets/month (3m) = 0.7 (+1.23 logit); transactions/month (3m) = 0.7 (+0.77 logit); emails opened/month (6m) = 0.2 (+0.63 logit)
501645,0.9083,1,1,active (bought in last 3 months),Silver,Nashville,2023,high,transaction trend (3m vs prior 3m) = -4.0 (+1.42 logit); transactions/month (3m) = 0.7 (+0.77 logit); app session trend = -2.0 (+0.65 logit)
501839,0.9049,1,1,active (bought in last 3 months),Platinum,Boise,2023,high,transactions/month (3m) = 0.7 (+0.77 logit); transactions/month (6m) = 0.8 (+0.66 logit); app sessions/month (3m) = 0.0 (+0.66 logit)
500827,0.9045,1,1,active (bought in last 3 months),Gold,Portland,2023,high,support tickets/month (3m) = 0.7 (+1.23 logit); transaction trend (3m vs prior 3m) = -3.0 (+1.03 logit); emails opened/month (6m) = 0.0 (+0.78 logit)
500625,0.904,1,1,active (bought in last 3 months),Silver,Spokane,2022,high,transaction trend (3m vs prior 3m) = -3.8 (+1.35 logit); app session trend = -3.5 (+1.17 logit); transactions/month (3m) = 0.7 (+0.77 logit)
501310,0.9039,1,0,active (bought in last 3 months),Silver,Denver,2024,high,support tickets/month (3m) = 1.0 (+1.99 logit); emails opened/month (6m) = 0.0 (+0.78 logit); transactions/month (3m) = 1.0 (+0.68 logit)
501776,0.8985,1,1,active (bought in last 3 months),Silver,Madison,2022,high,transaction trend (3m vs prior 3m) = -5.0 (+1.81 logit); transactions/month (3m) = 0.3 (+0.87 logit); emails opened/month (3m) = 0.0 (+0.45 logit)
501893,0.898,1,1,active (bought in last 3 months),Platinum,Spokane,2022,high,emails opened/month (6m) = 0.0 (+0.78 logit); transactions/month (3m) = 1.0 (+0.68 logit); app sessions/month (3m) = 0.0 (+0.66 logit)
501442,0.8911,1,1,active (bought in last 3 months),Platinum,Tulsa,2023,high,app sessions/month (3m) = 0.0 (+0.66 logit); transaction trend (3m vs prior 3m) = -2.0 (+0.64 logit); emails opened/month (6m) = 0.2 (+0.63 logit)
500950,0.8848,1,1,active (bought in last 3 months),Gold,Boise,2021,high,support tickets/month (3m) = 0.7 (+1.23 logit); transactions/month (3m) = 0.3 (+0.87 logit); transaction trend (3m vs prior 3m) = -2.0 (+0.64 logit)
502030,0.8834,1,0,lapsed (no purchase in last 3 months),Silver,Austin,2021,high,months since last purchase = 6.0 (+2.22 logit); transactions/month (3m) = 0.0 (+0.96 logit); transactions/month (6m) = 0.0 (+0.85 logit)
501019,0.8815,1,1,active (bought in last 3 months),Silver,Boise,2024,high,support tickets/month (3m) = 1.0 (+1.99 logit); emails opened/month (6m) = 0.0 (+0.78 logit); transactions/month (3m) = 1.0 (+0.68 logit)
500606,0.8804,1,1,active (bought in last 3 months),Platinum,Columbus,2022,high,transactions/month (3m) = 0.3 (+0.87 logit); transactions/month (6m) = 0.5 (+0.73 logit); app sessions/month (3m) = 0.3 (+0.53 logit)
501804,0.8766,1,1,active (bought in last 3 months),Gold,Madison,2022,high,app sessions/month (3m) = 0.0 (+0.66 logit); transactions/month (3m) = 1.3 (+0.59 logit); transactions/month (6m) = 1.2 (+0.57 logit)
500755,0.8734,1,1,active (bought in last 3 months),Silver,Portland,2022,high,transactions/month (3m) = 0.3 (+0.87 logit); app sessions/month (3m) = 0.0 (+0.66 logit); transactions/month (6m) = 1.2 (+0.57 logit)
501443,0.8711,1,1,active (bought in last 3 months),Silver,Boise,2023,high,support tickets/month (3m) = 0.7 (+1.23 logit); emails opened/month (6m) = 0.0 (+0.78 logit); app sessions/month (3m) = 0.0 (+0.66 logit)
500568,0.8673,1,0,active (bought in last 3 months),Silver,Denver,2021,high,support tickets/month (3m) = 0.5 (+0.84 logit); transactions/month (3m) = 0.5 (+0.82 logit); emails opened/month (6m) = 0.0 (+0.78 logit)
500845,0.8648,1,1,active (bought in last 3 months),Gold,Austin,2021,high,transaction trend (3m vs prior 3m) = -3.7 (+1.29 logit); transactions/month (3m) = 1.0 (+0.68 logit); app sessions/month (3m) = 0.0 (+0.66 logit)
502337,0.8644,1,1,active (bought in last 3 months),Silver,Spokane,2023,high,transactions/month (3m) = 1.0 (+0.68 logit); transaction trend (3m vs prior 3m) = -2.0 (+0.64 logit); emails opened/month (3m) = 0.0 (+0.45 logit)
501490,0.8633,1,1,active (bought in last 3 months),Platinum,Tulsa,2022,high,transactions/month (3m) = 0.3 (+0.87 logit); transactions/month (6m) = 0.8 (+0.66 logit); emails opened/month (6m) = 0.2 (+0.60 logit)
500614,0.8621,1,1,active (bought in last 3 months),Silver,Boise,2021,high,support tickets/month (3m) = 0.7 (+1.23 logit); transactions/month (3m) = 1.0 (+0.68 logit); app sessions/month (3m) = 0.3 (+0.53 logit)
502350,0.8576,1,1,active (bought in last 3 months),Silver,Raleigh,2021,high,transactions/month (3m) = 0.3 (+0.87 logit); transactions/month (6m) = 0.2 (+0.80 logit); app sessions/month (3m) = 0.0 (+0.66 logit)
501210,0.8552,1,1,active (bought in last 3 months),Gold,Austin,2023,high,support tickets/month (3m) = 0.7 (+1.23 logit); transaction trend (3m vs prior 3m) = -2.3 (+0.77 logit); transactions/month (3m) = 1.0 (+0.68 logit)
501878,0.8527,1,1,active (bought in last 3 months),Silver,Boise,2023,high,transaction trend (3m vs prior 3m) = -3.7 (+1.29 logit); transactions/month (3m) = 0.7 (+0.77 logit); app sessions/month (3m) = 0.0 (+0.66 logit)
500585,0.8468,1,1,active (bought in last 3 months),Silver,Denver,2021,high,support tickets/month (3m) = 0.7 (+1.23 logit); transactions/month (3m) = 0.7 (+0.77 logit); transactions/month (6m) = 1.0 (+0.61 logit)
500454,0.8462,1,1,lapsed (no purchase in last 3 months),Silver,Denver,2021,high,transaction trend (3m vs prior 3m) = -4.0 (+1.42 logit); transactions/month (3m) = 0.0 (+0.96 logit); months since last purchase = 3.0 (+0.90 logit)
500631,0.8461,1,1,active (bought in last 3 months),Platinum,Austin,2023,high,transactions/month (3m) = 0.7 (+0.77 logit); emails opened/month (6m) = 0.2 (+0.60 logit); transaction trend (3m vs prior 3m) = -1.8 (+0.57 logit)
500802,0.8452,1,1,active (bought in last 3 months),Gold,Spokane,2022,high,app session trend = -2.7 (+0.88 logit); transactions/month (3m) = 0.3 (+0.87 logit); transactions/month (6m) = 0.7 (+0.69 logit)
502420,0.8432,1,1,active (bought in last 3 months),Silver,Tulsa,2023,high,app session trend = -3.3 (+1.12 logit); app sessions/month (3m) = 0.0 (+0.66 logit); transactions/month (3m) = 1.3 (+0.59 logit)
502561,0.8377,1,1,active (bought in last 3 months),Gold,Denver,2023,high,support tickets/month (3m) = 0.7 (+1.23 logit); transactions/month (3m) = 1.0 (+0.68 logit); transactions/month (6m) = 1.0 (+0.61 logit)
501391,0.8225,1,1,active (bought in last 3 months),Silver,Madison,2023,high,transaction trend (3m vs prior 3m) = -3.3 (+1.16 logit); app sessions/month (3m) = 0.0 (+0.66 logit); transactions/month (3m) = 1.7 (+0.50 logit)
500763,0.8212,1,1,active (bought in last 3 months),Gold,Austin,2022,high,transaction trend (3m vs prior 3m) = -3.3 (+1.16 logit); app session trend = -2.0 (+0.65 logit); transactions/month (3m) = 1.3 (+0.59 logit)
500799,0.816,1,1,lapsed (no purchase in last 3 months),Gold,Columbus,2021,high,transactions/month (3m) = 0.0 (+0.96 logit); months since last purchase = 3.0 (+0.90 logit); transactions/month (6m) = 0.2 (+0.81 logit)
500140,0.8127,1,0,active (bought in last 3 months),Silver,Austin,2022,high,transaction trend (3m vs prior 3m) = -2.5 (+0.83 logit); transactions/month (3m) = 0.5 (+0.82 logit); app sessions/month (3m) = 0.0 (+0.66 logit)
501604,0.8092,1,1,lapsed (no purchase in last 3 months),Silver,Boise,2023,high,transactions/month (3m) = 0.0 (+0.96 logit); months since last purchase = 3.0 (+0.90 logit); transactions/month (6m) = 0.8 (+0.65 logit)
500899,0.8075,1,0,lapsed (no purchase in last 3 months),Gold,Denver,2023,high,transactions/month (3m) = 0.0 (+0.96 logit); months since last purchase = 3.0 (+0.90 logit); transactions/month (6m) = 0.2 (+0.81 logit)
500014,0.7972,1,1,active (bought in last 3 months),Gold,Austin,2024,high,transactions/month (3m) = 0.5 (+0.82 logit); emails opened/month (6m) = 0.0 (+0.78 logit); transactions/month (6m) = 0.5 (+0.73 logit)
500722,0.7945,1,1,active (bought in last 3 months),Silver,Austin,2023,high,transactions/month (3m) = 1.3 (+0.59 logit); app sessions/month (3m) = 0.3 (+0.53 logit); support tickets/month (3m) = 0.3 (+0.46 logit)
501900,0.7905,1,1,active (bought in last 3 months),Gold,Columbus,2023,high,support tickets/month (3m) = 1.3 (+2.75 logit); transactions/month (3m) = 1.0 (+0.68 logit); app sessions/month (3m) = 0.0 (+0.66 logit)
502086,0.7797,1,1,active (bought in last 3 months),Gold,Madison,2021,high,transaction trend (3m vs prior 3m) = -3.7 (+1.29 logit); transactions/month (3m) = 1.3 (+0.59 logit); support tickets/month (3m) = 0.3 (+0.46 logit)
501885,0.7687,1,1,lapsed (no purchase in last 3 months),Gold,Austin,2023,high,months since last purchase = 5.0 (+1.78 logit); transactions/month (3m) = 0.0 (+0.96 logit); transactions/month (6m) = 0.3 (+0.77 logit)
501662,0.7668,1,1,active (bought in last 3 months),Silver,Boise,2023,high,transactions/month (3m) = 1.0 (+0.68 logit); app sessions/month (3m) = 0.0 (+0.66 logit); email-open trend = -2.3 (+0.64 logit)
502288,0.7652,1,1,active (bought in last 3 months),Gold,Raleigh,2022,high,transaction trend (3m vs prior 3m) = -4.0 (+1.42 logit); email-open trend = -2.3 (+0.64 logit); transactions/month (3m) = 1.7 (+0.50 logit)
500981,0.7462,1,1,active (bought in last 3 months),Gold,Portland,2023,high,transactions/month (3m) = 1.3 (+0.59 logit); support tickets/month (3m) = 0.3 (+0.46 logit); coupons redeemed/month (3m) = 0.0 (+0.41 logit)
500467,0.7431,1,1,active (bought in last 3 months),Gold,Tulsa,2023,high,app sessions/month (3m) = 0.0 (+0.66 logit); emails opened/month (6m) = 0.2 (+0.60 logit); app sessions/month (6m) = 0.0 (+0.59 logit)
502050,0.7368,1,1,active (bought in last 3 months),Silver,Nashville,2022,high,emails opened/month (6m) = 0.0 (+0.78 logit); transactions/month (3m) = 1.0 (+0.68 logit); app session trend = -2.0 (+0.65 logit)
501253,0.7329,1,0,active (bought in last 3 months),Silver,Boise,2023,high,transactions/month (3m) = 1.0 (+0.68 logit); app sessions/month (3m) = 0.0 (+0.66 logit); transactions/month (6m) = 1.2 (+0.57 logit)
501862,0.7317,1,1,active (bought in last 3 months),Silver,Denver,2023,high,transactions/month (3m) = 0.3 (+0.87 logit); emails opened/month (6m) = 0.0 (+0.78 logit); transactions/month (6m) = 0.4 (+0.75 logit)
500069,0.7292,1,1,active (bought in last 3 months),Gold,Portland,2022,high,support tickets/month (3m) = 0.7 (+1.23 logit); app session trend = -2.3 (+0.77 logit); app sessions/month (3m) = 0.0 (+0.66 logit)
500865,0.7212,1,1,active (bought in last 3 months),Gold,Portland,2021,high,transaction trend (3m vs prior 3m) = -7.3 (+2.72 logit); transactions/month (3m) = 1.3 (+0.59 logit); support tickets/month (3m) = 0.3 (+0.46 logit)
502179,0.7199,1,0,active (bought in last 3 months),Silver,Spokane,2021,high,app sessions/month (3m) = 0.0 (+0.66 logit); emails opened/month (6m) = 0.2 (+0.63 logit); app sessions/month (6m) = 0.3 (+0.48 logit)
500630,0.6911,1,0,active (bought in last 3 months),Silver,Raleigh,2023,high,emails opened/month (6m) = 0.0 (+0.78 logit); app sessions/month (3m) = 0.3 (+0.53 logit); app sessions/month (6m) = 0.3 (+0.48 logit)
502542,0.6886,1,1,active (bought in last 3 months),Silver,Spokane,2023,high,transactions/month (3m) = 0.7 (+0.77 logit); app sessions/month (3m) = 0.0 (+0.66 logit); transactions/month (6m) = 0.8 (+0.65 logit)
501550,0.686,1,0,active (bought in last 3 months),Gold,Madison,2023,high,transaction trend (3m vs prior 3m) = -2.7 (+0.90 logit); app session trend = -2.3 (+0.77 logit); emails opened/month (6m) = 0.2 (+0.63 logit)
500235,0.6748,1,1,active (bought in last 3 months),Gold,Raleigh,2022,high,transaction trend (3m vs prior 3m) = -2.8 (+0.96 logit); transactions/month (3m) = 0.5 (+0.82 logit); app session trend = -2.3 (+0.77 logit)
502228,0.6743,1,1,active (bought in last 3 months),Silver,Spokane,2021,high,transactions/month (3m) = 0.3 (+0.87 logit); transactions/month (6m) = 0.3 (+0.77 logit); app sessions/month (3m) = 0.3 (+0.53 logit)
501248,0.6712,1,0,active (bought in last 3 months),Gold,Boise,2024,high,support tickets/month (3m) = 1.0 (+1.99 logit); transactions/month (3m) = 1.0 (+0.68 logit); app sessions/month (3m) = 0.0 (+0.66 logit)
500699,0.6526,1,1,active (bought in last 3 months),Gold,Portland,2021,high,app sessions/month (3m) = 0.0 (+0.66 logit); transaction trend (3m vs prior 3m) = -2.0 (+0.64 logit); emails opened/month (6m) = 0.3 (+0.48 logit)
501376,0.6463,1,1,active (bought in last 3 months),Silver,Madison,2021,high,transaction trend (3m vs prior 3m) = -4.7 (+1.68 logit); transactions/month (3m) = 0.3 (+0.87 logit); months since last purchase = 2.0 (+0.46 logit)
500031,0.642,1,0,active (bought in last 3 months),Silver,Columbus,2023,high,transactions/month (3m) = 1.0 (+0.68 logit); app sessions/month (3m) = 0.3 (+0.53 logit); transactions/month (6m) = 1.6 (+0.47 logit)
500085,0.6399,1,1,active (bought in last 3 months),Gold,Tulsa,2023,high,emails opened/month (6m) = 0.0 (+0.78 logit); transactions/month (3m) = 1.7 (+0.50 logit); support tickets/month (3m) = 0.3 (+0.46 logit)
500416,0.6286,1,1,active (bought in last 3 months),Gold,Raleigh,2022,high,transactions/month (3m) = 0.7 (+0.77 logit); transactions/month (6m) = 0.7 (+0.69 logit); app sessions/month (3m) = 0.0 (+0.66 logit)
500201,0.6281,1,1,active (bought in last 3 months),Silver,Denver,2021,high,transactions/month (3m) = 1.0 (+0.68 logit); emails opened/month (6m) = 0.2 (+0.63 logit); months since last purchase = 2.0 (+0.46 logit)
501284,0.6274,1,1,active (bought in last 3 months),Gold,Austin,2022,high,support tickets/month (3m) = 0.7 (+1.23 logit); emails opened/month (6m) = 0.3 (+0.48 logit); emails opened/month (3m) = 0.0 (+0.45 logit)
502171,0.6239,1,0,active (bought in last 3 months),Silver,Columbus,2021,high,transaction trend (3m vs prior 3m) = -4.7 (+1.68 logit); transactions/month (3m) = 1.0 (+0.68 logit); emails opened/month (6m) = 0.2 (+0.63 logit)
500760,0.6211,1,1,active (bought in last 3 months),Gold,Portland,2023,high,transactions/month (3m) = 1.3 (+0.59 logit); app sessions/month (3m) = 0.3 (+0.53 logit); transaction trend (3m vs prior 3m) = -1.7 (+0.51 logit)
501869,0.5981,1,1,active (bought in last 3 months),Silver,Nashville,2022,high,support tickets/month (3m) = 0.5 (+0.84 logit); transactions/month (3m) = 1.0 (+0.68 logit); app sessions/month (3m) = 0.0 (+0.66 logit)
500769,0.5918,1,1,active (bought in last 3 months),Silver,Columbus,2021,high,app sessions/month (3m) = 0.0 (+0.66 logit); app session trend = -1.5 (+0.47 logit); support tickets/month (3m) = 0.3 (+0.46 logit)
502364,0.5904,1,1,active (bought in last 3 months),Silver,Columbus,2023,high,support tickets/month (3m) = 1.0 (+1.99 logit); transaction trend (3m vs prior 3m) = -2.3 (+0.77 logit); transactions/month (3m) = 1.7 (+0.50 logit)
501735,0.5895,1,0,active (bought in last 3 months),Silver,Tulsa,2023,high,support tickets/month (3m) = 0.7 (+1.23 logit); transactions/month (3m) = 1.3 (+0.59 logit); transactions/month (6m) = 1.3 (+0.53 logit)
502170,0.5894,1,1,active (bought in last 3 months),Silver,Austin,2021,high,transactions/month (3m) = 0.7 (+0.77 logit); transactions/month (6m) = 0.8 (+0.66 logit); support tickets/month (3m) = 0.3 (+0.46 logit)
502172,0.5871,1,0,active (bought in last 3 months),Silver,Madison,2021,high,support tickets/month (3m) = 0.3 (+0.46 logit); app session trend = -1.3 (+0.42 logit); coupons redeemed/month (3m) = 0.0 (+0.41 logit)
502507,0.5641,1,0,active (bought in last 3 months),Silver,Austin,2021,high,transactions/month (3m) = 0.3 (+0.87 logit); transactions/month (6m) = 0.2 (+0.81 logit); app sessions/month (6m) = 0.2 (+0.53 logit)
500222,0.5591,1,1,active (bought in last 3 months),Silver,Denver,2023,high,transactions/month (3m) = 0.3 (+0.87 logit); app sessions/month (3m) = 0.0 (+0.66 logit); transactions/month (6m) = 0.8 (+0.65 logit)
502378,0.5568,1,0,active (bought in last 3 months),Platinum,Columbus,2021,high,transactions/month (3m) = 0.7 (+0.77 logit); transaction trend (3m vs prior 3m) = -2.3 (+0.77 logit); transactions/month (6m) = 1.8 (+0.42 logit)
500398,0.5557,1,0,active (bought in last 3 months),Gold,Nashville,2022,high,transactions/month (3m) = 0.3 (+0.87 logit); transactions/month (6m) = 0.5 (+0.73 logit); app sessions/month (3m) = 0.0 (+0.66 logit)
501470,0.5491,1,0,active (bought in last 3 months),Silver,Boise,2023,high,transaction trend (3m vs prior 3m) = -4.7 (+1.68 logit); app session trend = -2.3 (+0.77 logit); support tickets/month (3m) = 0.3 (+0.46 logit)
500032,0.5447,1,1,active (bought in last 3 months),Platinum,Portland,2023,high,transactions/month (3m) = 0.7 (+0.77 logit); transactions/month (6m) = 0.5 (+0.73 logit); share of promo transactions (6m) = 0.7 (+0.56 logit)
500889,0.5339,1,1,active (bought in last 3 months),Silver,Raleigh,2022,high,emails opened/month (6m) = 0.0 (+0.78 logit); app sessions/month (3m) = 0.3 (+0.53 logit); transaction trend (3m vs prior 3m) = -1.7 (+0.51 logit)
502012,0.5331,1,1,active (bought in last 3 months),Silver,Austin,2023,high,support tickets/month (3m) = 0.7 (+1.23 logit); emails opened/month (6m) = 0.0 (+0.78 logit); emails opened/month (3m) = 0.0 (+0.45 logit)
500776,0.531,1,1,active (bought in last 3 months),Silver,Boise,2023,high,transactions/month (3m) = 0.3 (+0.87 logit); transactions/month (6m) = 0.2 (+0.81 logit); app sessions/month (6m) = 0.3 (+0.48 logit)
500660,0.5193,1,0,active (bought in last 3 months),Silver,Columbus,2023,high,transaction trend (3m vs prior 3m) = -2.7 (+0.90 logit); app session trend = -2.0 (+0.65 logit); support tickets/month (3m) = 0.3 (+0.46 logit)
501772,0.5186,1,0,active (bought in last 3 months),Silver,Columbus,2023,high,support tickets/month (3m) = 0.5 (+0.84 logit); emails opened/month (6m) = 0.2 (+0.60 logit); transactions/month (6m) = 1.4 (+0.52 logit)
501987,0.5184,1,0,active (bought in last 3 months),Silver,Tulsa,2021,high,support tickets/month (3m) = 0.7 (+1.23 logit); transaction trend (3m vs prior 3m) = -3.3 (+1.16 logit); app sessions/month (3m) = 0.3 (+0.53 logit)
500906,0.5157,1,1,active (bought in last 3 months),Silver,Nashville,2021,high,transaction trend (3m vs prior 3m) = -8.0 (+2.98 logit); support tickets/month (3m) = 0.7 (+1.23 logit); app session trend = -2.7 (+0.88 logit)
502154,0.5097,1,0,active (bought in last 3 months),Gold,Austin,2024,high,support tickets/month (3m) = 2.0 (+4.28 logit); support tickets/month (6m) = 2.0 (+1.29 logit); emails opened/month (6m) = 0.0 (+0.78 logit)
502003,0.5076,1,1,active (bought in last 3 months),Silver,Tulsa,2023,high,transactions/month (3m) = 0.7 (+0.77 logit); transactions/month (6m) = 0.5 (+0.73 logit); app sessions/month (3m) = 0.0 (+0.66 logit)
501371,0.5071,1,1,active (bought in last 3 months),Silver,Spokane,2022,high,transaction trend (3m vs prior 3m) = -3.3 (+1.16 logit); emails opened/month (6m) = 0.3 (+0.48 logit); support tickets/month (3m) = 0.3 (+0.46 logit)
502195,0.5068,1,0,active (bought in last 3 months),Silver,Madison,2022,high,transactions/month (3m) = 1.3 (+0.59 logit); app sessions/month (3m) = 0.3 (+0.53 logit); transaction trend (3m vs prior 3m) = -1.7 (+0.51 logit)
501830,0.4959,1,0,active (bought in last 3 months),Silver,Raleigh,2022,high,support tickets/month (3m) = 0.5 (+0.84 logit); transactions/month (3m) = 1.0 (+0.68 logit); app sessions/month (3m) = 0.5 (+0.46 logit)
500170,0.4945,1,1,active (bought in last 3 months),Silver,Madison,2022,high,app session trend = -1.7 (+0.53 logit); app sessions/month (3m) = 0.3 (+0.53 logit); transactions/month (3m) = 1.7 (+0.50 logit)
501585,0.4561,1,0,active (bought in last 3 months),Platinum,Madison,2022,high,transaction trend (3m vs prior 3m) = -4.0 (+1.42 logit); transactions/month (3m) = 0.3 (+0.87 logit); emails opened/month (6m) = 0.0 (+0.78 logit)
502033,0.4537,1,1,active (bought in last 3 months),Silver,Spokane,2021,high,app sessions/month (3m) = 0.0 (+0.66 logit); transaction trend (3m vs prior 3m) = -1.7 (+0.51 logit); transactions/month (3m) = 1.7 (+0.50 logit)
501464,0.4527,1,0,active (bought in last 3 months),Gold,Austin,2021,high,transactions/month (3m) = 0.7 (+0.77 logit); app sessions/month (3m) = 0.0 (+0.66 logit); transactions/month (6m) = 0.8 (+0.65 logit)
501812,0.4457,1,1,active (bought in last 3 months),Silver,Spokane,2023,high,app session trend = -3.0 (+1.00 logit); transactions/month (3m) = 1.0 (+0.68 logit); app sessions/month (3m) = 0.0 (+0.66 logit)
500175,0.4433,1,0,active (bought in last 3 months),Silver,Boise,2021,high,app sessions/month (3m) = 0.3 (+0.53 logit); support tickets/month (3m) = 0.3 (+0.46 logit); transactions/month (6m) = 1.8 (+0.42 logit)
501763,0.4235,1,0,active (bought in last 3 months),Silver,Austin,2021,high,support tickets/month (3m) = 0.7 (+1.23 logit); app sessions/month (3m) = 0.0 (+0.66 logit); transaction trend (3m vs prior 3m) = -2.0 (+0.64 logit)
500852,0.4227,1,0,active (bought in last 3 months),Silver,Raleigh,2023,high,transaction trend (3m vs prior 3m) = -4.7 (+1.68 logit); transactions/month (3m) = 0.7 (+0.77 logit); emails opened/month (6m) = 0.3 (+0.48 logit)
500256,0.4226,1,1,active (bought in last 3 months),Gold,Nashville,2022,high,support tickets/month (3m) = 0.7 (+1.23 logit); email-open trend = -2.7 (+0.74 logit); app sessions/month (3m) = 0.0 (+0.66 logit)
500640,0.4213,1,1,active (bought in last 3 months),Silver,Boise,2022,high,support tickets/month (3m) = 0.7 (+1.23 logit); emails opened/month (6m) = 0.0 (+0.78 logit); app sessions/month (6m) = 0.2 (+0.53 logit)
501918,0.4145,1,1,active (bought in last 3 months),Gold,Portland,2021,high,emails opened/month (6m) = 0.0 (+0.78 logit); app sessions/month (3m) = 0.0 (+0.66 logit); transactions/month (3m) = 1.3 (+0.59 logit)
500121,0.4069,1,1,lapsed (no purchase in last 3 months),Platinum,Raleigh,2023,high,transactions/month (3m) = 0.0 (+0.96 logit); months since last purchase = 3.0 (+0.90 logit); transactions/month (6m) = 0.6 (+0.70 logit)
502324,0.4025,1,0,active (bought in last 3 months),Silver,Raleigh,2022,high,transactions/month (3m) = 0.3 (+0.87 logit); app sessions/month (3m) = 0.0 (+0.66 logit); transaction trend (3m vs prior 3m) = -2.0 (+0.64 logit)
501161,0.3989,1,1,active (bought in last 3 months),Gold,Austin,2021,high,app sessions/month (3m) = 0.0 (+0.66 logit); emails opened/month (6m) = 0.2 (+0.63 logit); transactions/month (3m) = 1.3 (+0.59 logit)
502282,0.3941,1,0,active (bought in last 3 months),Gold,Nashville,2022,high,transactions/month (3m) = 0.7 (+0.77 logit); transactions/month (6m) = 1.2 (+0.57 logit); app sessions/month (6m) = 0.2 (+0.53 logit)
500627,0.3808,0,0,active (bought in last 3 months),Silver,Raleigh,2021,medium,transactions/month (3m) = 1.0 (+0.68 logit); transactions/month (6m) = 0.8 (+0.65 logit); emails opened/month (6m) = 0.2 (+0.63 logit)
501722,0.3753,0,1,active (bought in last 3 months),Silver,Spokane,2023,medium,app sessions/month (3m) = 0.0 (+0.66 logit); transaction trend (3m vs prior 3m) = -1.7 (+0.51 logit); app sessions/month (6m) = 0.5 (+0.42 logit)
500414,0.3737,0,0,active (bought in last 3 months),Silver,Portland,2023,medium,transactions/month (3m) = 0.3 (+0.87 logit); transactions/month (6m) = 0.5 (+0.73 logit); emails opened/month (6m) = 0.2 (+0.55 logit)
501285,0.3733,0,0,active (bought in last 3 months),Silver,Columbus,2023,medium,emails opened/month (6m) = 0.2 (+0.63 logit); support tickets/month (3m) = 0.3 (+0.46 logit); emails opened/month (3m) = 0.0 (+0.45 logit)
502196,0.3718,0,0,active (bought in last 3 months),Silver,Columbus,2023,medium,app session trend = -2.0 (+0.65 logit); emails opened/month (6m) = 0.2 (+0.63 logit); transactions/month (3m) = 2.0 (+0.40 logit)
501746,0.3607,0,1,active (bought in last 3 months),Silver,Tulsa,2021,medium,transactions/month (3m) = 1.3 (+0.59 logit); app sessions/month (6m) = 0.2 (+0.53 logit); app sessions/month (3m) = 0.3 (+0.53 logit)
501110,0.3538,0,1,active (bought in last 3 months),Silver,Denver,2023,medium,transaction trend (3m vs prior 3m) = -4.0 (+1.42 logit); emails opened/month (6m) = 0.2 (+0.63 logit); transactions/month (3m) = 1.7 (+0.50 logit)
501790,0.3525,0,1,active (bought in last 3 months),Silver,Portland,2024,medium,support tickets/month (3m) = 0.5 (+0.84 logit); transactions/month (3m) = 1.5 (+0.54 logit); transactions/month (6m) = 1.5 (+0.49 logit)
501295,0.3509,0,1,active (bought in last 3 months),Gold,Tulsa,2022,medium,transaction trend (3m vs prior 3m) = -3.7 (+1.29 logit); emails opened/month (6m) = 0.3 (+0.48 logit); emails opened/month (3m) = 0.0 (+0.45 logit)
500661,0.3447,0,0,active (bought in last 3 months),Platinum,Madison,2023,medium,transactions/month (3m) = 1.0 (+0.68 logit); transactions/month (6m) = 1.2 (+0.57 logit); app sessions/month (3m) = 0.3 (+0.53 logit)
501322,0.3442,0,0,active (bought in last 3 months),Gold,Austin,2022,medium,transaction trend (3m vs prior 3m) = -8.0 (+2.98 logit); emails opened/month (6m) = 0.0 (+0.78 logit); emails opened/month (3m) = 0.0 (+0.45 logit)
500072,0.3392,0,0,active (bought in last 3 months),Silver,Columbus,2021,medium,support tickets/month (3m) = 0.7 (+1.23 logit); emails opened/month (6m) = 0.3 (+0.48 logit); city = Columbus (+0.32 logit)
500958,0.3384,0,1,active (bought in last 3 months),Platinum,Boise,2023,medium,transaction trend (3m vs prior 3m) = -3.8 (+1.35 logit); transactions/month (3m) = 0.7 (+0.77 logit); months since last purchase = 2.0 (+0.46 logit)
501015,0.3363,0,0,active (bought in last 3 months),Silver,Madison,2021,medium,transactions/month (3m) = 1.0 (+0.68 logit); transaction trend (3m vs prior 3m) = -1.7 (+0.51 logit); emails opened/month (6m) = 0.3 (+0.48 logit)
500241,0.3334,0,0,active (bought in last 3 months),Silver,Columbus,2022,medium,transaction trend (3m vs prior 3m) = -6.2 (+2.26 logit); app session trend = -3.7 (+1.23 logit); coupons redeemed/month (3m) = 0.0 (+0.41 logit)
500596,0.3332,0,0,active (bought in last 3 months),Silver,Madison,2024,medium,emails opened/month (6m) = 0.0 (+0.78 logit); transactions/month (3m) = 1.0 (+0.68 logit); transactions/month (6m) = 1.0 (+0.61 logit)
500120,0.3326,0,0,active (bought in last 3 months),Silver,Portland,2023,medium,app sessions/month (3m) = 0.0 (+0.66 logit); app sessions/month (6m) = 0.0 (+0.59 logit); support tickets/month (3m) = 0.3 (+0.46 logit)
502493,0.3225,0,0,active (bought in last 3 months),Silver,Columbus,2023,medium,emails opened/month (6m) = 0.0 (+0.78 logit); emails opened/month (3m) = 0.0 (+0.45 logit); transactions/month (3m) = 2.0 (+0.40 logit)
501489,0.3212,0,0,active (bought in last 3 months),Silver,Denver,2023,medium,transactions/month (6m) = 0.7 (+0.69 logit); app sessions/month (3m) = 0.0 (+0.66 logit); transactions/month (3m) = 1.3 (+0.59 logit)
501626,0.3208,0,0,active (bought in last 3 months),Gold,Portland,2023,medium,app sessions/month (3m) = 0.0 (+0.66 logit); transactions/month (6m) = 1.0 (+0.61 logit); transactions/month (3m) = 1.3 (+0.59 logit)
500455,0.3181,0,0,active (bought in last 3 months),Silver,Nashville,2021,medium,transactions/month (3m) = 0.3 (+0.87 logit); transactions/month (6m) = 0.3 (+0.77 logit); app sessions/month (3m) = 0.0 (+0.66 logit)
502530,0.3176,0,1,active (bought in last 3 months),Silver,Tulsa,2022,medium,transactions/month (3m) = 1.0 (+0.68 logit); transactions/month (6m) = 1.5 (+0.49 logit); emails opened/month (6m) = 0.3 (+0.48 logit)
501153,0.3146,0,0,active (bought in last 3 months),Gold,Portland,2021,medium,support tickets/month (3m) = 0.7 (+1.23 logit); coupons redeemed/month (3m) = 0.0 (+0.41 logit); home store price tier = Value (+0.35 logit)
501584,0.3051,0,0,active (bought in last 3 months),Silver,Columbus,2023,medium,coupons redeemed/month (3m) = 0.0 (+0.41 logit); marketing opt-in = 1 (+0.33 logit); city = Columbus (+0.32 logit)
500421,0.3051,0,1,active (bought in last 3 months),Platinum,Columbus,2023,medium,transactions/month (3m) = 1.3 (+0.59 logit); transaction trend (3m vs prior 3m) = -1.7 (+0.51 logit); app sessions/month (6m) = 0.4 (+0.45 logit)
501764,0.298,0,0,active (bought in last 3 months),Silver,Denver,2023,medium,support tickets/month (3m) = 0.3 (+0.46 logit); transactions/month (3m) = 2.0 (+0.40 logit); home store price tier = Value (+0.35 logit)
501627,0.2934,0,0,active (bought in last 3 months),Silver,Raleigh,2021,medium,transactions/month (6m) = 0.5 (+0.73 logit); transactions/month (3m) = 1.0 (+0.68 logit); app sessions/month (6m) = 0.3 (+0.48 logit)
502478,0.2927,0,0,active (bought in last 3 months),Gold,Tulsa,2022,medium,transaction trend (3m vs prior 3m) = -2.0 (+0.64 logit); transactions/month (3m) = 1.7 (+0.50 logit); home store price tier = Value (+0.35 logit)
500738,0.2911,0,1,active (bought in last 3 months),Silver,Spokane,2023,medium,transactions/month (3m) = 1.7 (+0.50 logit); transactions/month (6m) = 1.5 (+0.49 logit); support tickets/month (3m) = 0.3 (+0.46 logit)
502578,0.2894,0,0,active (bought in last 3 months),Silver,Boise,2021,medium,transactions/month (6m) = 1.3 (+0.53 logit); transactions/month (3m) = 1.7 (+0.50 logit); emails opened/month (6m) = 0.3 (+0.48 logit)
502506,0.2889,0,0,active (bought in last 3 months),Platinum,Spokane,2022,medium,emails opened/month (6m) = 0.2 (+0.63 logit); app sessions/month (3m) = 0.3 (+0.53 logit); app sessions/month (6m) = 0.3 (+0.48 logit)
500073,0.2855,0,0,active (bought in last 3 months),Silver,Madison,2022,medium,support tickets/month (3m) = 0.3 (+0.46 logit); transactions/month (3m) = 2.0 (+0.40 logit); home store price tier = Value (+0.35 logit)
501855,0.2772,0,0,active (bought in last 3 months),Silver,Tulsa,2021,medium,transaction trend (3m vs prior 3m) = -3.0 (+1.03 logit); emails opened/month (6m) = 0.2 (+0.63 logit); transactions/month (3m) = 1.7 (+0.50 logit)
501372,0.277,0,0,active (bought in last 3 months),Gold,Nashville,2023,medium,transaction trend (3m vs prior 3m) = -3.5 (+1.22 logit); app session trend = -2.2 (+0.71 logit); emails opened/month (6m) = 0.2 (+0.60 logit)
500006,0.2757,0,0,active (bought in last 3 months),Silver,Nashville,2022,medium,support tickets/month (3m) = 0.7 (+1.23 logit); transaction trend (3m vs prior 3m) = -2.0 (+0.64 logit); transactions/month (3m) = 1.3 (+0.59 logit)
500447,0.2748,0,0,active (bought in last 3 months),Silver,Tulsa,2022,medium,transaction trend (3m vs prior 3m) = -3.0 (+1.03 logit); emails opened/month (3m) = 0.0 (+0.45 logit); app session trend = -1.3 (+0.42 logit)
501351,0.2719,0,0,active (bought in last 3 months),Silver,Nashville,2023,medium,emails opened/month (6m) = 0.2 (+0.63 logit); coupons redeemed/month (3m) = 0.0 (+0.41 logit); transactions/month (3m) = 2.0 (+0.40 logit)
500876,0.2665,0,1,active (bought in last 3 months),Gold,Nashville,2022,medium,support tickets/month (3m) = 1.3 (+2.75 logit); support tickets/month (6m) = 1.0 (+0.60 logit); coupons redeemed/month (3m) = 0.0 (+0.41 logit)
502569,0.2665,0,0,active (bought in last 3 months),Silver,Raleigh,2022,medium,transaction trend (3m vs prior 3m) = -2.7 (+0.90 logit); app sessions/month (3m) = 0.3 (+0.53 logit); transactions/month (3m) = 1.7 (+0.50 logit)
501698,0.2597,0,0,active (bought in last 3 months),Silver,Tulsa,2022,medium,support tickets/month (3m) = 0.7 (+1.23 logit); app sessions/month (3m) = 0.3 (+0.53 logit); emails opened/month (6m) = 0.3 (+0.48 logit)
501715,0.2577,0,1,active (bought in last 3 months),Platinum,Columbus,2023,medium,emails opened/month (6m) = 0.0 (+0.78 logit); transactions/month (3m) = 0.7 (+0.77 logit); transactions/month (6m) = 0.7 (+0.69 logit)
501289,0.2553,0,0,active (bought in last 3 months),Platinum,Raleigh,2021,medium,transaction trend (3m vs prior 3m) = -1.7 (+0.51 logit); support tickets/month (3m) = 0.3 (+0.46 logit); home store price tier = Value (+0.35 logit)
501594,0.2503,0,0,active (bought in last 3 months),Silver,Spokane,2022,medium,transaction trend (3m vs prior 3m) = -2.0 (+0.64 logit); emails opened/month (6m) = 0.3 (+0.48 logit); support tickets/month (3m) = 0.3 (+0.46 logit)
501986,0.2475,0,1,active (bought in last 3 months),Silver,Tulsa,2022,medium,support tickets/month (3m) = 0.7 (+1.23 logit); transaction trend (3m vs prior 3m) = -2.7 (+0.90 logit); emails opened/month (6m) = 0.2 (+0.63 logit)
502293,0.2467,0,0,active (bought in last 3 months),Gold,Portland,2023,medium,transaction trend (3m vs prior 3m) = -2.7 (+0.90 logit); transactions/month (3m) = 0.7 (+0.77 logit); app sessions/month (3m) = 0.0 (+0.66 logit)
500645,0.2404,0,0,active (bought in last 3 months),Gold,Spokane,2021,medium,emails opened/month (6m) = 0.0 (+0.78 logit); app session trend = -2.0 (+0.65 logit); support tickets/month (3m) = 0.3 (+0.46 logit)
501030,0.24,0,1,active (bought in last 3 months),Silver,Boise,2023,medium,transactions/month (3m) = 1.3 (+0.59 logit); app sessions/month (3m) = 0.3 (+0.53 logit); transactions/month (6m) = 1.8 (+0.42 logit)
500867,0.2398,0,1,active (bought in last 3 months),Platinum,Spokane,2023,medium,transaction trend (3m vs prior 3m) = -2.7 (+0.90 logit); app session trend = -1.3 (+0.42 logit); coupons redeemed/month (3m) = 0.0 (+0.41 logit)
501441,0.2362,0,0,active (bought in last 3 months),Platinum,Raleigh,2023,medium,app sessions/month (3m) = 0.0 (+0.66 logit); transactions/month (3m) = 1.3 (+0.59 logit); transactions/month (6m) = 1.3 (+0.53 logit)
500309,0.2284,0,1,active (bought in last 3 months),Silver,Madison,2023,medium,app sessions/month (3m) = 0.0 (+0.66 logit); transactions/month (3m) = 1.3 (+0.59 logit); app sessions/month (6m) = 0.0 (+0.59 logit)
501923,0.2276,0,0,active (bought in last 3 months),Silver,Columbus,2023,medium,support tickets/month (3m) = 1.0 (+1.99 logit); emails opened/month (6m) = 0.0 (+0.78 logit); app session trend = -2.3 (+0.77 logit)
500453,0.2245,0,0,active (bought in last 3 months),Silver,Nashville,2021,medium,transactions/month (3m) = 1.0 (+0.68 logit); transactions/month (6m) = 1.0 (+0.61 logit); support tickets/month (3m) = 0.3 (+0.46 logit)
501695,0.2158,0,0,active (bought in last 3 months),Gold,Denver,2023,medium,support tickets/month (3m) = 0.7 (+1.23 logit); transactions/month (3m) = 1.7 (+0.50 logit); transactions/month (6m) = 1.7 (+0.45 logit)
502078,0.214,0,1,active (bought in last 3 months),Silver,Madison,2023,medium,transactions/month (3m) = 1.0 (+0.68 logit); transactions/month (6m) = 1.2 (+0.56 logit); app sessions/month (3m) = 0.5 (+0.46 logit)
501713,0.2122,0,0,active (bought in last 3 months),Silver,Austin,2022,medium,transaction trend (3m vs prior 3m) = -2.0 (+0.64 logit); coupons redeemed/month (3m) = 0.0 (+0.41 logit); transactions/month (3m) = 2.0 (+0.40 logit)
500532,0.2113,0,1,active (bought in last 3 months),Silver,Nashville,2022,medium,support tickets/month (3m) = 0.5 (+0.84 logit); app sessions/month (3m) = 0.0 (+0.66 logit); app session trend = -1.7 (+0.53 logit)
500037,0.2085,0,0,active (bought in last 3 months),Silver,Tulsa,2022,medium,transactions/month (3m) = 0.7 (+0.77 logit); transactions/month (6m) = 1.3 (+0.53 logit); app sessions/month (3m) = 0.3 (+0.53 logit)
501325,0.2058,0,0,active (bought in last 3 months),Gold,Nashville,2021,medium,transaction trend (3m vs prior 3m) = -2.7 (+0.90 logit); app session trend = -1.3 (+0.42 logit); home store price tier = Value (+0.35 logit)
502509,0.203,0,1,active (bought in last 3 months),Gold,Madison,2021,medium,support tickets/month (3m) = 0.7 (+1.23 logit); transaction trend (3m vs prior 3m) = -3.3 (+1.16 logit); app sessions/month (3m) = 0.0 (+0.66 logit)
500337,0.2018,0,0,active (bought in last 3 months),Gold,Austin,2021,medium,transactions/month (3m) = 0.7 (+0.77 logit); transactions/month (6m) = 1.2 (+0.57 logit); support tickets/month (3m) = 0.3 (+0.46 logit)
501777,0.2018,0,0,active (bought in last 3 months),Platinum,Madison,2022,medium,transactions/month (3m) = 1.3 (+0.59 logit); transactions/month (6m) = 1.3 (+0.53 logit); coupons redeemed/month (3m) = 0.0 (+0.41 logit)
501758,0.2007,0,0,active (bought in last 3 months),Silver,Portland,2023,medium,app session trend = -1.3 (+0.42 logit); coupons redeemed/month (3m) = 0.0 (+0.41 logit); home store price tier = Value (+0.35 logit)
501032,0.2004,0,0,active (bought in last 3 months),Gold,Columbus,2023,medium,transaction trend (3m vs prior 3m) = -2.0 (+0.64 logit); transactions/month (3m) = 1.7 (+0.50 logit); support tickets/month (3m) = 0.3 (+0.46 logit)
500877,0.1998,0,0,active (bought in last 3 months),Gold,Tulsa,2023,medium,emails opened/month (6m) = 0.2 (+0.63 logit); support tickets/month (3m) = 0.3 (+0.46 logit); coupons redeemed/month (3m) = 0.0 (+0.41 logit)
500911,0.1984,0,0,active (bought in last 3 months),Silver,Denver,2023,medium,emails opened/month (6m) = 0.0 (+0.78 logit); support tickets/month (3m) = 0.3 (+0.46 logit); emails opened/month (3m) = 0.0 (+0.45 logit)
500484,0.1946,0,0,active (bought in last 3 months),Platinum,Spokane,2023,medium,email-open trend = -3.3 (+0.93 logit); transactions/month (3m) = 1.3 (+0.59 logit); transactions/month (6m) = 1.5 (+0.49 logit)
500146,0.1941,0,0,active (bought in last 3 months),Silver,Columbus,2023,medium,app session trend = -3.0 (+1.00 logit); emails opened/month (6m) = 0.2 (+0.55 logit); home store price tier = Value (+0.35 logit)
502340,0.1924,0,0,active (bought in last 3 months),Platinum,Raleigh,2021,medium,emails opened/month (6m) = 0.0 (+0.78 logit); emails opened/month (3m) = 0.0 (+0.45 logit); coupons redeemed/month (3m) = 0.0 (+0.41 logit)
502280,0.1921,0,1,active (bought in last 3 months),Silver,Madison,2023,medium,transactions/month (3m) = 1.3 (+0.59 logit); transactions/month (6m) = 1.3 (+0.53 logit); support tickets/month (3m) = 0.3 (+0.46 logit)
501085,0.191,0,1,active (bought in last 3 months),Silver,Raleigh,2023,medium,transactions/month (3m) = 1.3 (+0.59 logit); app session trend = -1.7 (+0.53 logit); transaction trend (3m vs prior 3m) = -1.7 (+0.51 logit)
500508,0.1906,0,0,active (bought in last 3 months),Silver,Portland,2022,medium,support tickets/month (3m) = 0.7 (+1.23 logit); app session trend = -1.3 (+0.42 logit); transactions/month (3m) = 2.3 (+0.31 logit)
502149,0.1898,0,0,active (bought in last 3 months),Silver,Austin,2022,medium,emails opened/month (6m) = 0.2 (+0.63 logit); app sessions/month (3m) = 0.3 (+0.53 logit); emails opened/month (3m) = 0.0 (+0.45 logit)
501493,0.1882,0,0,active (bought in last 3 months),Gold,Raleigh,2023,medium,transaction trend (3m vs prior 3m) = -2.0 (+0.64 logit); emails opened/month (3m) = 0.0 (+0.45 logit); email-open trend = -1.5 (+0.40 logit)
500228,0.1837,0,0,active (bought in last 3 months),Silver,Spokane,2022,medium,support tickets/month (3m) = 0.7 (+1.23 logit); app sessions/month (3m) = 0.3 (+0.53 logit); app sessions/month (6m) = 0.7 (+0.37 logit)
501882,0.1826,0,0,active (bought in last 3 months),Gold,Spokane,2023,medium,app sessions/month (3m) = 0.3 (+0.53 logit); support tickets/month (3m) = 0.3 (+0.46 logit); marketing opt-in = 1 (+0.33 logit)
500303,0.1823,0,1,active (bought in last 3 months),Gold,Spokane,2021,medium,transactions/month (3m) = 0.7 (+0.77 logit); transaction trend (3m vs prior 3m) = -2.0 (+0.64 logit); transactions/month (6m) = 1.7 (+0.45 logit)
501149,0.1821,0,0,active (bought in last 3 months),Silver,Portland,2023,medium,transaction trend (3m vs prior 3m) = -4.5 (+1.61 logit); app session trend = -3.0 (+1.00 logit); email-open trend = -2.0 (+0.55 logit)
500384,0.1808,0,0,active (bought in last 3 months),Silver,Boise,2022,medium,support tickets/month (3m) = 0.3 (+0.46 logit); email-open trend = -1.7 (+0.45 logit); transactions/month (3m) = 2.0 (+0.40 logit)
502153,0.1797,0,0,active (bought in last 3 months),Silver,Madison,2022,medium,transaction trend (3m vs prior 3m) = -1.7 (+0.51 logit); support tickets/month (3m) = 0.3 (+0.46 logit); transactions/month (3m) = 2.0 (+0.40 logit)
501538,0.1796,0,0,active (bought in last 3 months),Gold,Spokane,2022,medium,emails opened/month (6m) = 0.0 (+0.78 logit); transactions/month (3m) = 1.7 (+0.50 logit); emails opened/month (3m) = 0.0 (+0.45 logit)
501897,0.1787,0,0,active (bought in last 3 months),Silver,Madison,2021,medium,app sessions/month (3m) = 0.3 (+0.53 logit); transactions/month (3m) = 1.7 (+0.50 logit); transactions/month (6m) = 1.5 (+0.49 logit)
501481,0.1767,0,0,active (bought in last 3 months),Silver,Boise,2022,medium,transaction trend (3m vs prior 3m) = -2.0 (+0.64 logit); support tickets/month (3m) = 0.3 (+0.46 logit); app session trend = -1.3 (+0.42 logit)
501480,0.1758,0,0,active (bought in last 3 months),Gold,Portland,2023,medium,transaction trend (3m vs prior 3m) = -7.0 (+2.59 logit); support tickets/month (3m) = 0.3 (+0.46 logit); transactions/month (3m) = 2.0 (+0.40 logit)
501857,0.1721,0,0,active (bought in last 3 months),Silver,Madison,2021,medium,support tickets/month (3m) = 0.7 (+1.23 logit); transactions/month (6m) = 1.3 (+0.53 logit); app session trend = -1.3 (+0.42 logit)
500849,0.1706,0,1,active (bought in last 3 months),Platinum,Portland,2023,medium,support tickets/month (3m) = 0.7 (+1.23 logit); app session trend = -1.3 (+0.42 logit); app sessions/month (3m) = 0.7 (+0.40 logit)
501701,0.1682,0,0,active (bought in last 3 months),Gold,Raleigh,2023,medium,transactions/month (6m) = 1.5 (+0.49 logit); emails opened/month (6m) = 0.3 (+0.48 logit); support tickets/month (3m) = 0.3 (+0.46 logit)
501425,0.1653,0,0,active (bought in last 3 months),Silver,Columbus,2023,medium,support tickets/month (3m) = 0.7 (+1.23 logit); app sessions/month (3m) = 0.3 (+0.53 logit); emails opened/month (6m) = 0.3 (+0.48 logit)
502239,0.1646,0,0,active (bought in last 3 months),Silver,Austin,2021,medium,transaction trend (3m vs prior 3m) = -2.0 (+0.64 logit); app session trend = -1.7 (+0.53 logit); support tickets/month (3m) = 0.3 (+0.46 logit)
500419,0.162,0,0,active (bought in last 3 months),Platinum,Tulsa,2022,medium,app sessions/month (3m) = 0.0 (+0.66 logit); emails opened/month (6m) = 0.2 (+0.63 logit); app sessions/month (6m) = 0.2 (+0.53 logit)
502573,0.162,0,0,active (bought in last 3 months),Silver,Nashville,2022,medium,transactions/month (3m) = 1.7 (+0.50 logit); support tickets/month (3m) = 0.3 (+0.46 logit); transactions/month (6m) = 1.8 (+0.42 logit)
500220,0.1608,0,0,active (bought in last 3 months),Gold,Denver,2021,medium,transaction trend (3m vs prior 3m) = -2.7 (+0.90 logit); emails opened/month (6m) = 0.3 (+0.48 logit); support tickets/month (3m) = 0.3 (+0.46 logit)
500926,0.16,0,0,active (bought in last 3 months),Gold,Spokane,2021,medium,support tickets/month (3m) = 0.7 (+1.23 logit); transaction trend (3m vs prior 3m) = -2.7 (+0.90 logit); marketing opt-in = 1 (+0.33 logit)
501976,0.1596,0,0,active (bought in last 3 months),Silver,Tulsa,2023,medium,transaction trend (3m vs prior 3m) = -2.3 (+0.77 logit); transactions/month (3m) = 1.0 (+0.68 logit); app session trend = -1.7 (+0.53 logit)
500477,0.1591,0,0,active (bought in last 3 months),Platinum,Portland,2024,medium,emails opened/month (6m) = 0.0 (+0.78 logit); transactions/month (3m) = 1.0 (+0.68 logit); transactions/month (6m) = 1.0 (+0.61 logit)
500604,0.1583,0,0,active (bought in last 3 months),Silver,Columbus,2023,medium,transactions/month (3m) = 1.3 (+0.59 logit); transactions/month (6m) = 1.8 (+0.42 logit); app sessions/month (3m) = 0.7 (+0.40 logit)
502101,0.1569,0,0,active (bought in last 3 months),Silver,Madison,2022,medium,transaction trend (3m vs prior 3m) = -1.7 (+0.51 logit); emails opened/month (6m) = 0.3 (+0.48 logit); emails opened/month (3m) = 0.0 (+0.45 logit)
502535,0.1558,0,1,active (bought in last 3 months),Platinum,Madison,2021,medium,transactions/month (3m) = 1.3 (+0.59 logit); transaction trend (3m vs prior 3m) = -1.7 (+0.51 logit); support tickets/month (3m) = 0.3 (+0.46 logit)
501834,0.1537,0,0,active (bought in last 3 months),Silver,Columbus,2022,medium,support tickets/month (3m) = 0.7 (+1.23 logit); transactions/month (3m) = 1.7 (+0.50 logit); transactions/month (6m) = 1.5 (+0.49 logit)
500226,0.152,0,1,active (bought in last 3 months),Silver,Portland,2022,medium,app sessions/month (3m) = 0.0 (+0.66 logit); app sessions/month (6m) = 0.0 (+0.59 logit); transactions/month (3m) = 2.0 (+0.40 logit)
502008,0.1497,0,0,active (bought in last 3 months),Platinum,Denver,2022,medium,support tickets/month (3m) = 0.7 (+1.23 logit); transaction trend (3m vs prior 3m) = -2.8 (+0.96 logit); app session trend = -2.3 (+0.77 logit)
500708,0.1494,0,0,active (bought in last 3 months),Silver,Austin,2021,medium,app sessions/month (3m) = 0.3 (+0.53 logit); app sessions/month (6m) = 0.3 (+0.48 logit); support tickets/month (3m) = 0.3 (+0.46 logit)
500167,0.1484,0,0,active (bought in last 3 months),Gold,Nashville,2021,medium,app sessions/month (3m) = 0.0 (+0.66 logit); app session trend = -1.7 (+0.53 logit); coupons redeemed/month (3m) = 0.0 (+0.41 logit)
501209,0.1483,0,1,active (bought in last 3 months),Gold,Denver,2023,medium,transaction trend (3m vs prior 3m) = -3.8 (+1.35 logit); transactions/month (3m) = 1.7 (+0.50 logit); coupons redeemed/month (3m) = 0.0 (+0.41 logit)
501235,0.1482,0,0,active (bought in last 3 months),Silver,Spokane,2023,medium,transaction trend (3m vs prior 3m) = -2.3 (+0.77 logit); app sessions/month (3m) = 0.3 (+0.53 logit); email-open trend = -1.7 (+0.45 logit)
500965,0.1468,0,0,lapsed (no purchase in last 3 months),Gold,Nashville,2021,medium,months since last purchase = 4.0 (+1.34 logit); transactions/month (3m) = 0.0 (+0.96 logit); transactions/month (6m) = 0.4 (+0.75 logit)
501591,0.1439,0,0,active (bought in last 3 months),Silver,Denver,2023,medium,transaction trend (3m vs prior 3m) = -2.7 (+0.90 logit); app sessions/month (3m) = 0.3 (+0.53 logit); transactions/month (3m) = 1.7 (+0.50 logit)
500059,0.1436,0,0,active (bought in last 3 months),Silver,Madison,2021,medium,transaction trend (3m vs prior 3m) = -3.5 (+1.22 logit); app session trend = -2.5 (+0.82 logit); app sessions/month (3m) = 0.5 (+0.46 logit)
501491,0.1436,0,0,active (bought in last 3 months),Silver,Austin,2023,medium,support tickets/month (3m) = 0.3 (+0.46 logit); app sessions/month (3m) = 0.7 (+0.40 logit); home store price tier = Value (+0.35 logit)
502043,0.1425,0,0,active (bought in last 3 months),Silver,Raleigh,2021,medium,transaction trend (3m vs prior 3m) = -4.3 (+1.55 logit); app session trend = -2.7 (+0.88 logit); emails opened/month (6m) = 0.2 (+0.63 logit)
501403,0.1421,0,0,active (bought in last 3 months),Platinum,Austin,2022,medium,emails opened/month (6m) = 0.2 (+0.63 logit); transactions/month (6m) = 1.3 (+0.53 logit); transactions/month (3m) = 1.7 (+0.50 logit)
501134,0.1419,0,0,active (bought in last 3 months),Gold,Columbus,2023,medium,transaction trend (3m vs prior 3m) = -3.7 (+1.29 logit); emails opened/month (6m) = 0.3 (+0.48 logit); emails opened/month (3m) = 0.0 (+0.45 logit)
500542,0.1404,0,0,active (bought in last 3 months),Silver,Denver,2022,medium,support tickets/month (3m) = 0.7 (+1.23 logit); app sessions/month (3m) = 0.7 (+0.40 logit); home store price tier = Value (+0.35 logit)
502422,0.1397,0,0,active (bought in last 3 months),Gold,Austin,2021,medium,app session trend = -2.0 (+0.65 logit); transactions/month (3m) = 1.3 (+0.59 logit); transactions/month (6m) = 1.3 (+0.53 logit)
502044,0.1395,0,0,active (bought in last 3 months),Gold,Austin,2023,medium,transactions/month (3m) = 1.3 (+0.59 logit); transactions/month (6m) = 1.2 (+0.57 logit); app sessions/month (3m) = 0.3 (+0.53 logit)
500372,0.1388,0,0,active (bought in last 3 months),Silver,Tulsa,2024,medium,emails opened/month (6m) = 0.0 (+0.78 logit); transactions/month (3m) = 1.5 (+0.54 logit); transactions/month (6m) = 1.5 (+0.49 logit)
501453,0.1381,0,0,active (bought in last 3 months),Silver,Boise,2021,medium,email-open trend = -2.7 (+0.74 logit); transactions/month (3m) = 1.3 (+0.59 logit); emails opened/month (3m) = 0.0 (+0.45 logit)
502548,0.1378,0,1,active (bought in last 3 months),Platinum,Spokane,2022,medium,support tickets/month (3m) = 0.7 (+1.23 logit); transaction trend (3m vs prior 3m) = -2.0 (+0.64 logit); app session trend = -1.7 (+0.53 logit)
500539,0.1373,0,0,active (bought in last 3 months),Silver,Columbus,2023,medium,email-open trend = -2.3 (+0.64 logit); app sessions/month (3m) = 0.7 (+0.40 logit); transactions/month (6m) = 2.2 (+0.34 logit)
500200,0.1367,0,0,active (bought in last 3 months),Silver,Madison,2021,medium,support tickets/month (3m) = 0.5 (+0.84 logit); transactions/month (6m) = 1.6 (+0.47 logit); coupons redeemed/month (3m) = 0.0 (+0.41 logit)
500460,0.1345,0,0,active (bought in last 3 months),Silver,Tulsa,2021,medium,app sessions/month (3m) = 0.0 (+0.66 logit); transactions/month (3m) = 1.3 (+0.59 logit); app sessions/month (6m) = 0.2 (+0.53 logit)
500565,0.1341,0,0,active (bought in last 3 months),Platinum,Tulsa,2023,medium,transaction trend (3m vs prior 3m) = -4.7 (+1.68 logit); support tickets/month (3m) = 0.7 (+1.23 logit); emails opened/month (6m) = 0.2 (+0.63 logit)
502295,0.1332,0,0,active (bought in last 3 months),Gold,Austin,2022,medium,transactions/month (3m) = 1.7 (+0.50 logit); transactions/month (6m) = 1.5 (+0.49 logit); support tickets/month (3m) = 0.3 (+0.46 logit)
502152,0.132,0,0,active (bought in last 3 months),Gold,Raleigh,2021,medium,transactions/month (3m) = 1.7 (+0.50 logit); transactions/month (6m) = 1.5 (+0.49 logit); support tickets/month (3m) = 0.3 (+0.46 logit)
500020,0.1316,0,0,active (bought in last 3 months),Silver,Spokane,2021,medium,transactions/month (3m) = 1.7 (+0.50 logit); coupons redeemed/month (3m) = 0.0 (+0.41 logit); app sessions/month (3m) = 0.7 (+0.40 logit)
502261,0.1297,0,0,active (bought in last 3 months),Silver,Madison,2021,medium,app sessions/month (3m) = 0.3 (+0.53 logit); transactions/month (3m) = 1.7 (+0.50 logit); app sessions/month (6m) = 0.3 (+0.48 logit)
502250,0.1247,0,0,active (bought in last 3 months),Gold,Columbus,2023,medium,app sessions/month (3m) = 0.7 (+0.40 logit); app sessions/month (6m) = 0.7 (+0.37 logit); marketing opt-in = 1 (+0.33 logit)
501911,0.1241,0,0,active (bought in last 3 months),Silver,Boise,2023,medium,transaction trend (3m vs prior 3m) = -2.0 (+0.64 logit); support tickets/month (3m) = 0.3 (+0.46 logit); coupons redeemed/month (3m) = 0.0 (+0.41 logit)
500351,0.1236,0,0,active (bought in last 3 months),Gold,Madison,2023,medium,transaction trend (3m vs prior 3m) = -4.7 (+1.68 logit); coupons redeemed/month (3m) = 0.0 (+0.41 logit); home store price tier = Value (+0.35 logit)
501431,0.1228,0,0,active (bought in last 3 months),Silver,Nashville,2023,medium,app session trend = -1.3 (+0.42 logit); transactions/month (3m) = 2.0 (+0.40 logit); app sessions/month (3m) = 1.0 (+0.27 logit)
501305,0.1226,0,0,active (bought in last 3 months),Silver,Portland,2021,medium,app session trend = -3.3 (+1.12 logit); app sessions/month (3m) = 0.0 (+0.66 logit); transaction trend (3m vs prior 3m) = -1.7 (+0.51 logit)
500515,0.1219,0,0,active (bought in last 3 months),Platinum,Austin,2021,medium,transactions/month (3m) = 1.7 (+0.50 logit); transactions/month (6m) = 1.5 (+0.49 logit); marketing opt-in = 1 (+0.33 logit)
501355,0.1213,0,0,active (bought in last 3 months),Silver,Raleigh,2022,medium,email-open trend = -2.0 (+0.55 logit); transaction trend (3m vs prior 3m) = -1.7 (+0.51 logit); transactions/month (3m) = 2.0 (+0.40 logit)
501624,0.1199,0,0,active (bought in last 3 months),Gold,Spokane,2023,medium,support tickets/month (3m) = 0.3 (+0.46 logit); coupons redeemed/month (3m) = 0.0 (+0.41 logit); email-open trend = -1.3 (+0.36 logit)
500544,0.1191,0,0,active (bought in last 3 months),Platinum,Austin,2023,medium,transactions/month (3m) = 0.7 (+0.77 logit); transactions/month (6m) = 0.5 (+0.73 logit); app sessions/month (3m) = 0.0 (+0.66 logit)
500251,0.1171,0,0,active (bought in last 3 months),Gold,Boise,2021,medium,app session trend = -1.3 (+0.42 logit); coupons redeemed/month (3m) = 0.0 (+0.41 logit); app sessions/month (3m) = 0.7 (+0.40 logit)
500615,0.1163,0,0,active (bought in last 3 months),Silver,Madison,2023,medium,support tickets/month (3m) = 0.7 (+1.23 logit); transaction trend (3m vs prior 3m) = -1.7 (+0.51 logit); marketing opt-in = 1 (+0.33 logit)
500844,0.1162,0,0,active (bought in last 3 months),Silver,Portland,2021,medium,coupons redeemed/month (3m) = 0.0 (+0.41 logit); transactions/month (3m) = 2.0 (+0.40 logit); home store price tier = Value (+0.35 logit)
501841,0.1151,0,0,active (bought in last 3 months),Gold,Tulsa,2023,medium,email-open trend = -2.2 (+0.59 logit); transaction trend (3m vs prior 3m) = -1.5 (+0.44 logit); app session trend = -1.3 (+0.42 logit)
501969,0.1136,0,0,active (bought in last 3 months),Gold,Columbus,2022,medium,support tickets/month (3m) = 0.5 (+0.84 logit); transaction trend (3m vs prior 3m) = -2.5 (+0.83 logit); app session trend = -2.2 (+0.71 logit)
500929,0.1109,0,0,active (bought in last 3 months),Platinum,Boise,2021,medium,transaction trend (3m vs prior 3m) = -1.7 (+0.51 logit); app sessions/month (6m) = 0.3 (+0.48 logit); support tickets/month (3m) = 0.3 (+0.46 logit)
501890,0.1106,0,0,active (bought in last 3 months),Silver,Portland,2021,medium,transactions/month (6m) = 1.0 (+0.61 logit); transactions/month (3m) = 1.3 (+0.59 logit); emails opened/month (6m) = 0.3 (+0.48 logit)
502532,0.1106,0,0,active (bought in last 3 months),Silver,Columbus,2023,medium,marketing opt-in = 1 (+0.33 logit); emails opened/month (6m) = 0.5 (+0.33 logit); city = Columbus (+0.32 logit)
502297,0.11,0,0,active (bought in last 3 months),Silver,Boise,2021,medium,support tickets/month (3m) = 0.3 (+0.46 logit); app sessions/month (3m) = 0.7 (+0.40 logit); app sessions/month (6m) = 0.7 (+0.37 logit)
501038,0.1099,0,1,active (bought in last 3 months),Platinum,Austin,2023,medium,transaction trend (3m vs prior 3m) = -2.7 (+0.90 logit); emails opened/month (6m) = 0.2 (+0.63 logit); support tickets/month (3m) = 0.3 (+0.46 logit)
502212,0.1096,0,0,active (bought in last 3 months),Silver,Boise,2022,medium,transactions/month (6m) = 1.3 (+0.53 logit); app sessions/month (6m) = 0.2 (+0.53 logit); app sessions/month (3m) = 0.3 (+0.53 logit)
500528,0.1082,0,0,active (bought in last 3 months),Silver,Boise,2021,medium,emails opened/month (6m) = 0.0 (+0.78 logit); emails opened/month (3m) = 0.0 (+0.45 logit); coupons redeemed/month (3m) = 0.0 (+0.41 logit)
500716,0.1071,0,0,active (bought in last 3 months),Silver,Spokane,2023,medium,support tickets/month (3m) = 0.7 (+1.23 logit); app sessions/month (3m) = 0.0 (+0.66 logit); app sessions/month (6m) = 0.0 (+0.59 logit)
500949,0.1069,0,0,active (bought in last 3 months),Silver,Raleigh,2022,medium,transaction trend (3m vs prior 3m) = -3.3 (+1.16 logit); emails opened/month (6m) = 0.2 (+0.63 logit); support tickets/month (3m) = 0.3 (+0.46 logit)
501692,0.1066,0,0,active (bought in last 3 months),Gold,Spokane,2023,medium,app session trend = -1.7 (+0.53 logit); support tickets/month (3m) = 0.3 (+0.46 logit); email-open trend = -1.7 (+0.45 logit)
501463,0.1048,0,0,active (bought in last 3 months),Platinum,Austin,2022,medium,emails opened/month (6m) = 0.0 (+0.78 logit); transaction trend (3m vs prior 3m) = -2.0 (+0.64 logit); app session trend = -1.7 (+0.53 logit)
500578,0.1037,0,0,active (bought in last 3 months),Silver,Nashville,2023,medium,app sessions/month (3m) = 0.0 (+0.66 logit); transactions/month (3m) = 1.3 (+0.59 logit); app sessions/month (6m) = 0.0 (+0.59 logit)
502516,0.1029,0,0,active (bought in last 3 months),Platinum,Columbus,2021,medium,transactions/month (3m) = 2.0 (+0.40 logit); email-open trend = -1.3 (+0.36 logit); home store price tier = Value (+0.35 logit)
500793,0.1022,0,0,active (bought in last 3 months),Silver,Columbus,2021,medium,transaction trend (3m vs prior 3m) = -3.3 (+1.16 logit); support tickets/month (3m) = 0.3 (+0.46 logit); coupons redeemed/month (3m) = 0.0 (+0.41 logit)
500749,0.1021,0,0,active (bought in last 3 months),Gold,Columbus,2023,medium,emails opened/month (6m) = 0.0 (+0.78 logit); emails opened/month (3m) = 0.0 (+0.45 logit); transaction trend (3m vs prior 3m) = -1.3 (+0.38 logit)
501239,0.1017,0,0,active (bought in last 3 months),Silver,Raleigh,2022,medium,home store price tier = Value (+0.35 logit); marketing opt-in = 1 (+0.33 logit); transactions/month (3m) = 2.3 (+0.31 logit)
501689,0.1015,0,0,active (bought in last 3 months),Platinum,Spokane,2022,medium,transaction trend (3m vs prior 3m) = -5.3 (+1.94 logit); support tickets/month (3m) = 0.3 (+0.46 logit); home store price tier = Value (+0.35 logit)
501766,0.0995,0,0,active (bought in last 3 months),Platinum,Madison,2022,low,app session trend = -2.2 (+0.71 logit); emails opened/month (6m) = 0.2 (+0.60 logit); app sessions/month (3m) = 0.3 (+0.53 logit)
501162,0.0986,0,1,active (bought in last 3 months),Silver,Nashville,2023,low,emails opened/month (6m) = 0.2 (+0.63 logit); support tickets/month (3m) = 0.3 (+0.46 logit); coupons redeemed/month (3m) = 0.0 (+0.41 logit)
502537,0.0972,0,0,active (bought in last 3 months),Silver,Spokane,2024,low,app sessions/month (3m) = 0.5 (+0.46 logit); app sessions/month (6m) = 0.5 (+0.42 logit); home store price tier = Value (+0.35 logit)
502370,0.0968,0,0,active (bought in last 3 months),Gold,Boise,2022,low,emails opened/month (6m) = 0.0 (+0.78 logit); transaction trend (3m vs prior 3m) = -2.0 (+0.64 logit); app session trend = -1.7 (+0.53 logit)
502132,0.0964,0,0,active (bought in last 3 months),Silver,Boise,2021,low,transactions/month (3m) = 1.3 (+0.59 logit); support tickets/month (3m) = 0.3 (+0.46 logit); months since last purchase = 2.0 (+0.46 logit)
501773,0.0962,0,0,active (bought in last 3 months),Silver,Boise,2023,low,transaction trend (3m vs prior 3m) = -3.0 (+1.03 logit); app session trend = -1.3 (+0.42 logit); app sessions/month (3m) = 0.7 (+0.40 logit)
500224,0.096,0,0,active (bought in last 3 months),Gold,Nashville,2021,low,transaction trend (3m vs prior 3m) = -3.2 (+1.09 logit); transactions/month (3m) = 1.3 (+0.59 logit); app session trend = -1.7 (+0.53 logit)
501269,0.095,0,0,active (bought in last 3 months),Silver,Madison,2021,low,transactions/month (3m) = 0.7 (+0.77 logit); emails opened/month (6m) = 0.2 (+0.63 logit); transactions/month (6m) = 1.2 (+0.57 logit)
502567,0.0942,0,0,active (bought in last 3 months),Silver,Denver,2023,low,emails opened/month (6m) = 0.2 (+0.55 logit); coupons redeemed/month (3m) = 0.0 (+0.41 logit); home store price tier = Value (+0.35 logit)
500509,0.0942,0,0,active (bought in last 3 months),Silver,Austin,2023,low,support tickets/month (3m) = 0.3 (+0.46 logit); transactions/month (3m) = 2.0 (+0.40 logit); transactions/month (6m) = 2.0 (+0.38 logit)
500192,0.0924,0,0,active (bought in last 3 months),Silver,Spokane,2022,low,transaction trend (3m vs prior 3m) = -1.7 (+0.51 logit); coupons redeemed/month (3m) = 0.0 (+0.41 logit); app sessions/month (3m) = 0.7 (+0.40 logit)
501482,0.0913,0,0,active (bought in last 3 months),Silver,Nashville,2022,low,app session trend = -2.3 (+0.77 logit); support tickets/month (3m) = 0.3 (+0.46 logit); app sessions/month (3m) = 0.7 (+0.40 logit)
502450,0.0911,0,0,active (bought in last 3 months),Gold,Spokane,2021,low,emails opened/month (6m) = 0.3 (+0.48 logit); support tickets/month (3m) = 0.3 (+0.46 logit); emails opened/month (3m) = 0.0 (+0.45 logit)
501370,0.0884,0,0,active (bought in last 3 months),Silver,Portland,2023,low,app sessions/month (3m) = 0.3 (+0.53 logit); coupons redeemed/month (3m) = 0.0 (+0.41 logit); marketing opt-in = 1 (+0.33 logit)
500108,0.0863,0,0,active (bought in last 3 months),Silver,Columbus,2022,low,transaction trend (3m vs prior 3m) = -3.0 (+1.03 logit); support tickets/month (3m) = 0.3 (+0.46 logit); coupons redeemed/month (3m) = 0.0 (+0.41 logit)
501778,0.0863,0,0,active (bought in last 3 months),Platinum,Raleigh,2021,low,transactions/month (3m) = 0.7 (+0.77 logit); transactions/month (6m) = 1.0 (+0.61 logit); app sessions/month (6m) = 0.2 (+0.53 logit)
501409,0.0861,0,0,active (bought in last 3 months),Gold,Madison,2022,low,emails opened/month (6m) = 0.0 (+0.78 logit); transaction trend (3m vs prior 3m) = -1.7 (+0.51 logit); emails opened/month (3m) = 0.0 (+0.45 logit)
500336,0.0847,0,0,active (bought in last 3 months),Platinum,Raleigh,2021,low,transactions/month (6m) = 0.7 (+0.69 logit); transactions/month (3m) = 1.0 (+0.68 logit); emails opened/month (6m) = 0.5 (+0.33 logit)
501244,0.0824,0,1,active (bought in last 3 months),Silver,Columbus,2023,low,emails opened/month (6m) = 0.5 (+0.33 logit); city = Columbus (+0.32 logit); emails opened/month (3m) = 0.3 (+0.27 logit)
501361,0.081,0,0,active (bought in last 3 months),Silver,Portland,2023,low,transactions/month (3m) = 0.3 (+0.87 logit); transactions/month (6m) = 0.3 (+0.77 logit); app sessions/month (3m) = 0.7 (+0.40 logit)
502022,0.0795,0,0,active (bought in last 3 months),Silver,Columbus,2023,low,support tickets/month (3m) = 0.3 (+0.46 logit); app sessions/month (6m) = 0.5 (+0.42 logit); app sessions/month (3m) = 0.7 (+0.40 logit)
500973,0.0792,0,0,active (bought in last 3 months),Platinum,Denver,2023,low,transaction trend (3m vs prior 3m) = -4.2 (+1.48 logit); transactions/month (3m) = 1.3 (+0.59 logit); marketing opt-in = 1 (+0.33 logit)
501661,0.0784,0,0,active (bought in last 3 months),Platinum,Austin,2021,low,emails opened/month (6m) = 0.2 (+0.63 logit); transactions/month (3m) = 1.7 (+0.50 logit); support tickets/month (3m) = 0.3 (+0.46 logit)
502329,0.0784,0,0,active (bought in last 3 months),Silver,Spokane,2022,low,transaction trend (3m vs prior 3m) = -1.7 (+0.51 logit); coupons redeemed/month (3m) = 0.0 (+0.41 logit); marketing opt-in = 1 (+0.33 logit)
500326,0.0779,0,0,active (bought in last 3 months),Silver,Boise,2022,low,support tickets/month (3m) = 0.3 (+0.46 logit); email-open trend = -1.3 (+0.36 logit); home store price tier = Value (+0.35 logit)
501405,0.0761,0,0,active (bought in last 3 months),Silver,Boise,2021,low,transaction trend (3m vs prior 3m) = -5.0 (+1.81 logit); emails opened/month (6m) = 0.0 (+0.78 logit); emails opened/month (3m) = 0.0 (+0.45 logit)
502512,0.0752,0,0,active (bought in last 3 months),Silver,Austin,2021,low,support tickets/month (3m) = 0.3 (+0.46 logit); app session trend = -1.3 (+0.42 logit); app sessions/month (3m) = 0.7 (+0.40 logit)
502494,0.0743,0,0,active (bought in last 3 months),Silver,Nashville,2023,low,emails opened/month (6m) = 0.3 (+0.48 logit); support tickets/month (3m) = 0.3 (+0.46 logit); transactions/month (3m) = 2.3 (+0.31 logit)
501500,0.0741,0,0,active (bought in last 3 months),Silver,Boise,2023,low,transactions/month (6m) = 0.8 (+0.65 logit); transactions/month (3m) = 1.3 (+0.59 logit); emails opened/month (6m) = 0.3 (+0.48 logit)
501997,0.0741,0,0,active (bought in last 3 months),Platinum,Tulsa,2022,low,transaction trend (3m vs prior 3m) = -3.3 (+1.16 logit); coupons redeemed/month (3m) = 0.0 (+0.41 logit); transactions/month (3m) = 2.0 (+0.40 logit)
501198,0.0738,0,0,active (bought in last 3 months),Silver,Raleigh,2022,low,support tickets/month (3m) = 0.7 (+1.23 logit); emails opened/month (6m) = 0.3 (+0.48 logit); emails opened/month (3m) = 0.0 (+0.45 logit)
501042,0.0737,0,0,active (bought in last 3 months),Gold,Portland,2022,low,support tickets/month (3m) = 0.7 (+1.23 logit); emails opened/month (6m) = 0.0 (+0.78 logit); emails opened/month (3m) = 0.0 (+0.45 logit)
502476,0.0736,0,0,active (bought in last 3 months),Platinum,Denver,2023,low,transaction trend (3m vs prior 3m) = -2.0 (+0.64 logit); transactions/month (3m) = 1.7 (+0.50 logit); coupons redeemed/month (3m) = 0.0 (+0.41 logit)
501246,0.0734,0,0,active (bought in last 3 months),Gold,Portland,2023,low,support tickets/month (3m) = 0.7 (+1.23 logit); transactions/month (3m) = 1.7 (+0.50 logit); app sessions/month (3m) = 0.7 (+0.40 logit)
502134,0.0734,0,0,active (bought in last 3 months),Gold,Denver,2024,low,support tickets/month (3m) = 1.0 (+1.99 logit); emails opened/month (6m) = 0.0 (+0.78 logit); support tickets/month (6m) = 1.0 (+0.60 logit)
501343,0.072,0,0,active (bought in last 3 months),Gold,Nashville,2022,low,transactions/month (6m) = 1.0 (+0.61 logit); transactions/month (3m) = 1.3 (+0.59 logit); coupons redeemed/month (3m) = 0.0 (+0.41 logit)
500269,0.0713,0,1,active (bought in last 3 months),Gold,Tulsa,2021,low,app sessions/month (3m) = 0.0 (+0.66 logit); transactions/month (3m) = 1.5 (+0.54 logit); emails opened/month (6m) = 0.4 (+0.42 logit)
501059,0.0711,0,0,active (bought in last 3 months),Gold,Raleigh,2021,low,app session trend = -2.0 (+0.65 logit); app sessions/month (3m) = 0.3 (+0.53 logit); home store price tier = Value (+0.35 logit)
500955,0.0704,0,1,active (bought in last 3 months),Silver,Raleigh,2023,low,transactions/month (3m) = 0.7 (+0.77 logit); transactions/month (6m) = 0.5 (+0.73 logit); share of promo transactions (6m) = 0.6 (+0.47 logit)
502398,0.0699,0,0,active (bought in last 3 months),Gold,Austin,2022,low,app sessions/month (3m) = 0.3 (+0.53 logit); emails opened/month (6m) = 0.3 (+0.48 logit); app sessions/month (6m) = 0.3 (+0.48 logit)
500961,0.0695,0,0,active (bought in last 3 months),Silver,Austin,2023,low,transactions/month (3m) = 2.0 (+0.40 logit); transactions/month (6m) = 2.0 (+0.38 logit); marketing opt-in = 1 (+0.33 logit)
500142,0.0694,0,0,active (bought in last 3 months),Platinum,Nashville,2021,low,transaction trend (3m vs prior 3m) = -2.7 (+0.90 logit); coupons redeemed/month (3m) = 0.0 (+0.41 logit); emails opened/month (6m) = 0.5 (+0.33 logit)
500346,0.0686,0,0,active (bought in last 3 months),Silver,Denver,2023,low,emails opened/month (6m) = 0.0 (+0.78 logit); emails opened/month (3m) = 0.0 (+0.45 logit); app sessions/month (3m) = 0.7 (+0.40 logit)
501966,0.0685,0,0,active (bought in last 3 months),Silver,Austin,2023,low,transaction trend (3m vs prior 3m) = -2.0 (+0.64 logit); transactions/month (3m) = 1.7 (+0.50 logit); marketing opt-in = 1 (+0.33 logit)
501152,0.0673,0,0,active (bought in last 3 months),Silver,Boise,2021,low,home store price tier = Value (+0.35 logit); marketing opt-in = 1 (+0.33 logit); transactions/month (3m) = 2.3 (+0.31 logit)
500075,0.0668,0,0,active (bought in last 3 months),Silver,Denver,2022,low,support tickets/month (3m) = 0.7 (+1.23 logit); emails opened/month (6m) = 0.0 (+0.78 logit); emails opened/month (3m) = 0.0 (+0.45 logit)
500672,0.0662,0,0,active (bought in last 3 months),Silver,Raleigh,2021,low,marketing opt-in = 1 (+0.33 logit); app sessions/month (6m) = 0.8 (+0.31 logit); transactions/month (6m) = 2.3 (+0.30 logit)
500818,0.0662,0,0,active (bought in last 3 months),Silver,Nashville,2022,low,support tickets/month (3m) = 0.3 (+0.46 logit); transactions/month (3m) = 2.0 (+0.40 logit); home store price tier = Value (+0.35 logit)
501048,0.0662,0,0,active (bought in last 3 months),Silver,Columbus,2023,low,emails opened/month (6m) = 0.0 (+0.78 logit); transaction trend (3m vs prior 3m) = -2.0 (+0.64 logit); emails opened/month (3m) = 0.0 (+0.45 logit)
502338,0.0652,0,0,active (bought in last 3 months),Silver,Spokane,2023,low,coupons redeemed/month (3m) = 0.0 (+0.41 logit); transactions/month (3m) = 2.0 (+0.40 logit); transaction trend (3m vs prior 3m) = -1.3 (+0.38 logit)
501263,0.0634,0,0,active (bought in last 3 months),Gold,Madison,2022,low,support tickets/month (3m) = 1.0 (+1.99 logit); email-open trend = -1.7 (+0.45 logit); app session trend = -1.3 (+0.42 logit)
502251,0.0626,0,0,active (bought in last 3 months),Silver,Raleigh,2023,low,transactions/month (6m) = 0.7 (+0.69 logit); transactions/month (3m) = 1.0 (+0.68 logit); spend/month (6m) = 21.9 (+0.31 logit)
502358,0.0626,0,0,active (bought in last 3 months),Gold,Raleigh,2023,low,support tickets/month (3m) = 0.5 (+0.84 logit); app session trend = -2.2 (+0.71 logit); transaction trend (3m vs prior 3m) = -1.7 (+0.51 logit)
500182,0.0626,0,0,active (bought in last 3 months),Silver,Nashville,2021,low,support tickets/month (3m) = 0.3 (+0.46 logit); coupons redeemed/month (3m) = 0.0 (+0.41 logit); app sessions/month (3m) = 0.7 (+0.40 logit)
501334,0.0625,0,0,active (bought in last 3 months),Silver,Portland,2022,low,transactions/month (3m) = 1.0 (+0.68 logit); transactions/month (6m) = 1.6 (+0.47 logit); app sessions/month (3m) = 0.5 (+0.46 logit)
500711,0.0621,0,0,active (bought in last 3 months),Gold,Spokane,2023,low,transaction trend (3m vs prior 3m) = -2.7 (+0.90 logit); emails opened/month (6m) = 0.3 (+0.48 logit); emails opened/month (3m) = 0.0 (+0.45 logit)
501903,0.0616,0,0,active (bought in last 3 months),Gold,Austin,2024,low,emails opened/month (6m) = 0.0 (+0.78 logit); emails opened/month (3m) = 0.0 (+0.45 logit); coupons redeemed/month (3m) = 0.0 (+0.41 logit)
500572,0.0607,0,0,active (bought in last 3 months),Silver,Boise,2023,low,support tickets/month (3m) = 0.3 (+0.46 logit); marketing opt-in = 1 (+0.33 logit); transactions/month (3m) = 2.3 (+0.31 logit)
501595,0.0605,0,1,active (bought in last 3 months),Platinum,Austin,2023,low,support tickets/month (3m) = 0.3 (+0.46 logit); coupons redeemed/month (3m) = 0.0 (+0.41 logit); home store price tier = Value (+0.35 logit)
502210,0.0596,0,0,active (bought in last 3 months),Gold,Austin,2024,low,transactions/month (3m) = 1.0 (+0.68 logit); transactions/month (6m) = 1.0 (+0.61 logit); coupons redeemed/month (3m) = 0.0 (+0.41 logit)
502582,0.0591,0,0,active (bought in last 3 months),Silver,Raleigh,2022,low,app session trend = -1.7 (+0.53 logit); transactions/month (6m) = 1.8 (+0.42 logit); coupons redeemed/month (3m) = 0.0 (+0.41 logit)
501665,0.0589,0,1,active (bought in last 3 months),Silver,Columbus,2022,low,support tickets/month (3m) = 0.7 (+1.23 logit); app sessions/month (3m) = 0.7 (+0.40 logit); home store price tier = Value (+0.35 logit)
500209,0.0583,0,0,active (bought in last 3 months),Silver,Madison,2023,low,app session trend = -1.7 (+0.53 logit); emails opened/month (6m) = 0.3 (+0.48 logit); support tickets/month (3m) = 0.3 (+0.46 logit)
502421,0.057,0,0,active (bought in last 3 months),Platinum,Columbus,2023,low,transactions/month (3m) = 1.0 (+0.68 logit); transactions/month (6m) = 1.2 (+0.57 logit); app sessions/month (6m) = 0.3 (+0.48 logit)
501554,0.057,0,0,active (bought in last 3 months),Gold,Spokane,2022,low,app session trend = -3.0 (+1.00 logit); transaction trend (3m vs prior 3m) = -2.0 (+0.64 logit); support tickets/month (3m) = 0.3 (+0.46 logit)
501420,0.056,0,0,active (bought in last 3 months),Gold,Portland,2023,low,support tickets/month (3m) = 0.5 (+0.84 logit); emails opened/month (6m) = 0.2 (+0.55 logit); emails opened/month (3m) = 0.0 (+0.45 logit)
500195,0.0559,0,0,active (bought in last 3 months),Silver,Madison,2023,low,transactions/month (3m) = 1.3 (+0.59 logit); app sessions/month (3m) = 0.3 (+0.53 logit); app sessions/month (6m) = 0.2 (+0.52 logit)
501462,0.0558,0,0,active (bought in last 3 months),Gold,Denver,2021,low,emails opened/month (6m) = 0.0 (+0.78 logit); transaction trend (3m vs prior 3m) = -2.3 (+0.77 logit); emails opened/month (3m) = 0.0 (+0.45 logit)
501571,0.0552,0,0,active (bought in last 3 months),Gold,Columbus,2023,low,transactions/month (3m) = 2.0 (+0.40 logit); home store price tier = Value (+0.35 logit); transactions/month (6m) = 2.2 (+0.34 logit)
501998,0.055,0,0,active (bought in last 3 months),Silver,Austin,2021,low,transactions/month (3m) = 1.0 (+0.68 logit); transactions/month (6m) = 0.8 (+0.65 logit); support tickets/month (3m) = 0.3 (+0.46 logit)
500387,0.0549,0,0,active (bought in last 3 months),Gold,Raleigh,2022,low,support tickets/month (3m) = 0.3 (+0.46 logit); marketing opt-in = 1 (+0.33 logit); transactions/month (3m) = 2.3 (+0.31 logit)
500048,0.0548,0,0,active (bought in last 3 months),Silver,Denver,2023,low,app session trend = -3.3 (+1.12 logit); app sessions/month (3m) = 0.7 (+0.40 logit); emails opened/month (6m) = 0.5 (+0.33 logit)
501395,0.0546,0,0,active (bought in last 3 months),Silver,Madison,2022,low,transactions/month (3m) = 1.7 (+0.50 logit); transactions/month (6m) = 1.8 (+0.42 logit); marketing opt-in = 1 (+0.33 logit)
502035,0.0538,0,0,active (bought in last 3 months),Silver,Nashville,2021,low,support tickets/month (3m) = 0.7 (+1.23 logit); transactions/month (3m) = 1.3 (+0.59 logit); transactions/month (6m) = 1.3 (+0.53 logit)
501353,0.0537,0,0,active (bought in last 3 months),Platinum,Portland,2021,low,app session trend = -1.7 (+0.53 logit); app sessions/month (3m) = 0.3 (+0.53 logit); emails opened/month (3m) = 0.0 (+0.45 logit)
500975,0.0536,0,0,active (bought in last 3 months),Gold,Austin,2024,low,emails opened/month (6m) = 0.0 (+0.78 logit); emails opened/month (3m) = 0.0 (+0.45 logit); coupons redeemed/month (3m) = 0.0 (+0.41 logit)
501528,0.0534,0,0,active (bought in last 3 months),Silver,Nashville,2023,low,transaction trend (3m vs prior 3m) = -2.7 (+0.90 logit); support tickets/month (3m) = 0.3 (+0.46 logit); email-open trend = -1.7 (+0.45 logit)
500806,0.0532,0,0,active (bought in last 3 months),Platinum,Spokane,2023,low,transactions/month (6m) = 1.0 (+0.61 logit); transactions/month (3m) = 1.7 (+0.50 logit); emails opened/month (6m) = 0.3 (+0.48 logit)
502474,0.0531,0,0,active (bought in last 3 months),Gold,Columbus,2023,low,transaction trend (3m vs prior 3m) = -2.0 (+0.64 logit); emails opened/month (6m) = 0.2 (+0.55 logit); transactions/month (3m) = 2.0 (+0.40 logit)
500308,0.0529,0,0,active (bought in last 3 months),Silver,Raleigh,2022,low,email-open trend = -1.3 (+0.36 logit); home store price tier = Value (+0.35 logit); marketing opt-in = 1 (+0.33 logit)
502562,0.0522,0,1,active (bought in last 3 months),Silver,Boise,2021,low,app session trend = -1.3 (+0.42 logit); coupons redeemed/month (3m) = 0.0 (+0.41 logit); home store price tier = Value (+0.35 logit)
500599,0.0522,0,0,active (bought in last 3 months),Silver,Denver,2023,low,app session trend = -5.7 (+1.93 logit); coupons redeemed/month (3m) = 0.0 (+0.41 logit); home store price tier = Value (+0.35 logit)
500953,0.0519,0,0,active (bought in last 3 months),Silver,Boise,2023,low,support tickets/month (3m) = 0.3 (+0.46 logit); home store price tier = Value (+0.35 logit); marketing opt-in = 1 (+0.33 logit)
501880,0.0518,0,0,active (bought in last 3 months),Silver,Denver,2022,low,transactions/month (6m) = 1.0 (+0.61 logit); transactions/month (3m) = 1.3 (+0.59 logit); app sessions/month (3m) = 0.7 (+0.40 logit)
502583,0.0518,0,0,active (bought in last 3 months),Gold,Spokane,2022,low,transaction trend (3m vs prior 3m) = -2.3 (+0.77 logit); support tickets/month (3m) = 0.3 (+0.46 logit); home store price tier = Value (+0.35 logit)
501203,0.0509,0,0,active (bought in last 3 months),Silver,Boise,2022,low,email-open trend = -2.0 (+0.55 logit); app sessions/month (3m) = 0.3 (+0.53 logit); app sessions/month (6m) = 0.5 (+0.42 logit)
501045,0.0502,0,0,active (bought in last 3 months),Gold,Nashville,2023,low,support tickets/month (3m) = 0.7 (+1.23 logit); app session trend = -2.7 (+0.88 logit); support tickets/month (6m) = 0.8 (+0.43 logit)
501861,0.0502,0,0,active (bought in last 3 months),Gold,Nashville,2021,low,emails opened/month (6m) = 0.3 (+0.48 logit); emails opened/month (3m) = 0.0 (+0.45 logit); coupons redeemed/month (3m) = 0.0 (+0.41 logit)
500448,0.0499,0,0,active (bought in last 3 months),Gold,Spokane,2023,low,transaction trend (3m vs prior 3m) = -4.3 (+1.55 logit); home store price tier = Value (+0.35 logit); marketing opt-in = 1 (+0.33 logit)
500003,0.0499,0,0,active (bought in last 3 months),Gold,Tulsa,2021,low,support tickets/month (3m) = 0.7 (+1.23 logit); emails opened/month (6m) = 0.2 (+0.63 logit); coupons redeemed/month (3m) = 0.0 (+0.41 logit)
501827,0.0496,0,0,active (bought in last 3 months),Silver,Austin,2023,low,transaction trend (3m vs prior 3m) = -4.2 (+1.48 logit); app session trend = -1.3 (+0.42 logit); coupons redeemed/month (3m) = 0.0 (+0.41 logit)
500650,0.0488,0,0,active (bought in last 3 months),Silver,Portland,2022,low,coupons redeemed/month (3m) = 0.0 (+0.41 logit); home store price tier = Value (+0.35 logit); emails opened/month (6m) = 0.5 (+0.33 logit)
502148,0.0487,0,0,active (bought in last 3 months),Gold,Denver,2022,low,transaction trend (3m vs prior 3m) = -1.7 (+0.51 logit); support tickets/month (3m) = 0.3 (+0.46 logit); app sessions/month (3m) = 0.7 (+0.40 logit)
500524,0.0484,0,0,active (bought in last 3 months),Silver,Madison,2023,low,transactions/month (3m) = 1.7 (+0.50 logit); support tickets/month (3m) = 0.3 (+0.46 logit); transactions/month (6m) = 2.2 (+0.34 logit)
500516,0.0474,0,0,active (bought in last 3 months),Silver,Boise,2021,low,app session trend = -1.7 (+0.53 logit); coupons redeemed/month (3m) = 0.0 (+0.41 logit); app sessions/month (3m) = 0.7 (+0.40 logit)
501330,0.0474,0,0,active (bought in last 3 months),Gold,Boise,2022,low,app session trend = -3.0 (+1.00 logit); emails opened/month (6m) = 0.3 (+0.48 logit); coupons redeemed/month (3m) = 0.0 (+0.41 logit)
501472,0.0471,0,0,active (bought in last 3 months),Silver,Raleigh,2023,low,transactions/month (3m) = 0.3 (+0.87 logit); transactions/month (6m) = 0.2 (+0.79 logit); months since last purchase = 2.0 (+0.46 logit)
500999,0.047,0,0,active (bought in last 3 months),Gold,Columbus,2023,low,app sessions/month (3m) = 0.3 (+0.53 logit); emails opened/month (6m) = 0.3 (+0.48 logit); city = Columbus (+0.32 logit)
502262,0.047,0,0,active (bought in last 3 months),Platinum,Spokane,2024,low,support tickets/month (3m) = 0.5 (+0.84 logit); emails opened/month (6m) = 0.0 (+0.78 logit); share of promo transactions (6m) = 0.6 (+0.46 logit)
500782,0.0468,0,0,active (bought in last 3 months),Silver,Columbus,2021,low,coupons redeemed/month (3m) = 0.0 (+0.41 logit); home store price tier = Value (+0.35 logit); marketing opt-in = 1 (+0.33 logit)
500858,0.0465,0,0,active (bought in last 3 months),Silver,Nashville,2022,low,support tickets/month (3m) = 0.7 (+1.23 logit); app session trend = -2.3 (+0.77 logit); coupons redeemed/month (3m) = 0.0 (+0.41 logit)
502311,0.0463,0,0,active (bought in last 3 months),Gold,Spokane,2021,low,transactions/month (3m) = 0.3 (+0.87 logit); transactions/month (6m) = 0.3 (+0.77 logit); app sessions/month (3m) = 0.3 (+0.53 logit)
501822,0.0459,0,0,active (bought in last 3 months),Gold,Denver,2022,low,support tickets/month (3m) = 0.5 (+0.84 logit); app sessions/month (6m) = 0.5 (+0.42 logit); transactions/month (3m) = 2.0 (+0.40 logit)
501670,0.0451,0,1,active (bought in last 3 months),Silver,Raleigh,2022,low,transaction trend (3m vs prior 3m) = -3.3 (+1.16 logit); support tickets/month (3m) = 0.5 (+0.84 logit); emails opened/month (3m) = 0.0 (+0.45 logit)
502539,0.0445,0,0,active (bought in last 3 months),Platinum,Spokane,2023,low,app sessions/month (3m) = 0.0 (+0.66 logit); app sessions/month (6m) = 0.2 (+0.53 logit); coupons redeemed/month (3m) = 0.0 (+0.41 logit)
501089,0.0444,0,0,active (bought in last 3 months),Silver,Madison,2023,low,transaction trend (3m vs prior 3m) = -3.3 (+1.16 logit); marketing opt-in = 1 (+0.33 logit); membership tier = Silver (+0.18 logit)
502439,0.0436,0,0,active (bought in last 3 months),Silver,Portland,2023,low,transaction trend (3m vs prior 3m) = -2.7 (+0.90 logit); coupons redeemed/month (3m) = 0.0 (+0.41 logit); emails opened/month (3m) = 0.3 (+0.27 logit)
502435,0.0433,0,0,active (bought in last 3 months),Silver,Tulsa,2023,low,transaction trend (3m vs prior 3m) = -2.0 (+0.64 logit); marketing opt-in = 1 (+0.33 logit); membership tier = Silver (+0.18 logit)
500969,0.0426,0,0,active (bought in last 3 months),Silver,Boise,2023,low,support tickets/month (3m) = 0.3 (+0.46 logit); coupons redeemed/month (3m) = 0.0 (+0.41 logit); home store price tier = Value (+0.35 logit)
502404,0.0424,0,0,active (bought in last 3 months),Silver,Spokane,2024,low,transactions/month (3m) = 0.5 (+0.82 logit); transactions/month (6m) = 0.5 (+0.73 logit); home store price tier = Value (+0.35 logit)
501076,0.0423,0,0,active (bought in last 3 months),Silver,Portland,2022,low,transaction trend (3m vs prior 3m) = -4.0 (+1.42 logit); emails opened/month (6m) = 0.3 (+0.48 logit); home store price tier = Value (+0.35 logit)
500262,0.042,0,1,active (bought in last 3 months),Silver,Madison,2022,low,app sessions/month (3m) = 0.3 (+0.53 logit); support tickets/month (3m) = 0.3 (+0.46 logit); email-open trend = -1.7 (+0.45 logit)
500665,0.0413,0,0,active (bought in last 3 months),Silver,Tulsa,2022,low,email-open trend = -2.0 (+0.55 logit); coupons redeemed/month (3m) = 0.0 (+0.41 logit); marketing opt-in = 1 (+0.33 logit)
500705,0.0405,0,0,active (bought in last 3 months),Silver,Raleigh,2022,low,support tickets/month (3m) = 0.3 (+0.46 logit); home store price tier = Value (+0.35 logit); marketing opt-in = 1 (+0.33 logit)
501575,0.0404,0,0,active (bought in last 3 months),Platinum,Denver,2022,low,email-open trend = -3.3 (+0.93 logit); app session trend = -1.7 (+0.53 logit); marketing opt-in = 1 (+0.33 logit)
500334,0.0404,0,0,active (bought in last 3 months),Gold,Columbus,2021,low,emails opened/month (6m) = 0.2 (+0.63 logit); emails opened/month (3m) = 0.0 (+0.45 logit); app sessions/month (3m) = 0.7 (+0.40 logit)
502553,0.0402,0,0,active (bought in last 3 months),Gold,Spokane,2023,low,transactions/month (6m) = 1.3 (+0.53 logit); transactions/month (3m) = 2.0 (+0.40 logit); app sessions/month (3m) = 0.7 (+0.40 logit)
502320,0.0402,0,0,active (bought in last 3 months),Silver,Austin,2023,low,app sessions/month (3m) = 0.3 (+0.53 logit); emails opened/month (6m) = 0.3 (+0.48 logit); coupons redeemed/month (3m) = 0.0 (+0.41 logit)
500678,0.0402,0,0,active (bought in last 3 months),Gold,Boise,2022,low,support tickets/month (3m) = 0.7 (+1.23 logit); app session trend = -1.3 (+0.42 logit); marketing opt-in = 1 (+0.33 logit)
502126,0.0401,0,0,active (bought in last 3 months),Silver,Tulsa,2023,low,transaction trend (3m vs prior 3m) = -2.7 (+0.90 logit); transactions/month (3m) = 0.7 (+0.77 logit); transactions/month (6m) = 2.0 (+0.38 logit)
502400,0.04,0,0,active (bought in last 3 months),Silver,Denver,2021,low,support tickets/month (3m) = 0.3 (+0.46 logit); app sessions/month (3m) = 0.7 (+0.40 logit); transactions/month (6m) = 2.2 (+0.34 logit)
501581,0.0399,0,0,active (bought in last 3 months),Silver,Tulsa,2022,low,emails opened/month (6m) = 0.0 (+0.78 logit); emails opened/month (3m) = 0.0 (+0.45 logit); coupons redeemed/month (3m) = 0.0 (+0.41 logit)
500707,0.0399,0,0,active (bought in last 3 months),Silver,Raleigh,2021,low,transactions/month (3m) = 0.7 (+0.77 logit); app sessions/month (3m) = 0.0 (+0.66 logit); transactions/month (6m) = 1.0 (+0.61 logit)
500030,0.0397,0,0,active (bought in last 3 months),Platinum,Spokane,2023,low,transactions/month (3m) = 1.3 (+0.59 logit); transactions/month (6m) = 1.3 (+0.53 logit); home store price tier = Value (+0.35 logit)
500966,0.0392,0,0,active (bought in last 3 months),Silver,Columbus,2023,low,coupons redeemed/month (3m) = 0.0 (+0.41 logit); marketing opt-in = 1 (+0.33 logit); city = Columbus (+0.32 logit)
501672,0.039,0,0,active (bought in last 3 months),Gold,Tulsa,2023,low,transactions/month (6m) = 1.0 (+0.61 logit); transactions/month (3m) = 1.3 (+0.59 logit); app session trend = -1.7 (+0.53 logit)
501935,0.0387,0,0,active (bought in last 3 months),Silver,Austin,2022,low,transactions/month (3m) = 0.3 (+0.87 logit); transactions/month (6m) = 0.5 (+0.73 logit); app sessions/month (6m) = 0.2 (+0.53 logit)
501156,0.0387,0,0,active (bought in last 3 months),Silver,Denver,2023,low,emails opened/month (6m) = 0.0 (+0.78 logit); app sessions/month (3m) = 0.3 (+0.53 logit); app sessions/month (6m) = 0.2 (+0.50 logit)
501123,0.0386,0,0,active (bought in last 3 months),Gold,Madison,2021,low,transaction trend (3m vs prior 3m) = -2.7 (+0.90 logit); transactions/month (3m) = 1.3 (+0.59 logit); app sessions/month (3m) = 1.0 (+0.27 logit)
500424,0.0381,0,0,active (bought in last 3 months),Gold,Boise,2022,low,transaction trend (3m vs prior 3m) = -2.3 (+0.77 logit); transactions/month (3m) = 1.3 (+0.59 logit); support tickets/month (3m) = 0.3 (+0.46 logit)
501949,0.0374,0,0,active (bought in last 3 months),Silver,Madison,2021,low,support tickets/month (3m) = 0.3 (+0.46 logit); marketing opt-in = 1 (+0.33 logit); transaction trend (3m vs prior 3m) = -1.0 (+0.25 logit)
501534,0.0372,0,0,active (bought in last 3 months),Silver,Spokane,2021,low,app sessions/month (3m) = 0.3 (+0.53 logit); emails opened/month (3m) = 0.0 (+0.45 logit); email-open trend = -1.7 (+0.45 logit)
500613,0.0371,0,0,active (bought in last 3 months),Silver,Raleigh,2023,low,emails opened/month (6m) = 0.2 (+0.63 logit); transaction trend (3m vs prior 3m) = -1.7 (+0.51 logit); support tickets/month (3m) = 0.3 (+0.46 logit)
500149,0.037,0,0,active (bought in last 3 months),Silver,Austin,2023,low,emails opened/month (6m) = 0.2 (+0.63 logit); emails opened/month (3m) = 0.0 (+0.45 logit); transactions/month (6m) = 2.2 (+0.34 logit)
502552,0.0368,0,0,active (bought in last 3 months),Silver,Raleigh,2022,low,app sessions/month (3m) = 0.3 (+0.53 logit); support tickets/month (3m) = 0.3 (+0.46 logit); marketing opt-in = 1 (+0.33 logit)
500402,0.0368,0,0,active (bought in last 3 months),Silver,Tulsa,2023,low,transactions/month (3m) = 1.3 (+0.59 logit); transactions/month (6m) = 1.8 (+0.42 logit); emails opened/month (6m) = 0.5 (+0.33 logit)
500379,0.0365,0,0,active (bought in last 3 months),Silver,Tulsa,2022,low,app session trend = -2.3 (+0.77 logit); marketing opt-in = 1 (+0.33 logit); app sessions/month (3m) = 1.0 (+0.27 logit)
500126,0.0365,0,0,active (bought in last 3 months),Gold,Spokane,2022,low,transaction trend (3m vs prior 3m) = -3.8 (+1.35 logit); app session trend = -2.5 (+0.82 logit); coupons redeemed/month (3m) = 0.0 (+0.41 logit)
500166,0.0364,0,0,active (bought in last 3 months),Silver,Boise,2021,low,transactions/month (3m) = 1.3 (+0.59 logit); transactions/month (6m) = 1.2 (+0.57 logit); support tickets/month (3m) = 0.3 (+0.46 logit)
500078,0.0362,0,0,active (bought in last 3 months),Platinum,Boise,2022,low,transactions/month (3m) = 2.0 (+0.40 logit); transaction trend (3m vs prior 3m) = -1.3 (+0.38 logit); home store price tier = Value (+0.35 logit)
502204,0.0356,0,0,active (bought in last 3 months),Gold,Raleigh,2021,low,transactions/month (3m) = 1.7 (+0.50 logit); transactions/month (6m) = 1.5 (+0.49 logit); app sessions/month (6m) = 0.5 (+0.42 logit)
502405,0.0354,0,0,active (bought in last 3 months),Gold,Austin,2022,low,emails opened/month (6m) = 0.2 (+0.63 logit); coupons redeemed/month (3m) = 0.0 (+0.41 logit); home store price tier = Value (+0.35 logit)
500652,0.0353,0,0,active (bought in last 3 months),Gold,Portland,2022,low,transactions/month (3m) = 1.3 (+0.59 logit); transactions/month (6m) = 1.8 (+0.42 logit); app sessions/month (3m) = 0.7 (+0.40 logit)
500271,0.0352,0,0,active (bought in last 3 months),Gold,Tulsa,2022,low,transactions/month (3m) = 1.0 (+0.68 logit); transactions/month (6m) = 1.0 (+0.61 logit); app sessions/month (6m) = 0.3 (+0.48 logit)
501858,0.0352,0,0,active (bought in last 3 months),Silver,Boise,2023,low,app session trend = -2.7 (+0.88 logit); emails opened/month (6m) = 0.0 (+0.78 logit); transaction trend (3m vs prior 3m) = -1.7 (+0.51 logit)
502272,0.0351,0,0,active (bought in last 3 months),Silver,Columbus,2023,low,support tickets/month (3m) = 0.3 (+0.46 logit); city = Columbus (+0.32 logit); app session trend = -1.0 (+0.30 logit)
500435,0.0349,0,0,active (bought in last 3 months),Silver,Boise,2023,low,support tickets/month (3m) = 0.7 (+1.23 logit); emails opened/month (6m) = 0.3 (+0.48 logit); home store price tier = Value (+0.35 logit)
500592,0.0348,0,0,active (bought in last 3 months),Gold,Tulsa,2023,low,marketing opt-in = 1 (+0.33 logit); transactions/month (3m) = 2.3 (+0.31 logit); email-open trend = -1.0 (+0.26 logit)
501664,0.0345,0,0,active (bought in last 3 months),Gold,Raleigh,2024,low,emails opened/month (6m) = 0.0 (+0.78 logit); app sessions/month (3m) = 0.0 (+0.66 logit); app sessions/month (6m) = 0.0 (+0.59 logit)
501471,0.0344,0,0,active (bought in last 3 months),Silver,Nashville,2022,low,support tickets/month (3m) = 0.7 (+1.23 logit); support tickets/month (6m) = 0.7 (+0.37 logit); email-open trend = -1.3 (+0.36 logit)
502273,0.0344,0,0,active (bought in last 3 months),Silver,Austin,2023,low,transaction trend (3m vs prior 3m) = -1.7 (+0.51 logit); support tickets/month (3m) = 0.3 (+0.46 logit); app session trend = -1.3 (+0.42 logit)
500016,0.0338,0,0,active (bought in last 3 months),Platinum,Boise,2022,low,transaction trend (3m vs prior 3m) = -3.7 (+1.29 logit); home store price tier = Value (+0.35 logit); marketing opt-in = 1 (+0.33 logit)
500854,0.0338,0,0,active (bought in last 3 months),Silver,Spokane,2021,low,app sessions/month (3m) = 0.0 (+0.66 logit); app sessions/month (6m) = 0.2 (+0.52 logit); support tickets/month (3m) = 0.3 (+0.46 logit)
502278,0.0338,0,0,active (bought in last 3 months),Gold,Raleigh,2022,low,emails opened/month (6m) = 0.2 (+0.63 logit); transaction trend (3m vs prior 3m) = -1.3 (+0.38 logit); gender = Unknown (+0.32 logit)
502049,0.0337,0,0,active (bought in last 3 months),Silver,Nashville,2021,low,emails opened/month (6m) = 0.3 (+0.48 logit); transactions/month (6m) = 1.8 (+0.42 logit); app sessions/month (3m) = 1.0 (+0.27 logit)
502290,0.0333,0,0,active (bought in last 3 months),Gold,Tulsa,2021,low,app sessions/month (3m) = 0.7 (+0.40 logit); email-open trend = -1.3 (+0.36 logit); home store price tier = Value (+0.35 logit)
500531,0.0332,0,0,active (bought in last 3 months),Silver,Spokane,2023,low,transactions/month (3m) = 1.7 (+0.50 logit); support tickets/month (3m) = 0.3 (+0.46 logit); transaction trend (3m vs prior 3m) = -1.3 (+0.38 logit)
502257,0.0328,0,0,active (bought in last 3 months),Silver,Boise,2024,low,transactions/month (3m) = 0.5 (+0.82 logit); transactions/month (6m) = 0.5 (+0.73 logit); spend/month (6m) = 15.1 (+0.34 logit)
501404,0.0327,0,0,active (bought in last 3 months),Gold,Boise,2021,low,support tickets/month (3m) = 0.3 (+0.46 logit); coupons redeemed/month (3m) = 0.0 (+0.41 logit); marketing opt-in = 1 (+0.33 logit)
502136,0.0323,0,0,active (bought in last 3 months),Silver,Madison,2023,low,emails opened/month (6m) = 0.3 (+0.48 logit); home store price tier = Value (+0.35 logit); marketing opt-in = 1 (+0.33 logit)
500283,0.0322,0,0,active (bought in last 3 months),Silver,Raleigh,2022,low,support tickets/month (3m) = 0.3 (+0.46 logit); marketing opt-in = 1 (+0.33 logit); email-open trend = -1.0 (+0.26 logit)
501886,0.0318,0,0,active (bought in last 3 months),Gold,Spokane,2021,low,transaction trend (3m vs prior 3m) = -1.3 (+0.38 logit); home store price tier = Value (+0.35 logit); marketing opt-in = 1 (+0.33 logit)
501257,0.0318,0,0,active (bought in last 3 months),Silver,Austin,2022,low,app session trend = -2.0 (+0.65 logit); emails opened/month (6m) = 0.2 (+0.63 logit); emails opened/month (3m) = 0.0 (+0.45 logit)
500193,0.0318,0,0,active (bought in last 3 months),Gold,Denver,2023,low,transactions/month (3m) = 0.7 (+0.77 logit); transactions/month (6m) = 1.2 (+0.57 logit); home store price tier = Value (+0.35 logit)
500394,0.0318,0,0,active (bought in last 3 months),Gold,Boise,2022,low,transaction trend (3m vs prior 3m) = -6.7 (+2.46 logit); emails opened/month (6m) = 0.0 (+0.78 logit); app session trend = -2.0 (+0.65 logit)
500884,0.0316,0,0,active (bought in last 3 months),Silver,Madison,2023,low,app sessions/month (3m) = 0.7 (+0.40 logit); home store price tier = Value (+0.35 logit); marketing opt-in = 1 (+0.33 logit)
502034,0.0315,0,0,active (bought in last 3 months),Gold,Columbus,2022,low,app sessions/month (3m) = 0.3 (+0.53 logit); marketing opt-in = 1 (+0.33 logit); city = Columbus (+0.32 logit)
500502,0.031,0,0,active (bought in last 3 months),Silver,Boise,2023,low,home store price tier = Value (+0.35 logit); marketing opt-in = 1 (+0.33 logit); transactions/month (6m) = 2.7 (+0.22 logit)
500880,0.0309,0,0,active (bought in last 3 months),Silver,Tulsa,2023,low,transaction trend (3m vs prior 3m) = -2.3 (+0.77 logit); email-open trend = -2.7 (+0.74 logit); transactions/month (3m) = 1.7 (+0.50 logit)
501960,0.0305,0,0,active (bought in last 3 months),Silver,Columbus,2023,low,transaction trend (3m vs prior 3m) = -1.3 (+0.38 logit); emails opened/month (6m) = 0.5 (+0.33 logit); city = Columbus (+0.32 logit)
500635,0.0299,0,0,active (bought in last 3 months),Platinum,Boise,2022,low,support tickets/month (3m) = 0.3 (+0.46 logit); emails opened/month (6m) = 0.5 (+0.33 logit); emails opened/month (3m) = 0.3 (+0.27 logit)
500208,0.0296,0,0,active (bought in last 3 months),Silver,Spokane,2021,low,emails opened/month (6m) = 0.3 (+0.48 logit); home store price tier = Value (+0.35 logit); transactions/month (3m) = 2.3 (+0.31 logit)
501646,0.0296,0,0,active (bought in last 3 months),Gold,Tulsa,2022,low,transactions/month (3m) = 1.7 (+0.50 logit); app sessions/month (3m) = 0.7 (+0.40 logit); app sessions/month (6m) = 0.7 (+0.37 logit)
500426,0.0296,0,0,active (bought in last 3 months),Silver,Madison,2023,low,home store price tier = Value (+0.35 logit); marketing opt-in = 1 (+0.33 logit); app session trend = -1.0 (+0.30 logit)
501945,0.0293,0,0,active (bought in last 3 months),Silver,Tulsa,2021,low,transactions/month (3m) = 2.0 (+0.40 logit); transaction trend (3m vs prior 3m) = -1.3 (+0.38 logit); home store price tier = Value (+0.35 logit)
500623,0.0292,0,0,active (bought in last 3 months),Silver,Raleigh,2022,low,emails opened/month (6m) = 0.2 (+0.63 logit); emails opened/month (3m) = 0.0 (+0.45 logit); app sessions/month (3m) = 1.0 (+0.27 logit)
500050,0.0291,0,0,active (bought in last 3 months),Platinum,Denver,2022,low,transaction trend (3m vs prior 3m) = -2.0 (+0.64 logit); emails opened/month (6m) = 0.4 (+0.42 logit); coupons redeemed/month (3m) = 0.0 (+0.41 logit)
501546,0.0288,0,0,active (bought in last 3 months),Platinum,Spokane,2021,low,home store price tier = Value (+0.35 logit); marketing opt-in = 1 (+0.33 logit); transaction trend (3m vs prior 3m) = -1.0 (+0.25 logit)
500033,0.0287,0,0,active (bought in last 3 months),Silver,Nashville,2023,low,app session trend = -3.0 (+1.00 logit); home store price tier = Value (+0.35 logit); marketing opt-in = 1 (+0.33 logit)
500540,0.0287,0,0,active (bought in last 3 months),Silver,Madison,2021,low,app session trend = -2.5 (+0.82 logit); app sessions/month (3m) = 0.5 (+0.46 logit); marketing opt-in = 1 (+0.33 logit)
501840,0.0284,0,0,active (bought in last 3 months),Gold,Tulsa,2024,low,emails opened/month (6m) = 0.0 (+0.78 logit); emails opened/month (3m) = 0.0 (+0.45 logit); coupons redeemed/month (3m) = 0.0 (+0.41 logit)
500450,0.0283,0,0,active (bought in last 3 months),Silver,Austin,2023,low,support tickets/month (3m) = 0.3 (+0.46 logit); marketing opt-in = 1 (+0.33 logit); membership tier = Silver (+0.18 logit)
502281,0.0282,0,0,active (bought in last 3 months),Silver,Tulsa,2022,low,support tickets/month (3m) = 0.3 (+0.46 logit); coupons redeemed/month (3m) = 0.0 (+0.41 logit); home store price tier = Value (+0.35 logit)
501592,0.0281,0,0,active (bought in last 3 months),Silver,Spokane,2023,low,support tickets/month (3m) = 0.3 (+0.46 logit); coupons redeemed/month (3m) = 0.0 (+0.41 logit); app sessions/month (3m) = 0.7 (+0.40 logit)
502441,0.0278,0,0,active (bought in last 3 months),Gold,Madison,2022,low,home store price tier = Value (+0.35 logit); marketing opt-in = 1 (+0.33 logit); transactions/month (3m) = 2.3 (+0.31 logit)
501346,0.0278,0,0,active (bought in last 3 months),Silver,Raleigh,2022,low,transactions/month (3m) = 2.0 (+0.40 logit); transactions/month (6m) = 2.0 (+0.38 logit); home store price tier = Value (+0.35 logit)
500657,0.0277,0,0,active (bought in last 3 months),Gold,Denver,2023,low,app sessions/month (3m) = 0.3 (+0.53 logit); app sessions/month (6m) = 0.2 (+0.52 logit); support tickets/month (3m) = 0.3 (+0.46 logit)
500947,0.0276,0,0,active (bought in last 3 months),Silver,Nashville,2023,low,email-open trend = -4.3 (+1.21 logit); transaction trend (3m vs prior 3m) = -1.7 (+0.51 logit); support tickets/month (3m) = 0.3 (+0.46 logit)
501369,0.0275,0,0,active (bought in last 3 months),Gold,Nashville,2023,low,transaction trend (3m vs prior 3m) = -2.3 (+0.77 logit); emails opened/month (6m) = 0.5 (+0.33 logit); emails opened/month (3m) = 0.3 (+0.27 logit)
501079,0.0273,0,0,active (bought in last 3 months),Gold,Denver,2021,low,emails opened/month (6m) = 0.2 (+0.60 logit); emails opened/month (3m) = 0.0 (+0.45 logit); home store price tier = Value (+0.35 logit)
501647,0.0272,0,0,active (bought in last 3 months),Silver,Columbus,2023,low,emails opened/month (6m) = 0.2 (+0.60 logit); app session trend = -1.5 (+0.47 logit); emails opened/month (3m) = 0.0 (+0.45 logit)
501418,0.0271,0,0,active (bought in last 3 months),Silver,Columbus,2021,low,app session trend = -1.3 (+0.42 logit); transaction trend (3m vs prior 3m) = -1.3 (+0.38 logit); home store price tier = Value (+0.35 logit)
501222,0.0271,0,0,active (bought in last 3 months),Silver,Spokane,2022,low,marketing opt-in = 1 (+0.33 logit); app sessions/month (3m) = 1.0 (+0.27 logit); app sessions/month (6m) = 1.0 (+0.25 logit)
502023,0.0268,0,0,active (bought in last 3 months),Gold,Portland,2023,low,transactions/month (3m) = 1.7 (+0.50 logit); app session trend = -1.5 (+0.47 logit); transaction trend (3m vs prior 3m) = -1.3 (+0.38 logit)
502416,0.0262,0,0,active (bought in last 3 months),Silver,Portland,2022,low,emails opened/month (6m) = 0.0 (+0.78 logit); emails opened/month (3m) = 0.0 (+0.45 logit); app session trend = -1.3 (+0.42 logit)
500404,0.0258,0,0,active (bought in last 3 months),Gold,Denver,2023,low,app session trend = -2.0 (+0.65 logit); app sessions/month (3m) = 0.7 (+0.40 logit); transaction trend (3m vs prior 3m) = -1.3 (+0.38 logit)
501000,0.0256,0,0,active (bought in last 3 months),Gold,Austin,2022,low,transaction trend (3m vs prior 3m) = -1.7 (+0.51 logit); support tickets/month (3m) = 0.3 (+0.46 logit); home store price tier = Value (+0.35 logit)
501717,0.0256,0,0,active (bought in last 3 months),Platinum,Tulsa,2022,low,app session trend = -2.3 (+0.77 logit); emails opened/month (6m) = 0.3 (+0.48 logit); emails opened/month (3m) = 0.0 (+0.45 logit)
500279,0.0256,0,0,active (bought in last 3 months),Silver,Nashville,2021,low,app sessions/month (3m) = 0.3 (+0.53 logit); app sessions/month (6m) = 0.3 (+0.48 logit); home store price tier = Value (+0.35 logit)
502292,0.0256,0,0,active (bought in last 3 months),Gold,Raleigh,2021,low,support tickets/month (3m) = 0.7 (+1.23 logit); transaction trend (3m vs prior 3m) = -1.7 (+0.51 logit); emails opened/month (6m) = 0.3 (+0.48 logit)
501648,0.0256,0,0,active (bought in last 3 months),Gold,Columbus,2023,low,email-open trend = -2.3 (+0.64 logit); app session trend = -1.7 (+0.53 logit); coupons redeemed/month (3m) = 0.0 (+0.41 logit)
500758,0.0256,0,0,active (bought in last 3 months),Gold,Nashville,2022,low,app sessions/month (3m) = 0.5 (+0.46 logit); app session trend = -1.2 (+0.36 logit); marketing opt-in = 1 (+0.33 logit)
502414,0.0254,0,0,active (bought in last 3 months),Gold,Spokane,2022,low,support tickets/month (3m) = 0.7 (+1.23 logit); emails opened/month (6m) = 0.3 (+0.48 logit); emails opened/month (3m) = 0.0 (+0.45 logit)
501819,0.0254,0,0,active (bought in last 3 months),Silver,Raleigh,2021,low,transactions/month (3m) = 1.3 (+0.59 logit); transaction trend (3m vs prior 3m) = -1.7 (+0.51 logit); transactions/month (6m) = 2.2 (+0.34 logit)
501678,0.0253,0,0,active (bought in last 3 months),Silver,Austin,2023,low,emails opened/month (6m) = 0.3 (+0.48 logit); support tickets/month (3m) = 0.3 (+0.46 logit); emails opened/month (3m) = 0.0 (+0.45 logit)
501273,0.0251,0,0,active (bought in last 3 months),Gold,Raleigh,2023,low,transaction trend (3m vs prior 3m) = -2.7 (+0.90 logit); email-open trend = -1.3 (+0.36 logit); marketing opt-in = 1 (+0.33 logit)
501573,0.025,0,1,active (bought in last 3 months),Gold,Tulsa,2022,low,emails opened/month (6m) = 0.2 (+0.63 logit); emails opened/month (3m) = 0.0 (+0.45 logit); home store price tier = Value (+0.35 logit)
501368,0.025,0,0,active (bought in last 3 months),Gold,Nashville,2024,low,emails opened/month (6m) = 0.0 (+0.78 logit); transactions/month (3m) = 1.0 (+0.68 logit); transactions/month (6m) = 1.0 (+0.61 logit)
501240,0.0247,0,0,active (bought in last 3 months),Silver,Tulsa,2024,low,transactions/month (3m) = 1.0 (+0.68 logit); app sessions/month (3m) = 0.0 (+0.66 logit); transactions/month (6m) = 1.0 (+0.61 logit)
500520,0.0244,0,0,active (bought in last 3 months),Platinum,Madison,2023,low,transaction trend (3m vs prior 3m) = -2.0 (+0.64 logit); email-open trend = -1.7 (+0.45 logit); coupons redeemed/month (3m) = 0.0 (+0.41 logit)
502510,0.0244,0,0,active (bought in last 3 months),Silver,Spokane,2023,low,emails opened/month (6m) = 0.2 (+0.55 logit); app session trend = -1.7 (+0.53 logit); home store price tier = Value (+0.35 logit)
500383,0.0243,0,0,active (bought in last 3 months),Silver,Madison,2024,low,support tickets/month (3m) = 0.5 (+0.84 logit); marketing opt-in = 1 (+0.33 logit); app sessions/month (3m) = 1.0 (+0.27 logit)
501952,0.024,0,0,active (bought in last 3 months),Silver,Tulsa,2023,low,emails opened/month (6m) = 0.3 (+0.48 logit); support tickets/month (3m) = 0.3 (+0.46 logit); emails opened/month (3m) = 0.0 (+0.45 logit)
501290,0.0239,0,0,active (bought in last 3 months),Silver,Boise,2024,low,emails opened/month (6m) = 0.0 (+0.78 logit); app sessions/month (3m) = 0.0 (+0.66 logit); app sessions/month (6m) = 0.0 (+0.59 logit)
501990,0.0236,0,1,active (bought in last 3 months),Silver,Denver,2023,low,transactions/month (3m) = 1.7 (+0.50 logit); transaction trend (3m vs prior 3m) = -1.3 (+0.38 logit); transactions/month (6m) = 2.0 (+0.38 logit)
500923,0.0234,0,0,active (bought in last 3 months),Silver,Columbus,2023,low,app sessions/month (3m) = 0.3 (+0.53 logit); app sessions/month (6m) = 0.3 (+0.48 logit); home store price tier = Value (+0.35 logit)
501382,0.0228,0,0,active (bought in last 3 months),Silver,Austin,2023,low,support tickets/month (3m) = 0.7 (+1.23 logit); home store price tier = Value (+0.35 logit); marketing opt-in = 1 (+0.33 logit)
500772,0.0226,0,0,active (bought in last 3 months),Silver,Portland,2021,low,emails opened/month (3m) = 0.0 (+0.45 logit); email-open trend = -1.3 (+0.36 logit); marketing opt-in = 1 (+0.33 logit)
500010,0.0225,0,0,active (bought in last 3 months),Platinum,Boise,2022,low,transactions/month (3m) = 1.0 (+0.68 logit); transactions/month (6m) = 1.0 (+0.61 logit); spend/month (6m) = 53.0 (+0.21 logit)
500741,0.0224,0,0,active (bought in last 3 months),Gold,Austin,2022,low,support tickets/month (3m) = 0.3 (+0.46 logit); marketing opt-in = 1 (+0.33 logit); transactions/month (3m) = 2.3 (+0.31 logit)
501492,0.0224,0,0,active (bought in last 3 months),Platinum,Columbus,2023,low,support tickets/month (3m) = 0.7 (+1.23 logit); app sessions/month (3m) = 0.7 (+0.40 logit); support tickets/month (6m) = 0.7 (+0.37 logit)
502382,0.0223,0,0,active (bought in last 3 months),Platinum,Madison,2023,low,app sessions/month (3m) = 0.3 (+0.53 logit); transactions/month (6m) = 1.4 (+0.52 logit); app sessions/month (6m) = 0.4 (+0.45 logit)
501401,0.0222,0,0,active (bought in last 3 months),Silver,Raleigh,2021,low,transaction trend (3m vs prior 3m) = -2.0 (+0.64 logit); marketing opt-in = 1 (+0.33 logit); transactions/month (3m) = 2.3 (+0.31 logit)
501939,0.0222,0,0,active (bought in last 3 months),Silver,Nashville,2023,low,marketing opt-in = 1 (+0.33 logit); transactions/month (6m) = 2.7 (+0.22 logit); transactions/month (3m) = 2.7 (+0.22 logit)
501098,0.0221,0,1,active (bought in last 3 months),Gold,Boise,2022,low,transaction trend (3m vs prior 3m) = -2.0 (+0.64 logit); home store price tier = Value (+0.35 logit); marketing opt-in = 1 (+0.33 logit)
501340,0.0221,0,0,active (bought in last 3 months),Platinum,Spokane,2022,low,coupons redeemed/month (3m) = 0.0 (+0.41 logit); app sessions/month (3m) = 0.7 (+0.40 logit); marketing opt-in = 1 (+0.33 logit)
501801,0.022,0,0,active (bought in last 3 months),Platinum,Boise,2023,low,support tickets/month (3m) = 0.3 (+0.46 logit); home store price tier = Value (+0.35 logit); marketing opt-in = 1 (+0.33 logit)
500370,0.0219,0,0,active (bought in last 3 months),Silver,Austin,2022,low,app session trend = -1.3 (+0.42 logit); email-open trend = -1.3 (+0.36 logit); marketing opt-in = 1 (+0.33 logit)
501238,0.0217,0,0,active (bought in last 3 months),Gold,Austin,2023,low,support tickets/month (3m) = 0.7 (+1.23 logit); home store price tier = Value (+0.35 logit); marketing opt-in = 1 (+0.33 logit)
500117,0.0217,0,0,active (bought in last 3 months),Gold,Madison,2021,low,app session trend = -2.0 (+0.65 logit); emails opened/month (6m) = 0.2 (+0.63 logit); home store price tier = Value (+0.35 logit)
501339,0.0215,0,0,active (bought in last 3 months),Silver,Denver,2022,low,support tickets/month (3m) = 0.3 (+0.46 logit); marketing opt-in = 1 (+0.33 logit); app session trend = -1.0 (+0.30 logit)
501988,0.0215,0,0,active (bought in last 3 months),Silver,Raleigh,2024,low,transactions/month (3m) = 1.5 (+0.54 logit); transactions/month (6m) = 1.5 (+0.49 logit); home store price tier = Value (+0.35 logit)
500917,0.0215,0,0,active (bought in last 3 months),Silver,Tulsa,2022,low,app session trend = -1.3 (+0.42 logit); app sessions/month (3m) = 0.7 (+0.40 logit); marketing opt-in = 1 (+0.33 logit)
501569,0.0214,0,0,active (bought in last 3 months),Silver,Madison,2022,low,transactions/month (6m) = 1.3 (+0.53 logit); transactions/month (3m) = 1.7 (+0.50 logit); marketing opt-in = 1 (+0.33 logit)
502139,0.0213,0,0,active (bought in last 3 months),Gold,Raleigh,2022,low,app sessions/month (6m) = 0.7 (+0.37 logit); email-open trend = -1.3 (+0.36 logit); marketing opt-in = 1 (+0.33 logit)
501936,0.0211,0,0,active (bought in last 3 months),Gold,Denver,2023,low,transactions/month (3m) = 1.3 (+0.59 logit); transactions/month (6m) = 1.3 (+0.53 logit); marketing opt-in = 1 (+0.33 logit)
502399,0.0211,0,0,active (bought in last 3 months),Silver,Austin,2022,low,transaction trend (3m vs prior 3m) = -2.8 (+0.96 logit); support tickets/month (3m) = 0.5 (+0.84 logit); marketing opt-in = 1 (+0.33 logit)
502454,0.0211,0,0,active (bought in last 3 months),Silver,Madison,2021,low,support tickets/month (3m) = 0.7 (+1.23 logit); email-open trend = -1.3 (+0.36 logit); marketing opt-in = 1 (+0.33 logit)
501526,0.0211,0,0,active (bought in last 3 months),Gold,Tulsa,2021,low,app sessions/month (3m) = 0.0 (+0.66 logit); app sessions/month (6m) = 0.0 (+0.59 logit); transactions/month (6m) = 2.2 (+0.34 logit)
501586,0.0209,0,0,active (bought in last 3 months),Silver,Raleigh,2023,low,app sessions/month (3m) = 0.0 (+0.66 logit); emails opened/month (6m) = 0.2 (+0.60 logit); app session trend = -1.5 (+0.47 logit)
502005,0.0209,0,0,active (bought in last 3 months),Platinum,Portland,2021,low,support tickets/month (3m) = 0.7 (+1.23 logit); transaction trend (3m vs prior 3m) = -1.3 (+0.38 logit); marketing opt-in = 1 (+0.33 logit)
502085,0.0208,0,0,active (bought in last 3 months),Silver,Columbus,2024,low,support tickets/month (3m) = 0.5 (+0.84 logit); transactions/month (3m) = 2.0 (+0.40 logit); transactions/month (6m) = 2.0 (+0.38 logit)
502424,0.0207,0,0,active (bought in last 3 months),Gold,Nashville,2023,low,emails opened/month (6m) = 0.3 (+0.48 logit); home store price tier = Value (+0.35 logit); emails opened/month (3m) = 0.3 (+0.27 logit)
501590,0.0203,0,0,active (bought in last 3 months),Silver,Boise,2023,low,transactions/month (3m) = 2.0 (+0.40 logit); marketing opt-in = 1 (+0.33 logit); transactions/month (6m) = 2.2 (+0.33 logit)
500527,0.0202,0,0,active (bought in last 3 months),Gold,Raleigh,2022,low,coupons redeemed/month (3m) = 0.0 (+0.41 logit); marketing opt-in = 1 (+0.33 logit); categories bought/month (3m) = 0.7 (+0.19 logit)
502047,0.0201,0,0,active (bought in last 3 months),Silver,Tulsa,2022,low,transactions/month (6m) = 1.0 (+0.61 logit); transactions/month (3m) = 1.3 (+0.59 logit); home store price tier = Value (+0.35 logit)
501120,0.02,0,0,active (bought in last 3 months),Silver,Tulsa,2022,low,app session trend = -2.3 (+0.77 logit); app sessions/month (3m) = 0.7 (+0.40 logit); transaction trend (3m vs prior 3m) = -1.3 (+0.38 logit)
500104,0.0199,0,0,active (bought in last 3 months),Silver,Tulsa,2021,low,support tickets/month (3m) = 0.3 (+0.46 logit); coupons redeemed/month (3m) = 0.0 (+0.41 logit); marketing opt-in = 1 (+0.33 logit)
501127,0.0197,0,1,active (bought in last 3 months),Gold,Nashville,2022,low,support tickets/month (3m) = 0.3 (+0.46 logit); coupons redeemed/month (3m) = 0.0 (+0.41 logit); home store price tier = Value (+0.35 logit)
501138,0.0196,0,0,active (bought in last 3 months),Gold,Raleigh,2021,low,transactions/month (3m) = 0.3 (+0.87 logit); transactions/month (6m) = 0.5 (+0.73 logit); support tickets/month (3m) = 0.3 (+0.46 logit)
501937,0.0196,0,0,active (bought in last 3 months),Gold,Spokane,2023,low,emails opened/month (6m) = 0.3 (+0.48 logit); app sessions/month (3m) = 0.7 (+0.40 logit); home store price tier = Value (+0.35 logit)
502211,0.0196,0,0,active (bought in last 3 months),Gold,Portland,2024,low,transactions/month (3m) = 1.5 (+0.54 logit); transactions/month (6m) = 1.5 (+0.49 logit); marketing opt-in = 1 (+0.33 logit)
501321,0.0195,0,0,active (bought in last 3 months),Gold,Columbus,2022,low,support tickets/month (3m) = 0.3 (+0.46 logit); app session trend = -1.3 (+0.42 logit); marketing opt-in = 1 (+0.33 logit)
502004,0.0194,0,0,active (bought in last 3 months),Platinum,Spokane,2023,low,transaction trend (3m vs prior 3m) = -2.3 (+0.77 logit); emails opened/month (6m) = 0.3 (+0.48 logit); transactions/month (3m) = 2.0 (+0.40 logit)
501292,0.0194,0,0,active (bought in last 3 months),Silver,Boise,2023,low,app sessions/month (3m) = 0.3 (+0.53 logit); transactions/month (3m) = 1.7 (+0.50 logit); transactions/month (6m) = 1.8 (+0.42 logit)
501942,0.0194,0,0,active (bought in last 3 months),Gold,Spokane,2021,low,transaction trend (3m vs prior 3m) = -2.0 (+0.64 logit); support tickets/month (3m) = 0.3 (+0.46 logit); coupons redeemed/month (3m) = 0.0 (+0.41 logit)
500100,0.0192,0,0,active (bought in last 3 months),Gold,Portland,2023,low,app sessions/month (3m) = 0.7 (+0.40 logit); marketing opt-in = 1 (+0.33 logit); app session trend = -1.0 (+0.30 logit)
501883,0.0185,0,0,active (bought in last 3 months),Platinum,Madison,2022,low,transactions/month (3m) = 1.7 (+0.50 logit); transactions/month (6m) = 1.7 (+0.45 logit); marketing opt-in = 1 (+0.33 logit)
500713,0.0184,0,0,active (bought in last 3 months),Silver,Tulsa,2024,low,emails opened/month (6m) = 0.0 (+0.78 logit); emails opened/month (3m) = 0.0 (+0.45 logit); app sessions/month (3m) = 1.0 (+0.27 logit)
502244,0.0183,0,0,active (bought in last 3 months),Gold,Columbus,2022,low,app session trend = -2.7 (+0.88 logit); emails opened/month (6m) = 0.2 (+0.63 logit); app sessions/month (3m) = 0.3 (+0.53 logit)
501174,0.0182,0,0,active (bought in last 3 months),Silver,Spokane,2021,low,app sessions/month (3m) = 0.7 (+0.40 logit); marketing opt-in = 1 (+0.33 logit); app session trend = -1.0 (+0.30 logit)
502243,0.0182,0,0,active (bought in last 3 months),Silver,Boise,2024,low,marketing opt-in = 1 (+0.33 logit); spend/month (6m) = 58.6 (+0.19 logit); membership tier = Silver (+0.18 logit)
502137,0.0181,0,0,active (bought in last 3 months),Silver,Tulsa,2023,low,support tickets/month (3m) = 1.0 (+1.99 logit); transaction trend (3m vs prior 3m) = -2.7 (+0.90 logit); emails opened/month (6m) = 0.0 (+0.78 logit)
502036,0.0181,0,0,active (bought in last 3 months),Silver,Tulsa,2023,low,emails opened/month (6m) = 0.3 (+0.48 logit); coupons redeemed/month (3m) = 0.0 (+0.41 logit); emails opened/month (3m) = 0.3 (+0.27 logit)
500688,0.018,0,0,active (bought in last 3 months),Gold,Madison,2024,low,support tickets/month (3m) = 1.0 (+1.99 logit); support tickets/month (6m) = 1.0 (+0.60 logit); home store price tier = Value (+0.35 logit)
501457,0.0179,0,0,active (bought in last 3 months),Platinum,Nashville,2022,low,support tickets/month (3m) = 0.7 (+1.23 logit); app session trend = -2.0 (+0.65 logit); marketing opt-in = 1 (+0.33 logit)
500673,0.0178,0,0,active (bought in last 3 months),Gold,Boise,2021,low,support tickets/month (3m) = 0.3 (+0.46 logit); marketing opt-in = 1 (+0.33 logit); app sessions/month (6m) = 1.2 (+0.20 logit)
501357,0.0178,0,0,active (bought in last 3 months),Silver,Columbus,2023,low,emails opened/month (6m) = 0.2 (+0.63 logit); transaction trend (3m vs prior 3m) = -1.3 (+0.38 logit); city = Columbus (+0.32 logit)
500753,0.0175,0,0,active (bought in last 3 months),Silver,Nashville,2023,low,emails opened/month (6m) = 0.2 (+0.63 logit); support tickets/month (3m) = 0.3 (+0.46 logit); emails opened/month (3m) = 0.0 (+0.45 logit)
500002,0.0174,0,0,active (bought in last 3 months),Silver,Spokane,2023,low,transaction trend (3m vs prior 3m) = -2.3 (+0.77 logit); emails opened/month (6m) = 0.3 (+0.48 logit); app session trend = -1.0 (+0.30 logit)
502316,0.0173,0,0,active (bought in last 3 months),Gold,Portland,2021,low,transaction trend (3m vs prior 3m) = -2.0 (+0.64 logit); coupons redeemed/month (3m) = 0.0 (+0.41 logit); home store price tier = Value (+0.35 logit)
500191,0.0172,0,0,active (bought in last 3 months),Gold,Madison,2023,low,support tickets/month (3m) = 0.3 (+0.46 logit); marketing opt-in = 1 (+0.33 logit); emails opened/month (3m) = 0.3 (+0.27 logit)
502116,0.0171,0,0,active (bought in last 3 months),Silver,Columbus,2023,low,transactions/month (3m) = 1.7 (+0.50 logit); transactions/month (6m) = 1.8 (+0.42 logit); emails opened/month (6m) = 0.4 (+0.42 logit)
501541,0.0167,0,0,active (bought in last 3 months),Silver,Nashville,2022,low,transaction trend (3m vs prior 3m) = -1.3 (+0.38 logit); marketing opt-in = 1 (+0.33 logit); membership tier = Silver (+0.18 logit)
501264,0.0166,0,0,active (bought in last 3 months),Silver,Portland,2024,low,transactions/month (3m) = 1.0 (+0.68 logit); transactions/month (6m) = 1.0 (+0.61 logit); coupons redeemed/month (3m) = 0.0 (+0.41 logit)
500206,0.0166,0,0,active (bought in last 3 months),Gold,Raleigh,2022,low,support tickets/month (3m) = 0.3 (+0.46 logit); home store price tier = Value (+0.35 logit); emails opened/month (6m) = 0.5 (+0.33 logit)
502067,0.0165,0,0,active (bought in last 3 months),Gold,Portland,2023,low,transactions/month (6m) = 1.8 (+0.42 logit); coupons redeemed/month (3m) = 0.0 (+0.41 logit); transactions/month (3m) = 2.0 (+0.40 logit)
502343,0.0165,0,0,active (bought in last 3 months),Gold,Denver,2022,low,emails opened/month (6m) = 0.3 (+0.48 logit); transactions/month (3m) = 2.0 (+0.40 logit); transactions/month (6m) = 2.0 (+0.38 logit)
502464,0.0165,0,0,active (bought in last 3 months),Gold,Raleigh,2021,low,email-open trend = -1.7 (+0.45 logit); marketing opt-in = 1 (+0.33 logit); transactions/month (6m) = 2.3 (+0.30 logit)
502518,0.0164,0,0,active (bought in last 3 months),Gold,Denver,2022,low,coupons redeemed/month (3m) = 0.0 (+0.41 logit); marketing opt-in = 1 (+0.33 logit); transactions/month (6m) = 2.5 (+0.26 logit)
500743,0.0164,0,0,active (bought in last 3 months),Platinum,Portland,2021,low,emails opened/month (6m) = 0.3 (+0.48 logit); support tickets/month (3m) = 0.3 (+0.46 logit); emails opened/month (3m) = 0.3 (+0.27 logit)
502352,0.0161,0,0,active (bought in last 3 months),Silver,Tulsa,2022,low,transactions/month (3m) = 2.0 (+0.40 logit); marketing opt-in = 1 (+0.33 logit); email-open trend = -1.0 (+0.26 logit)
501040,0.016,0,0,active (bought in last 3 months),Gold,Madison,2023,low,support tickets/month (3m) = 0.3 (+0.46 logit); coupons redeemed/month (3m) = 0.0 (+0.41 logit); app sessions/month (6m) = 0.8 (+0.34 logit)
500888,0.016,0,0,active (bought in last 3 months),Platinum,Tulsa,2021,low,app session trend = -3.5 (+1.17 logit); support tickets/month (3m) = 0.3 (+0.46 logit); transactions/month (6m) = 2.4 (+0.28 logit)
502534,0.0156,0,0,active (bought in last 3 months),Gold,Columbus,2024,low,transactions/month (3m) = 1.0 (+0.68 logit); transactions/month (6m) = 1.0 (+0.61 logit); marketing opt-in = 1 (+0.33 logit)
501845,0.0155,0,0,active (bought in last 3 months),Silver,Portland,2023,low,coupons redeemed/month (3m) = 0.0 (+0.41 logit); app sessions/month (3m) = 0.7 (+0.40 logit); home store price tier = Value (+0.35 logit)
502198,0.0155,0,0,active (bought in last 3 months),Silver,Columbus,2021,low,transaction trend (3m vs prior 3m) = -1.7 (+0.51 logit); marketing opt-in = 1 (+0.33 logit); city = Columbus (+0.32 logit)
502379,0.0153,0,0,active (bought in last 3 months),Silver,Austin,2021,low,app session trend = -2.3 (+0.77 logit); home store price tier = Value (+0.35 logit); marketing opt-in = 1 (+0.33 logit)
500433,0.0152,0,0,active (bought in last 3 months),Gold,Nashville,2022,low,emails opened/month (6m) = 0.2 (+0.63 logit); transactions/month (3m) = 2.3 (+0.31 logit); transactions/month (6m) = 2.3 (+0.30 logit)
500624,0.0152,0,0,active (bought in last 3 months),Silver,Austin,2023,low,transactions/month (3m) = 2.0 (+0.40 logit); transactions/month (6m) = 2.0 (+0.38 logit); marketing opt-in = 1 (+0.33 logit)
500746,0.0151,0,0,active (bought in last 3 months),Gold,Portland,2021,low,support tickets/month (3m) = 0.3 (+0.46 logit); home store price tier = Value (+0.35 logit); marketing opt-in = 1 (+0.33 logit)
502523,0.0151,0,0,active (bought in last 3 months),Silver,Nashville,2021,low,marketing opt-in = 1 (+0.33 logit); app session trend = -1.0 (+0.30 logit); app sessions/month (3m) = 1.0 (+0.27 logit)
502048,0.015,0,0,active (bought in last 3 months),Silver,Columbus,2022,low,transaction trend (3m vs prior 3m) = -2.7 (+0.90 logit); marketing opt-in = 1 (+0.33 logit); city = Columbus (+0.32 logit)
501017,0.0149,0,0,active (bought in last 3 months),Silver,Raleigh,2024,low,app sessions/month (3m) = 0.0 (+0.66 logit); app sessions/month (6m) = 0.0 (+0.59 logit); share of promo transactions (6m) = 0.6 (+0.42 logit)
502585,0.0147,0,0,active (bought in last 3 months),Gold,Portland,2023,low,marketing opt-in = 1 (+0.33 logit); app session trend = -1.0 (+0.30 logit); emails opened/month (6m) = 0.7 (+0.19 logit)
502313,0.0147,0,0,active (bought in last 3 months),Gold,Spokane,2022,low,emails opened/month (6m) = 0.0 (+0.78 logit); transactions/month (3m) = 1.3 (+0.59 logit); transaction trend (3m vs prior 3m) = -1.7 (+0.51 logit)
502241,0.0146,0,0,active (bought in last 3 months),Silver,Tulsa,2022,low,transaction trend (3m vs prior 3m) = -3.7 (+1.29 logit); support tickets/month (3m) = 0.3 (+0.46 logit); email-open trend = -1.3 (+0.36 logit)
501387,0.0146,0,0,active (bought in last 3 months),Silver,Columbus,2021,low,emails opened/month (6m) = 0.3 (+0.48 logit); support tickets/month (3m) = 0.3 (+0.46 logit); transaction trend (3m vs prior 3m) = -1.3 (+0.38 logit)
500740,0.0146,0,0,active (bought in last 3 months),Silver,Nashville,2021,low,coupons redeemed/month (3m) = 0.0 (+0.41 logit); marketing opt-in = 1 (+0.33 logit); coupons redeemed/month (6m) = 0.0 (+0.20 logit)
500930,0.0145,0,0,active (bought in last 3 months),Silver,Spokane,2021,low,email-open trend = -2.0 (+0.55 logit); emails opened/month (3m) = 0.0 (+0.45 logit); home store price tier = Value (+0.35 logit)
502592,0.0145,0,0,active (bought in last 3 months),Platinum,Spokane,2022,low,app session trend = -2.0 (+0.65 logit); transaction trend (3m vs prior 3m) = -1.7 (+0.51 logit); home store price tier = Value (+0.35 logit)
500489,0.0144,0,0,active (bought in last 3 months),Gold,Columbus,2021,low,transaction trend (3m vs prior 3m) = -2.7 (+0.90 logit); emails opened/month (6m) = 0.2 (+0.63 logit); emails opened/month (3m) = 0.0 (+0.45 logit)
500526,0.0143,0,0,active (bought in last 3 months),Gold,Madison,2021,low,emails opened/month (3m) = 0.0 (+0.45 logit); app sessions/month (3m) = 0.7 (+0.40 logit); emails opened/month (6m) = 0.5 (+0.33 logit)
500710,0.0143,0,0,active (bought in last 3 months),Platinum,Austin,2023,low,transaction trend (3m vs prior 3m) = -2.3 (+0.77 logit); support tickets/month (3m) = 0.3 (+0.46 logit); coupons redeemed/month (3m) = 0.0 (+0.41 logit)
501964,0.0143,0,0,active (bought in last 3 months),Platinum,Boise,2023,low,app session trend = -2.0 (+0.65 logit); coupons redeemed/month (3m) = 0.0 (+0.41 logit); marketing opt-in = 1 (+0.33 logit)
500800,0.0143,0,0,active (bought in last 3 months),Silver,Spokane,2024,low,emails opened/month (6m) = 0.0 (+0.78 logit); emails opened/month (3m) = 0.0 (+0.45 logit); home store price tier = Value (+0.35 logit)
501147,0.0142,0,0,active (bought in last 3 months),Silver,Portland,2023,low,transaction trend (3m vs prior 3m) = -1.7 (+0.51 logit); support tickets/month (3m) = 0.3 (+0.46 logit); marketing opt-in = 1 (+0.33 logit)
501782,0.0142,0,0,active (bought in last 3 months),Silver,Denver,2023,low,transaction trend (3m vs prior 3m) = -1.7 (+0.51 logit); transactions/month (3m) = 2.0 (+0.40 logit); home store price tier = Value (+0.35 logit)
501241,0.0142,0,0,active (bought in last 3 months),Silver,Boise,2021,low,support tickets/month (3m) = 0.3 (+0.46 logit); home store price tier = Value (+0.35 logit); marketing opt-in = 1 (+0.33 logit)
501562,0.0141,0,0,active (bought in last 3 months),Silver,Austin,2023,low,transaction trend (3m vs prior 3m) = -3.0 (+1.03 logit); app session trend = -1.3 (+0.42 logit); membership tier = Silver (+0.18 logit)
500443,0.014,0,0,active (bought in last 3 months),Silver,Portland,2023,low,transactions/month (6m) = 2.0 (+0.38 logit); home store price tier = Value (+0.35 logit); marketing opt-in = 1 (+0.33 logit)
501408,0.014,0,0,active (bought in last 3 months),Silver,Tulsa,2023,low,emails opened/month (6m) = 0.3 (+0.48 logit); coupons redeemed/month (3m) = 0.0 (+0.41 logit); home store price tier = Value (+0.35 logit)
500726,0.014,0,0,active (bought in last 3 months),Silver,Tulsa,2023,low,app session trend = -2.7 (+0.88 logit); support tickets/month (3m) = 0.3 (+0.46 logit); emails opened/month (6m) = 0.5 (+0.33 logit)
500105,0.0139,0,0,active (bought in last 3 months),Silver,Tulsa,2022,low,emails opened/month (6m) = 0.5 (+0.33 logit); membership tier = Silver (+0.18 logit); months of history = 6 (+0.13 logit)
500979,0.0138,0,0,active (bought in last 3 months),Silver,Boise,2021,low,coupons redeemed/month (3m) = 0.0 (+0.41 logit); home store price tier = Value (+0.35 logit); marketing opt-in = 1 (+0.33 logit)
501328,0.0137,0,0,active (bought in last 3 months),Platinum,Tulsa,2021,low,emails opened/month (6m) = 0.3 (+0.48 logit); app session trend = -1.0 (+0.30 logit); emails opened/month (3m) = 0.3 (+0.27 logit)
501888,0.0136,0,0,active (bought in last 3 months),Silver,Boise,2024,low,support tickets/month (3m) = 1.0 (+1.99 logit); support tickets/month (6m) = 1.0 (+0.60 logit); coupons redeemed/month (3m) = 0.0 (+0.41 logit)
501250,0.0136,0,0,active (bought in last 3 months),Platinum,Portland,2022,low,emails opened/month (6m) = 0.0 (+0.78 logit); support tickets/month (3m) = 0.3 (+0.46 logit); emails opened/month (3m) = 0.0 (+0.45 logit)
500160,0.0136,0,0,active (bought in last 3 months),Platinum,Madison,2021,low,app session trend = -1.7 (+0.53 logit); support tickets/month (3m) = 0.3 (+0.46 logit); home store price tier = Value (+0.35 logit)
500297,0.0135,0,0,active (bought in last 3 months),Platinum,Austin,2023,low,app sessions/month (3m) = 0.3 (+0.53 logit); app sessions/month (6m) = 0.5 (+0.42 logit); marketing opt-in = 1 (+0.33 logit)
500358,0.0133,0,0,active (bought in last 3 months),Silver,Nashville,2023,low,emails opened/month (6m) = 0.3 (+0.48 logit); marketing opt-in = 1 (+0.33 logit); emails opened/month (3m) = 0.3 (+0.27 logit)
502056,0.0133,0,0,active (bought in last 3 months),Silver,Portland,2023,low,transactions/month (3m) = 2.0 (+0.40 logit); app sessions/month (3m) = 0.7 (+0.40 logit); app sessions/month (6m) = 0.6 (+0.39 logit)
501023,0.0132,0,0,active (bought in last 3 months),Silver,Austin,2023,low,transaction trend (3m vs prior 3m) = -2.0 (+0.64 logit); support tickets/month (3m) = 0.3 (+0.46 logit); coupons redeemed/month (3m) = 0.0 (+0.41 logit)
500736,0.013,0,0,active (bought in last 3 months),Platinum,Austin,2021,low,transactions/month (3m) = 1.7 (+0.50 logit); transactions/month (6m) = 1.8 (+0.42 logit); home store price tier = Value (+0.35 logit)
500693,0.013,0,0,active (bought in last 3 months),Silver,Nashville,2021,low,support tickets/month (3m) = 0.3 (+0.46 logit); home store price tier = Value (+0.35 logit); marketing opt-in = 1 (+0.33 logit)
500148,0.0129,0,0,active (bought in last 3 months),Silver,Madison,2021,low,emails opened/month (6m) = 0.3 (+0.48 logit); emails opened/month (3m) = 0.0 (+0.45 logit); gender = Unknown (+0.32 logit)
501901,0.0128,0,0,active (bought in last 3 months),Platinum,Spokane,2022,low,marketing opt-in = 1 (+0.33 logit); app sessions/month (3m) = 1.0 (+0.27 logit); app session trend = -0.7 (+0.18 logit)
501381,0.0128,0,0,active (bought in last 3 months),Gold,Portland,2022,low,emails opened/month (6m) = 0.0 (+0.78 logit); emails opened/month (3m) = 0.0 (+0.45 logit); home store price tier = Value (+0.35 logit)
501975,0.0128,0,0,active (bought in last 3 months),Gold,Columbus,2023,low,transactions/month (6m) = 1.0 (+0.61 logit); transactions/month (3m) = 1.7 (+0.50 logit); support tickets/month (3m) = 0.3 (+0.46 logit)
500939,0.0127,0,0,active (bought in last 3 months),Gold,Austin,2022,low,transaction trend (3m vs prior 3m) = -2.3 (+0.77 logit); emails opened/month (6m) = 0.3 (+0.48 logit); emails opened/month (3m) = 0.0 (+0.45 logit)
501498,0.0127,0,0,active (bought in last 3 months),Silver,Nashville,2024,low,coupons redeemed/month (3m) = 0.0 (+0.41 logit); home store price tier = Value (+0.35 logit); marketing opt-in = 1 (+0.33 logit)
500343,0.0126,0,0,active (bought in last 3 months),Silver,Madison,2021,low,support tickets/month (3m) = 0.3 (+0.46 logit); email-open trend = -1.3 (+0.36 logit); home store price tier = Value (+0.35 logit)
501379,0.0125,0,0,active (bought in last 3 months),Gold,Portland,2022,low,transaction trend (3m vs prior 3m) = -2.7 (+0.90 logit); support tickets/month (3m) = 0.3 (+0.46 logit); home store price tier = Value (+0.35 logit)
500597,0.0124,0,0,active (bought in last 3 months),Gold,Raleigh,2023,low,support tickets/month (3m) = 0.3 (+0.46 logit); home store price tier = Value (+0.35 logit); marketing opt-in = 1 (+0.33 logit)
501682,0.0124,0,0,active (bought in last 3 months),Gold,Austin,2021,low,emails opened/month (6m) = 0.2 (+0.63 logit); support tickets/month (3m) = 0.3 (+0.46 logit); home store price tier = Value (+0.35 logit)
501723,0.0123,0,0,active (bought in last 3 months),Platinum,Madison,2023,low,support tickets/month (3m) = 0.3 (+0.46 logit); marketing opt-in = 1 (+0.33 logit); transaction trend (3m vs prior 3m) = -1.0 (+0.25 logit)
501178,0.0123,0,0,active (bought in last 3 months),Silver,Portland,2022,low,transaction trend (3m vs prior 3m) = -4.0 (+1.42 logit); emails opened/month (6m) = 0.2 (+0.63 logit); emails opened/month (3m) = 0.3 (+0.27 logit)
500154,0.0122,0,0,active (bought in last 3 months),Gold,Spokane,2021,low,email-open trend = -1.3 (+0.36 logit); marketing opt-in = 1 (+0.33 logit); emails opened/month (3m) = 0.3 (+0.27 logit)
501428,0.0121,0,0,active (bought in last 3 months),Silver,Madison,2023,low,app session trend = -2.7 (+0.88 logit); home store price tier = Value (+0.35 logit); marketing opt-in = 1 (+0.33 logit)
500441,0.0121,0,0,active (bought in last 3 months),Silver,Denver,2023,low,transaction trend (3m vs prior 3m) = -2.5 (+0.83 logit); transactions/month (3m) = 1.5 (+0.54 logit); coupons redeemed/month (3m) = 0.0 (+0.41 logit)
500007,0.012,0,0,active (bought in last 3 months),Platinum,Tulsa,2021,low,support tickets/month (3m) = 0.3 (+0.46 logit); email-open trend = -1.3 (+0.36 logit); marketing opt-in = 1 (+0.33 logit)
500523,0.0119,0,0,active (bought in last 3 months),Silver,Tulsa,2023,low,transaction trend (3m vs prior 3m) = -4.2 (+1.48 logit); support tickets/month (3m) = 0.5 (+0.84 logit); home store price tier = Value (+0.35 logit)
500252,0.0119,0,0,active (bought in last 3 months),Gold,Portland,2022,low,emails opened/month (3m) = 0.0 (+0.45 logit); app sessions/month (6m) = 0.5 (+0.42 logit); app sessions/month (3m) = 0.7 (+0.40 logit)
501814,0.0118,0,0,active (bought in last 3 months),Silver,Tulsa,2023,low,support tickets/month (3m) = 0.3 (+0.46 logit); marketing opt-in = 1 (+0.33 logit); app sessions/month (3m) = 1.0 (+0.27 logit)
501186,0.0117,0,0,active (bought in last 3 months),Silver,Spokane,2024,low,marketing opt-in = 1 (+0.33 logit); membership tier = Silver (+0.18 logit); transactions/month (6m) = 3.0 (+0.14 logit)
500537,0.0117,0,0,active (bought in last 3 months),Gold,Boise,2022,low,app session trend = -1.3 (+0.42 logit); coupons redeemed/month (3m) = 0.0 (+0.41 logit); marketing opt-in = 1 (+0.33 logit)
501750,0.0116,0,0,active (bought in last 3 months),Gold,Raleigh,2023,low,transaction trend (3m vs prior 3m) = -3.5 (+1.22 logit); coupons redeemed/month (3m) = 0.0 (+0.41 logit); home store price tier = Value (+0.35 logit)
500081,0.0116,0,0,active (bought in last 3 months),Silver,Denver,2022,low,transaction trend (3m vs prior 3m) = -2.0 (+0.64 logit); support tickets/month (3m) = 0.3 (+0.46 logit); marketing opt-in = 1 (+0.33 logit)
500829,0.0116,0,0,active (bought in last 3 months),Gold,Austin,2022,low,app sessions/month (3m) = 0.3 (+0.53 logit); app sessions/month (6m) = 0.3 (+0.48 logit); support tickets/month (3m) = 0.3 (+0.46 logit)
501617,0.0115,0,0,active (bought in last 3 months),Silver,Raleigh,2023,low,app session trend = -1.3 (+0.42 logit); emails opened/month (3m) = 0.3 (+0.27 logit); email-open trend = -1.0 (+0.26 logit)
500656,0.0113,0,0,active (bought in last 3 months),Silver,Spokane,2021,low,support tickets/month (3m) = 0.5 (+0.84 logit); transaction trend (3m vs prior 3m) = -1.7 (+0.51 logit); emails opened/month (3m) = 0.0 (+0.45 logit)
500400,0.0113,0,0,active (bought in last 3 months),Gold,Denver,2021,low,support tickets/month (3m) = 0.3 (+0.46 logit); home store price tier = Value (+0.35 logit); marketing opt-in = 1 (+0.33 logit)
502419,0.0113,0,0,active (bought in last 3 months),Gold,Austin,2022,low,transaction trend (3m vs prior 3m) = -3.0 (+1.03 logit); emails opened/month (6m) = 0.0 (+0.78 logit); emails opened/month (3m) = 0.0 (+0.45 logit)
500155,0.0112,0,0,active (bought in last 3 months),Gold,Raleigh,2022,low,transaction trend (3m vs prior 3m) = -5.0 (+1.81 logit); email-open trend = -2.0 (+0.55 logit); marketing opt-in = 1 (+0.33 logit)
502042,0.0112,0,0,active (bought in last 3 months),Gold,Columbus,2021,low,home store price tier = Value (+0.35 logit); marketing opt-in = 1 (+0.33 logit); city = Columbus (+0.32 logit)
500703,0.0111,0,0,active (bought in last 3 months),Silver,Boise,2023,low,emails opened/month (6m) = 0.2 (+0.55 logit); emails opened/month (3m) = 0.0 (+0.45 logit); home store price tier = Value (+0.35 logit)
502321,0.0111,0,0,active (bought in last 3 months),Silver,Austin,2021,low,support tickets/month (3m) = 0.7 (+1.23 logit); transaction trend (3m vs prior 3m) = -2.7 (+0.90 logit); support tickets/month (6m) = 0.8 (+0.46 logit)
500493,0.0111,0,0,active (bought in last 3 months),Platinum,Austin,2023,low,coupons redeemed/month (3m) = 0.0 (+0.41 logit); home store price tier = Value (+0.35 logit); emails opened/month (3m) = 0.3 (+0.27 logit)
501718,0.011,0,0,active (bought in last 3 months),Silver,Spokane,2022,low,transaction trend (3m vs prior 3m) = -1.3 (+0.38 logit); marketing opt-in = 1 (+0.33 logit); app session trend = -0.7 (+0.18 logit)
501373,0.011,0,0,active (bought in last 3 months),Silver,Portland,2022,low,home store price tier = Value (+0.35 logit); emails opened/month (3m) = 0.3 (+0.27 logit); categories bought/month (3m) = 0.7 (+0.19 logit)
502072,0.011,0,0,active (bought in last 3 months),Silver,Spokane,2021,low,app session trend = -1.7 (+0.53 logit); support tickets/month (3m) = 0.3 (+0.46 logit); marketing opt-in = 1 (+0.33 logit)
500931,0.011,0,0,active (bought in last 3 months),Silver,Columbus,2022,low,transactions/month (3m) = 1.7 (+0.50 logit); transactions/month (6m) = 1.5 (+0.49 logit); marketing opt-in = 1 (+0.33 logit)
502519,0.0109,0,0,active (bought in last 3 months),Gold,Nashville,2023,low,transaction trend (3m vs prior 3m) = -2.0 (+0.64 logit); support tickets/month (3m) = 0.3 (+0.46 logit); emails opened/month (6m) = 0.5 (+0.33 logit)
501551,0.0109,0,0,active (bought in last 3 months),Silver,Portland,2023,low,transactions/month (6m) = 1.2 (+0.57 logit); transactions/month (3m) = 1.7 (+0.50 logit); marketing opt-in = 1 (+0.33 logit)
502546,0.0108,0,0,active (bought in last 3 months),Silver,Columbus,2024,low,app sessions/month (3m) = 0.5 (+0.46 logit); app sessions/month (6m) = 0.5 (+0.42 logit); marketing opt-in = 1 (+0.33 logit)
500810,0.0108,0,0,active (bought in last 3 months),Silver,Boise,2023,low,transaction trend (3m vs prior 3m) = -4.7 (+1.68 logit); support tickets/month (3m) = 0.3 (+0.46 logit); emails opened/month (6m) = 0.5 (+0.33 logit)
500458,0.0108,0,0,active (bought in last 3 months),Gold,Denver,2023,low,transactions/month (3m) = 0.7 (+0.77 logit); transactions/month (6m) = 0.7 (+0.69 logit); marketing opt-in = 1 (+0.33 logit)
501047,0.0107,0,0,active (bought in last 3 months),Silver,Madison,2023,low,support tickets/month (3m) = 0.7 (+1.23 logit); marketing opt-in = 1 (+0.33 logit); support tickets/month (6m) = 0.4 (+0.18 logit)
500229,0.0107,0,0,active (bought in last 3 months),Silver,Tulsa,2023,low,app sessions/month (3m) = 0.0 (+0.66 logit); app sessions/month (6m) = 0.2 (+0.50 logit); marketing opt-in = 1 (+0.33 logit)
502216,0.0106,0,0,active (bought in last 3 months),Silver,Austin,2022,low,transaction trend (3m vs prior 3m) = -2.7 (+0.90 logit); home store price tier = Value (+0.35 logit); emails opened/month (6m) = 0.5 (+0.33 logit)
502309,0.0105,0,0,active (bought in last 3 months),Gold,Austin,2021,low,support tickets/month (3m) = 0.3 (+0.46 logit); home store price tier = Value (+0.35 logit); marketing opt-in = 1 (+0.33 logit)
501789,0.0105,0,0,active (bought in last 3 months),Gold,Spokane,2023,low,support tickets/month (3m) = 0.7 (+1.23 logit); support tickets/month (6m) = 0.7 (+0.37 logit); marketing opt-in = 1 (+0.33 logit)
502081,0.0105,0,0,active (bought in last 3 months),Silver,Denver,2021,low,support tickets/month (3m) = 0.7 (+1.23 logit); email-open trend = -1.3 (+0.36 logit); marketing opt-in = 1 (+0.33 logit)
501007,0.0105,0,0,active (bought in last 3 months),Silver,Tulsa,2021,low,transaction trend (3m vs prior 3m) = -2.0 (+0.64 logit); coupons redeemed/month (3m) = 0.0 (+0.41 logit); email-open trend = -1.3 (+0.36 logit)
500300,0.0104,0,0,active (bought in last 3 months),Silver,Boise,2023,low,support tickets/month (3m) = 0.3 (+0.46 logit); home store price tier = Value (+0.35 logit); marketing opt-in = 1 (+0.33 logit)
501728,0.0104,0,0,active (bought in last 3 months),Silver,Madison,2021,low,emails opened/month (6m) = 0.2 (+0.63 logit); app sessions/month (3m) = 0.3 (+0.53 logit); app session trend = -1.3 (+0.42 logit)
501589,0.0103,0,0,active (bought in last 3 months),Silver,Nashville,2021,low,emails opened/month (6m) = 0.3 (+0.48 logit); coupons redeemed/month (3m) = 0.0 (+0.41 logit); emails opened/month (3m) = 0.3 (+0.27 logit)
502524,0.0103,0,0,active (bought in last 3 months),Gold,Raleigh,2022,low,app session trend = -3.0 (+1.00 logit); email-open trend = -2.7 (+0.74 logit); emails opened/month (3m) = 0.3 (+0.27 logit)
502029,0.0103,0,0,active (bought in last 3 months),Silver,Denver,2021,low,transactions/month (3m) = 2.0 (+0.40 logit); transactions/month (6m) = 2.2 (+0.34 logit); marketing opt-in = 1 (+0.33 logit)
500744,0.0102,0,0,active (bought in last 3 months),Platinum,Columbus,2022,low,support tickets/month (3m) = 0.3 (+0.46 logit); email-open trend = -1.3 (+0.36 logit); home store price tier = Value (+0.35 logit)
501775,0.0102,0,0,active (bought in last 3 months),Gold,Raleigh,2022,low,emails opened/month (6m) = 0.3 (+0.48 logit); emails opened/month (3m) = 0.3 (+0.27 logit); transactions/month (6m) = 2.7 (+0.22 logit)
501930,0.0101,0,1,active (bought in last 3 months),Platinum,Tulsa,2023,low,home store price tier = Value (+0.35 logit); marketing opt-in = 1 (+0.33 logit); transaction trend (3m vs prior 3m) = -1.0 (+0.25 logit)
501667,0.01,0,0,active (bought in last 3 months),Platinum,Columbus,2023,low,marketing opt-in = 1 (+0.33 logit); city = Columbus (+0.32 logit); app session trend = -1.0 (+0.30 logit)
500066,0.0099,0,0,active (bought in last 3 months),Silver,Tulsa,2021,low,transaction trend (3m vs prior 3m) = -2.0 (+0.64 logit); support tickets/month (3m) = 0.3 (+0.46 logit); marketing opt-in = 1 (+0.33 logit)
500890,0.0099,0,0,active (bought in last 3 months),Silver,Nashville,2023,low,transaction trend (3m vs prior 3m) = -3.7 (+1.29 logit); marketing opt-in = 1 (+0.33 logit); app session trend = -1.0 (+0.30 logit)
501012,0.0099,0,0,active (bought in last 3 months),Gold,Tulsa,2023,low,support tickets/month (3m) = 0.3 (+0.46 logit); marketing opt-in = 1 (+0.33 logit); email-open trend = -1.0 (+0.26 logit)
500285,0.0098,0,0,active (bought in last 3 months),Gold,Columbus,2021,low,city = Columbus (+0.32 logit); app sessions/month (6m) = 1.2 (+0.20 logit); email-open trend = -0.7 (+0.17 logit)
501337,0.0097,0,0,active (bought in last 3 months),Silver,Portland,2023,low,support tickets/month (3m) = 0.3 (+0.46 logit); marketing opt-in = 1 (+0.33 logit); transactions/month (3m) = 2.3 (+0.31 logit)
501109,0.0097,0,0,active (bought in last 3 months),Gold,Portland,2021,low,support tickets/month (3m) = 0.3 (+0.46 logit); marketing opt-in = 1 (+0.33 logit); emails opened/month (3m) = 0.3 (+0.27 logit)
500139,0.0096,0,0,active (bought in last 3 months),Gold,Nashville,2021,low,emails opened/month (6m) = 0.3 (+0.48 logit); app session trend = -1.3 (+0.42 logit); home store price tier = Value (+0.35 logit)
500245,0.0095,0,0,active (bought in last 3 months),Gold,Columbus,2021,low,support tickets/month (3m) = 0.7 (+1.23 logit); city = Columbus (+0.32 logit); app session trend = -1.0 (+0.30 logit)
500187,0.0095,0,0,active (bought in last 3 months),Silver,Columbus,2023,low,transactions/month (6m) = 1.8 (+0.44 logit); home store price tier = Value (+0.35 logit); marketing opt-in = 1 (+0.33 logit)
500794,0.0093,0,0,active (bought in last 3 months),Gold,Nashville,2022,low,email-open trend = -2.0 (+0.55 logit); app session trend = -1.7 (+0.53 logit); support tickets/month (3m) = 0.3 (+0.46 logit)
500504,0.0093,0,0,active (bought in last 3 months),Silver,Denver,2023,low,emails opened/month (6m) = 0.2 (+0.60 logit); transactions/month (3m) = 2.0 (+0.40 logit); transactions/month (6m) = 2.4 (+0.28 logit)
500179,0.0092,0,0,active (bought in last 3 months),Silver,Tulsa,2023,low,emails opened/month (6m) = 0.2 (+0.63 logit); coupons redeemed/month (3m) = 0.0 (+0.41 logit); emails opened/month (3m) = 0.3 (+0.27 logit)
501797,0.009,0,0,active (bought in last 3 months),Platinum,Columbus,2021,low,emails opened/month (6m) = 0.2 (+0.63 logit); app session trend = -1.3 (+0.42 logit); coupons redeemed/month (3m) = 0.0 (+0.41 logit)
500648,0.0089,0,0,active (bought in last 3 months),Silver,Nashville,2022,low,app session trend = -1.7 (+0.53 logit); marketing opt-in = 1 (+0.33 logit); transactions/month (3m) = 2.7 (+0.22 logit)
502294,0.0089,0,0,active (bought in last 3 months),Gold,Denver,2023,low,email-open trend = -2.0 (+0.55 logit); coupons redeemed/month (3m) = 0.0 (+0.41 logit); transaction trend (3m vs prior 3m) = -1.3 (+0.38 logit)
501331,0.0088,0,0,active (bought in last 3 months),Gold,Nashville,2022,low,transaction trend (3m vs prior 3m) = -1.0 (+0.25 logit); emails opened/month (6m) = 0.7 (+0.19 logit); app session trend = -0.7 (+0.18 logit)
502021,0.0087,0,0,active (bought in last 3 months),Platinum,Denver,2022,low,emails opened/month (6m) = 0.2 (+0.63 logit); transaction trend (3m vs prior 3m) = -1.3 (+0.38 logit); emails opened/month (3m) = 0.3 (+0.27 logit)
500912,0.0087,0,0,active (bought in last 3 months),Platinum,Columbus,2024,low,emails opened/month (6m) = 0.0 (+0.78 logit); emails opened/month (3m) = 0.0 (+0.45 logit); coupons redeemed/month (3m) = 0.0 (+0.41 logit)
500054,0.0087,0,0,active (bought in last 3 months),Gold,Madison,2023,low,support tickets/month (3m) = 0.3 (+0.46 logit); marketing opt-in = 1 (+0.33 logit); app sessions/month (6m) = 1.2 (+0.20 logit)
502491,0.0087,0,0,active (bought in last 3 months),Silver,Spokane,2022,low,app sessions/month (3m) = 0.0 (+0.66 logit); app sessions/month (6m) = 0.2 (+0.53 logit); marketing opt-in = 1 (+0.33 logit)
500432,0.0086,0,0,active (bought in last 3 months),Platinum,Madison,2022,low,email-open trend = -1.3 (+0.36 logit); marketing opt-in = 1 (+0.33 logit); app sessions/month (6m) = 0.8 (+0.31 logit)
500922,0.0086,0,0,active (bought in last 3 months),Silver,Columbus,2022,low,emails opened/month (6m) = 0.2 (+0.60 logit); transaction trend (3m vs prior 3m) = -1.7 (+0.51 logit); emails opened/month (3m) = 0.0 (+0.45 logit)
500367,0.0086,0,0,active (bought in last 3 months),Silver,Denver,2023,low,emails opened/month (6m) = 0.2 (+0.63 logit); transaction trend (3m vs prior 3m) = -1.7 (+0.51 logit); marketing opt-in = 1 (+0.33 logit)
502449,0.0086,0,0,active (bought in last 3 months),Silver,Columbus,2021,low,app session trend = -2.3 (+0.77 logit); transaction trend (3m vs prior 3m) = -1.7 (+0.51 logit); marketing opt-in = 1 (+0.33 logit)
501851,0.0085,0,0,active (bought in last 3 months),Gold,Portland,2021,low,home store price tier = Value (+0.35 logit); emails opened/month (6m) = 0.5 (+0.33 logit); app sessions/month (6m) = 1.3 (+0.14 logit)
500571,0.0084,0,0,active (bought in last 3 months),Silver,Austin,2023,low,support tickets/month (3m) = 0.3 (+0.46 logit); marketing opt-in = 1 (+0.33 logit); membership tier = Silver (+0.18 logit)
500674,0.0083,0,0,active (bought in last 3 months),Silver,Portland,2023,low,transaction trend (3m vs prior 3m) = -2.7 (+0.90 logit); home store price tier = Value (+0.35 logit); emails opened/month (6m) = 0.7 (+0.19 logit)
502020,0.0083,0,0,active (bought in last 3 months),Silver,Spokane,2022,low,marketing opt-in = 1 (+0.33 logit); app sessions/month (3m) = 1.0 (+0.27 logit); app sessions/month (6m) = 1.2 (+0.20 logit)
502130,0.0083,0,0,active (bought in last 3 months),Silver,Madison,2023,low,emails opened/month (6m) = 0.2 (+0.63 logit); emails opened/month (3m) = 0.0 (+0.45 logit); app session trend = -1.0 (+0.30 logit)
500982,0.0082,0,0,active (bought in last 3 months),Gold,Denver,2023,low,emails opened/month (6m) = 0.0 (+0.78 logit); emails opened/month (3m) = 0.0 (+0.45 logit); home store price tier = Value (+0.35 logit)
500932,0.0082,0,0,active (bought in last 3 months),Silver,Boise,2022,low,app sessions/month (3m) = 0.3 (+0.53 logit); coupons redeemed/month (3m) = 0.0 (+0.41 logit); app sessions/month (6m) = 0.6 (+0.39 logit)
501896,0.0082,0,0,active (bought in last 3 months),Gold,Boise,2023,low,support tickets/month (3m) = 0.3 (+0.46 logit); app session trend = -1.3 (+0.42 logit); transaction trend (3m vs prior 3m) = -1.3 (+0.38 logit)
502521,0.0082,0,0,active (bought in last 3 months),Silver,Raleigh,2022,low,marketing opt-in = 1 (+0.33 logit); app session trend = -1.0 (+0.30 logit); membership tier = Silver (+0.18 logit)
501194,0.0081,0,0,active (bought in last 3 months),Silver,Denver,2023,low,emails opened/month (6m) = 0.2 (+0.60 logit); support tickets/month (3m) = 0.3 (+0.46 logit); app session trend = -1.2 (+0.36 logit)
501741,0.0081,0,0,active (bought in last 3 months),Platinum,Denver,2023,low,transaction trend (3m vs prior 3m) = -1.7 (+0.51 logit); transactions/month (3m) = 1.7 (+0.50 logit); marketing opt-in = 1 (+0.33 logit)
502525,0.0081,0,0,active (bought in last 3 months),Silver,Columbus,2023,low,emails opened/month (6m) = 0.3 (+0.48 logit); support tickets/month (3m) = 0.3 (+0.46 logit); coupons redeemed/month (3m) = 0.0 (+0.41 logit)
502488,0.008,0,0,active (bought in last 3 months),Silver,Tulsa,2023,low,home store price tier = Value (+0.35 logit); marketing opt-in = 1 (+0.33 logit); transactions/month (3m) = 2.3 (+0.31 logit)
501704,0.008,0,0,active (bought in last 3 months),Gold,Nashville,2021,low,transaction trend (3m vs prior 3m) = -4.2 (+1.48 logit); support tickets/month (3m) = 0.5 (+0.84 logit); email-open trend = -1.7 (+0.45 logit)
500473,0.008,0,0,active (bought in last 3 months),Silver,Portland,2022,low,support tickets/month (3m) = 0.3 (+0.46 logit); emails opened/month (6m) = 0.4 (+0.42 logit); home store price tier = Value (+0.35 logit)
501898,0.0079,0,0,active (bought in last 3 months),Silver,Tulsa,2024,low,app sessions/month (3m) = 0.0 (+0.66 logit); app sessions/month (6m) = 0.0 (+0.59 logit); home store price tier = Value (+0.35 logit)
501909,0.0079,0,0,active (bought in last 3 months),Gold,Madison,2022,low,transaction trend (3m vs prior 3m) = -1.7 (+0.51 logit); home store price tier = Value (+0.35 logit); emails opened/month (6m) = 0.5 (+0.33 logit)
502158,0.0079,0,0,active (bought in last 3 months),Gold,Raleigh,2021,low,transaction trend (3m vs prior 3m) = -2.0 (+0.64 logit); email-open trend = -1.5 (+0.40 logit); home store price tier = Value (+0.35 logit)
500076,0.0078,0,0,active (bought in last 3 months),Gold,Tulsa,2021,low,emails opened/month (6m) = 0.2 (+0.63 logit); app sessions/month (3m) = 0.3 (+0.53 logit); app sessions/month (6m) = 0.8 (+0.31 logit)
502565,0.0078,0,0,active (bought in last 3 months),Gold,Spokane,2023,low,transactions/month (6m) = 1.8 (+0.42 logit); coupons redeemed/month (3m) = 0.0 (+0.41 logit); marketing opt-in = 1 (+0.33 logit)
502413,0.0078,0,0,active (bought in last 3 months),Silver,Denver,2021,low,support tickets/month (3m) = 0.3 (+0.46 logit); emails opened/month (3m) = 0.0 (+0.45 logit); email-open trend = -1.3 (+0.36 logit)
501466,0.0078,0,0,active (bought in last 3 months),Silver,Boise,2023,low,emails opened/month (3m) = 0.0 (+0.45 logit); email-open trend = -1.7 (+0.45 logit); marketing opt-in = 1 (+0.33 logit)
500830,0.0077,0,0,active (bought in last 3 months),Silver,Austin,2022,low,support tickets/month (3m) = 0.3 (+0.46 logit); marketing opt-in = 1 (+0.33 logit); transaction trend (3m vs prior 3m) = -1.0 (+0.25 logit)
500434,0.0077,0,0,active (bought in last 3 months),Silver,Austin,2024,low,coupons redeemed/month (3m) = 0.0 (+0.41 logit); home store price tier = Value (+0.35 logit); marketing opt-in = 1 (+0.33 logit)
500288,0.0077,0,0,active (bought in last 3 months),Gold,Denver,2022,low,app sessions/month (3m) = 0.0 (+0.66 logit); coupons redeemed/month (3m) = 0.0 (+0.41 logit); app sessions/month (6m) = 0.6 (+0.39 logit)
501105,0.0076,0,0,active (bought in last 3 months),Silver,Nashville,2023,low,transaction trend (3m vs prior 3m) = -2.0 (+0.64 logit); app session trend = -1.7 (+0.53 logit); home store price tier = Value (+0.35 logit)
502069,0.0076,0,0,active (bought in last 3 months),Silver,Nashville,2021,low,transaction trend (3m vs prior 3m) = -2.8 (+0.96 logit); app sessions/month (3m) = 0.5 (+0.46 logit); marketing opt-in = 1 (+0.33 logit)
502528,0.0075,0,0,active (bought in last 3 months),Platinum,Austin,2022,low,app sessions/month (3m) = 0.0 (+0.66 logit); app session trend = -2.0 (+0.65 logit); marketing opt-in = 1 (+0.33 logit)
502496,0.0075,0,0,active (bought in last 3 months),Silver,Boise,2022,low,app sessions/month (3m) = 0.3 (+0.53 logit); transactions/month (6m) = 1.5 (+0.49 logit); app session trend = -1.3 (+0.42 logit)
501329,0.0075,0,0,active (bought in last 3 months),Gold,Portland,2021,low,coupons redeemed/month (3m) = 0.0 (+0.41 logit); home store price tier = Value (+0.35 logit); marketing opt-in = 1 (+0.33 logit)
500594,0.0074,0,0,active (bought in last 3 months),Gold,Boise,2021,low,transactions/month (6m) = 1.5 (+0.49 logit); transactions/month (3m) = 2.0 (+0.40 logit); home store price tier = Value (+0.35 logit)
500464,0.0074,0,0,active (bought in last 3 months),Gold,Nashville,2023,low,transaction trend (3m vs prior 3m) = -1.3 (+0.38 logit); categories bought/month (3m) = 1.0 (+0.14 logit); coupons redeemed/month (6m) = 0.2 (+0.13 logit)
502083,0.0074,0,0,active (bought in last 3 months),Silver,Columbus,2024,low,marketing opt-in = 1 (+0.33 logit); city = Columbus (+0.32 logit); categories bought/month (3m) = 0.0 (+0.28 logit)
501393,0.0074,0,0,active (bought in last 3 months),Platinum,Spokane,2021,low,emails opened/month (6m) = 0.2 (+0.60 logit); emails opened/month (3m) = 0.0 (+0.45 logit); app sessions/month (3m) = 1.0 (+0.27 logit)
500530,0.0074,0,0,active (bought in last 3 months),Platinum,Portland,2022,low,emails opened/month (6m) = 0.3 (+0.48 logit); support tickets/month (3m) = 0.3 (+0.46 logit); emails opened/month (3m) = 0.3 (+0.27 logit)
502140,0.0073,0,0,active (bought in last 3 months),Silver,Madison,2022,low,marketing opt-in = 1 (+0.33 logit); email-open trend = -1.0 (+0.26 logit); spend/month (6m) = 62.0 (+0.18 logit)
501912,0.0073,0,0,active (bought in last 3 months),Platinum,Nashville,2021,low,app session trend = -1.7 (+0.53 logit); transaction trend (3m vs prior 3m) = -1.5 (+0.44 logit); home store price tier = Value (+0.35 logit)
502344,0.0073,0,0,active (bought in last 3 months),Gold,Austin,2024,low,emails opened/month (6m) = 0.0 (+0.78 logit); emails opened/month (3m) = 0.0 (+0.45 logit); transactions/month (3m) = 2.0 (+0.40 logit)
501760,0.0072,0,0,active (bought in last 3 months),Silver,Nashville,2021,low,app session trend = -1.3 (+0.42 logit); home store price tier = Value (+0.35 logit); marketing opt-in = 1 (+0.33 logit)
501225,0.0072,0,0,active (bought in last 3 months),Platinum,Tulsa,2021,low,emails opened/month (3m) = 0.0 (+0.45 logit); emails opened/month (6m) = 0.5 (+0.33 logit); app sessions/month (6m) = 0.8 (+0.31 logit)
502178,0.0072,0,0,active (bought in last 3 months),Platinum,Nashville,2022,low,transactions/month (3m) = 2.3 (+0.31 logit); transactions/month (6m) = 2.7 (+0.22 logit); months of history = 6 (+0.13 logit)
500205,0.0072,0,0,active (bought in last 3 months),Gold,Tulsa,2021,low,transaction trend (3m vs prior 3m) = -3.0 (+1.03 logit); app session trend = -1.7 (+0.53 logit); coupons redeemed/month (3m) = 0.0 (+0.41 logit)
501529,0.0071,0,0,active (bought in last 3 months),Silver,Tulsa,2022,low,transactions/month (6m) = 1.7 (+0.45 logit); transactions/month (3m) = 2.0 (+0.40 logit); marketing opt-in = 1 (+0.33 logit)
500263,0.0071,0,0,active (bought in last 3 months),Platinum,Madison,2023,low,transactions/month (3m) = 1.7 (+0.50 logit); transactions/month (6m) = 1.8 (+0.42 logit); marketing opt-in = 1 (+0.33 logit)
501386,0.007,0,0,active (bought in last 3 months),Gold,Spokane,2021,low,marketing opt-in = 1 (+0.33 logit); app session trend = -1.0 (+0.30 logit); transaction trend (3m vs prior 3m) = -1.0 (+0.25 logit)
501742,0.007,0,0,active (bought in last 3 months),Gold,Madison,2022,low,transaction trend (3m vs prior 3m) = -4.0 (+1.42 logit); home store price tier = Value (+0.35 logit); marketing opt-in = 1 (+0.33 logit)
501696,0.0069,0,0,active (bought in last 3 months),Gold,Austin,2023,low,emails opened/month (6m) = 0.3 (+0.48 logit); emails opened/month (3m) = 0.3 (+0.27 logit); transactions/month (6m) = 2.7 (+0.22 logit)
502045,0.0069,0,0,active (bought in last 3 months),Silver,Denver,2021,low,emails opened/month (6m) = 0.0 (+0.78 logit); emails opened/month (3m) = 0.0 (+0.45 logit); coupons redeemed/month (3m) = 0.0 (+0.41 logit)
502596,0.0069,0,0,active (bought in last 3 months),Gold,Nashville,2022,low,transaction trend (3m vs prior 3m) = -3.0 (+1.03 logit); emails opened/month (6m) = 0.3 (+0.48 logit); emails opened/month (3m) = 0.0 (+0.45 logit)
500038,0.0069,0,0,active (bought in last 3 months),Silver,Spokane,2021,low,support tickets/month (3m) = 0.7 (+1.23 logit); transaction trend (3m vs prior 3m) = -1.7 (+0.51 logit); transactions/month (3m) = 2.0 (+0.40 logit)
501743,0.0068,0,0,active (bought in last 3 months),Gold,Columbus,2021,low,support tickets/month (3m) = 0.3 (+0.46 logit); marketing opt-in = 1 (+0.33 logit); city = Columbus (+0.32 logit)
501417,0.0068,0,0,active (bought in last 3 months),Gold,Madison,2022,low,support tickets/month (3m) = 0.7 (+1.23 logit); home store price tier = Value (+0.35 logit); marketing opt-in = 1 (+0.33 logit)
501053,0.0068,0,0,active (bought in last 3 months),Silver,Spokane,2022,low,support tickets/month (3m) = 0.3 (+0.46 logit); marketing opt-in = 1 (+0.33 logit); app sessions/month (6m) = 1.2 (+0.20 logit)
501460,0.0067,0,0,active (bought in last 3 months),Gold,Denver,2023,low,marketing opt-in = 1 (+0.33 logit); transaction trend (3m vs prior 3m) = -1.0 (+0.25 logit); months of history = 6 (+0.13 logit)
500250,0.0067,0,0,active (bought in last 3 months),Silver,Columbus,2022,low,coupons redeemed/month (3m) = 0.0 (+0.41 logit); home store price tier = Value (+0.35 logit); marketing opt-in = 1 (+0.33 logit)
502263,0.0067,0,0,active (bought in last 3 months),Platinum,Nashville,2023,low,transaction trend (3m vs prior 3m) = -5.7 (+2.07 logit); emails opened/month (6m) = 0.3 (+0.48 logit); home store price tier = Value (+0.35 logit)
500258,0.0066,0,0,active (bought in last 3 months),Silver,Raleigh,2023,low,app sessions/month (3m) = 0.7 (+0.40 logit); marketing opt-in = 1 (+0.33 logit); app sessions/month (6m) = 1.0 (+0.25 logit)
502151,0.0065,0,0,active (bought in last 3 months),Gold,Madison,2023,low,emails opened/month (6m) = 0.3 (+0.48 logit); emails opened/month (3m) = 0.3 (+0.27 logit); missing months in records (6m) = 0 (+0.10 logit)
500546,0.0065,0,0,active (bought in last 3 months),Silver,Tulsa,2022,low,home store price tier = Value (+0.35 logit); marketing opt-in = 1 (+0.33 logit); transaction trend (3m vs prior 3m) = -1.0 (+0.25 logit)
500352,0.0065,0,0,active (bought in last 3 months),Silver,Portland,2023,low,marketing opt-in = 1 (+0.33 logit); emails opened/month (6m) = 0.5 (+0.33 logit); membership tier = Silver (+0.18 logit)
502051,0.0065,0,0,active (bought in last 3 months),Silver,Denver,2021,low,transaction trend (3m vs prior 3m) = -2.3 (+0.77 logit); email-open trend = -1.3 (+0.36 logit); home store price tier = Value (+0.35 logit)
500780,0.0064,0,0,active (bought in last 3 months),Silver,Madison,2022,low,emails opened/month (6m) = 0.3 (+0.48 logit); coupons redeemed/month (3m) = 0.0 (+0.41 logit); emails opened/month (3m) = 0.3 (+0.27 logit)
501043,0.0064,0,0,active (bought in last 3 months),Gold,Nashville,2021,low,coupons redeemed/month (3m) = 0.0 (+0.41 logit); months of history = 6 (+0.13 logit); spend/month (6m) = 82.5 (+0.11 logit)
501327,0.0064,0,0,active (bought in last 3 months),Gold,Austin,2024,low,share of promo transactions (6m) = 0.6 (+0.42 logit); coupons redeemed/month (3m) = 0.0 (+0.41 logit); marketing opt-in = 1 (+0.33 logit)
500025,0.0063,0,0,active (bought in last 3 months),Gold,Raleigh,2023,low,coupons redeemed/month (3m) = 0.0 (+0.41 logit); app sessions/month (3m) = 0.7 (+0.40 logit); app sessions/month (6m) = 0.7 (+0.37 logit)
500907,0.0062,0,0,active (bought in last 3 months),Platinum,Madison,2023,low,email-open trend = -2.7 (+0.74 logit); coupons redeemed/month (3m) = 0.0 (+0.41 logit); marketing opt-in = 1 (+0.33 logit)
502102,0.0062,0,0,active (bought in last 3 months),Platinum,Nashville,2023,low,transactions/month (3m) = 0.3 (+0.87 logit); transactions/month (6m) = 0.6 (+0.70 logit); home store price tier = Value (+0.35 logit)
502470,0.0062,0,0,active (bought in last 3 months),Platinum,Nashville,2022,low,support tickets/month (3m) = 0.3 (+0.46 logit); coupons redeemed/month (3m) = 0.0 (+0.41 logit); home store price tier = Value (+0.35 logit)
501916,0.0061,0,0,active (bought in last 3 months),Silver,Portland,2023,low,emails opened/month (6m) = 0.2 (+0.60 logit); emails opened/month (3m) = 0.3 (+0.27 logit); transaction trend (3m vs prior 3m) = -1.0 (+0.25 logit)
500620,0.0061,0,0,active (bought in last 3 months),Gold,Columbus,2023,low,support tickets/month (3m) = 0.3 (+0.46 logit); app session trend = -1.3 (+0.42 logit); marketing opt-in = 1 (+0.33 logit)
500111,0.0061,0,0,active (bought in last 3 months),Platinum,Denver,2022,low,app session trend = -2.0 (+0.65 logit); emails opened/month (6m) = 0.3 (+0.48 logit); emails opened/month (3m) = 0.0 (+0.45 logit)
502486,0.0061,0,0,active (bought in last 3 months),Platinum,Portland,2022,low,transaction trend (3m vs prior 3m) = -2.3 (+0.77 logit); app session trend = -2.2 (+0.71 logit); marketing opt-in = 1 (+0.33 logit)
501769,0.0061,0,0,active (bought in last 3 months),Platinum,Denver,2022,low,transaction trend (3m vs prior 3m) = -4.0 (+1.42 logit); marketing opt-in = 1 (+0.33 logit); transactions/month (3m) = 2.3 (+0.31 logit)
501236,0.0061,0,0,active (bought in last 3 months),Silver,Austin,2023,low,support tickets/month (3m) = 0.3 (+0.46 logit); emails opened/month (6m) = 0.5 (+0.33 logit); emails opened/month (3m) = 0.3 (+0.27 logit)
502484,0.006,0,0,active (bought in last 3 months),Silver,Spokane,2023,low,email-open trend = -1.3 (+0.36 logit); marketing opt-in = 1 (+0.33 logit); membership tier = Silver (+0.18 logit)
501549,0.006,0,0,active (bought in last 3 months),Silver,Denver,2021,low,emails opened/month (6m) = 0.3 (+0.48 logit); coupons redeemed/month (3m) = 0.0 (+0.41 logit); transaction trend (3m vs prior 3m) = -1.3 (+0.38 logit)
502189,0.006,0,0,active (bought in last 3 months),Silver,Columbus,2023,low,app sessions/month (3m) = 0.3 (+0.53 logit); app session trend = -1.3 (+0.42 logit); home store price tier = Value (+0.35 logit)
500322,0.0059,0,0,active (bought in last 3 months),Silver,Raleigh,2021,low,coupons redeemed/month (3m) = 0.0 (+0.41 logit); marketing opt-in = 1 (+0.33 logit); transactions/month (6m) = 2.7 (+0.22 logit)
500412,0.0059,0,0,active (bought in last 3 months),Silver,Tulsa,2023,low,app session trend = -2.0 (+0.65 logit); app sessions/month (3m) = 0.7 (+0.40 logit); marketing opt-in = 1 (+0.33 logit)
502254,0.0059,0,0,active (bought in last 3 months),Silver,Columbus,2023,low,months since last purchase = 2.0 (+0.46 logit); transactions/month (6m) = 1.8 (+0.42 logit); transactions/month (3m) = 2.0 (+0.40 logit)
502080,0.0059,0,0,active (bought in last 3 months),Gold,Denver,2021,low,emails opened/month (6m) = 0.0 (+0.78 logit); emails opened/month (3m) = 0.0 (+0.45 logit); home store price tier = Value (+0.35 logit)
500317,0.0058,0,0,active (bought in last 3 months),Silver,Columbus,2022,low,emails opened/month (6m) = 0.3 (+0.48 logit); support tickets/month (3m) = 0.3 (+0.46 logit); coupons redeemed/month (3m) = 0.0 (+0.41 logit)
500896,0.0058,0,0,active (bought in last 3 months),Gold,Denver,2022,low,app sessions/month (3m) = 0.0 (+0.66 logit); transactions/month (6m) = 1.6 (+0.47 logit); app sessions/month (6m) = 0.4 (+0.45 logit)
501709,0.0057,0,0,active (bought in last 3 months),Platinum,Madison,2023,low,support tickets/month (3m) = 0.7 (+1.23 logit); emails opened/month (6m) = 0.4 (+0.42 logit); app session trend = -1.2 (+0.36 logit)
501172,0.0057,0,0,active (bought in last 3 months),Silver,Boise,2023,low,support tickets/month (3m) = 0.3 (+0.46 logit); home store price tier = Value (+0.35 logit); marketing opt-in = 1 (+0.33 logit)
502302,0.0057,0,0,active (bought in last 3 months),Gold,Madison,2024,low,marketing opt-in = 1 (+0.33 logit); app sessions/month (3m) = 1.0 (+0.27 logit); app sessions/month (6m) = 1.0 (+0.25 logit)
500570,0.0057,0,0,active (bought in last 3 months),Silver,Portland,2021,low,transaction trend (3m vs prior 3m) = -6.7 (+2.46 logit); support tickets/month (3m) = 0.7 (+1.23 logit); email-open trend = -2.0 (+0.55 logit)
501514,0.0057,0,0,active (bought in last 3 months),Platinum,Raleigh,2022,low,emails opened/month (6m) = 0.2 (+0.63 logit); support tickets/month (3m) = 0.3 (+0.46 logit); home store price tier = Value (+0.35 logit)
501716,0.0056,0,0,active (bought in last 3 months),Silver,Austin,2022,low,transactions/month (6m) = 2.2 (+0.34 logit); marketing opt-in = 1 (+0.33 logit); transactions/month (3m) = 2.7 (+0.22 logit)
500563,0.0056,0,0,active (bought in last 3 months),Silver,Raleigh,2023,low,app sessions/month (3m) = 0.0 (+0.66 logit); app sessions/month (6m) = 0.0 (+0.59 logit); home store price tier = Value (+0.35 logit)
502406,0.0056,0,0,active (bought in last 3 months),Silver,Spokane,2022,low,transaction trend (3m vs prior 3m) = -2.3 (+0.77 logit); home store price tier = Value (+0.35 logit); marketing opt-in = 1 (+0.33 logit)
502234,0.0056,0,0,active (bought in last 3 months),Silver,Portland,2022,low,support tickets/month (3m) = 0.3 (+0.46 logit); marketing opt-in = 1 (+0.33 logit); membership tier = Silver (+0.18 logit)
502157,0.0055,0,0,active (bought in last 3 months),Silver,Denver,2023,low,app sessions/month (3m) = 0.7 (+0.40 logit); emails opened/month (6m) = 0.5 (+0.33 logit); app sessions/month (6m) = 0.8 (+0.31 logit)
502359,0.0055,0,0,active (bought in last 3 months),Silver,Austin,2021,low,emails opened/month (6m) = 0.2 (+0.63 logit); support tickets/month (3m) = 0.3 (+0.46 logit); home store price tier = Value (+0.35 logit)
500823,0.0055,0,0,active (bought in last 3 months),Gold,Spokane,2021,low,app session trend = -1.3 (+0.42 logit); transaction trend (3m vs prior 3m) = -1.3 (+0.38 logit); marketing opt-in = 1 (+0.33 logit)
501611,0.0054,0,0,active (bought in last 3 months),Silver,Tulsa,2021,low,emails opened/month (6m) = 0.2 (+0.63 logit); support tickets/month (3m) = 0.3 (+0.46 logit); coupons redeemed/month (3m) = 0.0 (+0.41 logit)
500093,0.0054,0,0,active (bought in last 3 months),Gold,Denver,2022,low,transaction trend (3m vs prior 3m) = -1.3 (+0.38 logit); home store price tier = Value (+0.35 logit); marketing opt-in = 1 (+0.33 logit)
501228,0.0054,0,0,active (bought in last 3 months),Silver,Nashville,2023,low,marketing opt-in = 1 (+0.33 logit); membership tier = Silver (+0.18 logit); email-open trend = -0.7 (+0.17 logit)
501160,0.0054,0,0,active (bought in last 3 months),Silver,Spokane,2022,low,coupons redeemed/month (3m) = 0.0 (+0.41 logit); marketing opt-in = 1 (+0.33 logit); emails opened/month (6m) = 0.6 (+0.24 logit)
500837,0.0054,0,0,active (bought in last 3 months),Silver,Portland,2023,low,support tickets/month (3m) = 0.3 (+0.46 logit); app sessions/month (3m) = 0.7 (+0.40 logit); home store price tier = Value (+0.35 logit)
501712,0.0054,0,0,active (bought in last 3 months),Gold,Raleigh,2021,low,marketing opt-in = 1 (+0.33 logit); transactions/month (3m) = 2.3 (+0.31 logit); transactions/month (6m) = 2.3 (+0.30 logit)
501710,0.0054,0,0,active (bought in last 3 months),Gold,Portland,2024,low,home store price tier = Value (+0.35 logit); marketing opt-in = 1 (+0.33 logit); emails opened/month (6m) = 0.5 (+0.33 logit)
501446,0.0053,0,0,active (bought in last 3 months),Silver,Spokane,2023,low,transactions/month (3m) = 1.0 (+0.68 logit); transactions/month (6m) = 1.0 (+0.61 logit); marketing opt-in = 1 (+0.33 logit)
500942,0.0053,0,0,active (bought in last 3 months),Gold,Madison,2022,low,transaction trend (3m vs prior 3m) = -1.7 (+0.51 logit); support tickets/month (3m) = 0.3 (+0.46 logit); marketing opt-in = 1 (+0.33 logit)
502461,0.0053,0,0,active (bought in last 3 months),Silver,Portland,2022,low,support tickets/month (3m) = 0.3 (+0.46 logit); email-open trend = -1.3 (+0.36 logit); marketing opt-in = 1 (+0.33 logit)
500475,0.0053,0,0,active (bought in last 3 months),Silver,Nashville,2022,low,home store price tier = Value (+0.35 logit); marketing opt-in = 1 (+0.33 logit); support tickets/month (6m) = 0.4 (+0.18 logit)
501731,0.0053,0,0,active (bought in last 3 months),Silver,Boise,2022,low,coupons redeemed/month (3m) = 0.0 (+0.41 logit); marketing opt-in = 1 (+0.33 logit); email-open trend = -1.0 (+0.26 logit)
501207,0.0052,0,0,active (bought in last 3 months),Gold,Tulsa,2023,low,transaction trend (3m vs prior 3m) = -2.7 (+0.90 logit); emails opened/month (6m) = 0.2 (+0.63 logit); support tickets/month (3m) = 0.3 (+0.46 logit)
500851,0.0051,0,0,active (bought in last 3 months),Silver,Portland,2021,low,transaction trend (3m vs prior 3m) = -2.0 (+0.64 logit); marketing opt-in = 1 (+0.33 logit); app sessions/month (3m) = 1.0 (+0.27 logit)
501736,0.0051,0,0,active (bought in last 3 months),Silver,Portland,2021,low,support tickets/month (3m) = 0.7 (+1.23 logit); app session trend = -2.3 (+0.77 logit); transaction trend (3m vs prior 3m) = -2.0 (+0.64 logit)
500413,0.005,0,0,active (bought in last 3 months),Gold,Spokane,2021,low,support tickets/month (3m) = 0.3 (+0.46 logit); marketing opt-in = 1 (+0.33 logit); transactions/month (6m) = 3.0 (+0.14 logit)
500618,0.0049,0,0,active (bought in last 3 months),Silver,Austin,2023,low,app session trend = -2.3 (+0.77 logit); support tickets/month (3m) = 0.3 (+0.46 logit); app sessions/month (3m) = 0.7 (+0.40 logit)
500821,0.0049,0,0,active (bought in last 3 months),Platinum,Denver,2023,low,home store price tier = Value (+0.35 logit); marketing opt-in = 1 (+0.33 logit); app sessions/month (3m) = 1.0 (+0.27 logit)
501559,0.0049,0,0,active (bought in last 3 months),Gold,Columbus,2023,low,home store price tier = Value (+0.35 logit); city = Columbus (+0.32 logit); emails opened/month (6m) = 0.7 (+0.19 logit)
502305,0.0049,0,0,active (bought in last 3 months),Gold,Portland,2023,low,emails opened/month (6m) = 0.5 (+0.33 logit); emails opened/month (3m) = 0.3 (+0.27 logit); months of history = 6 (+0.13 logit)
501507,0.0049,0,0,active (bought in last 3 months),Silver,Portland,2023,low,app session trend = -2.0 (+0.65 logit); emails opened/month (6m) = 0.3 (+0.48 logit); support tickets/month (3m) = 0.3 (+0.46 logit)
501011,0.0049,0,0,active (bought in last 3 months),Gold,Columbus,2024,low,transactions/month (3m) = 1.0 (+0.68 logit); transactions/month (6m) = 1.0 (+0.61 logit); marketing opt-in = 1 (+0.33 logit)
501561,0.0049,0,0,active (bought in last 3 months),Silver,Nashville,2021,low,home store price tier = Value (+0.35 logit); marketing opt-in = 1 (+0.33 logit); support tickets/month (6m) = 0.5 (+0.25 logit)
502285,0.0049,0,0,active (bought in last 3 months),Silver,Madison,2021,low,app session trend = -1.3 (+0.42 logit); home store price tier = Value (+0.35 logit); app sessions/month (3m) = 1.0 (+0.27 logit)
502238,0.0049,0,0,active (bought in last 3 months),Gold,Spokane,2022,low,coupons redeemed/month (3m) = 0.0 (+0.41 logit); emails opened/month (6m) = 0.5 (+0.33 logit); app sessions/month (3m) = 1.0 (+0.27 logit)
500934,0.0049,0,0,active (bought in last 3 months),Platinum,Tulsa,2023,low,emails opened/month (6m) = 0.0 (+0.78 logit); emails opened/month (3m) = 0.0 (+0.45 logit); transaction trend (3m vs prior 3m) = -1.0 (+0.25 logit)
500143,0.0048,0,0,active (bought in last 3 months),Silver,Austin,2021,low,support tickets/month (3m) = 0.3 (+0.46 logit); marketing opt-in = 1 (+0.33 logit); membership tier = Silver (+0.18 logit)
501793,0.0047,0,0,active (bought in last 3 months),Silver,Austin,2023,low,emails opened/month (6m) = 0.2 (+0.63 logit); emails opened/month (3m) = 0.0 (+0.45 logit); home store price tier = Value (+0.35 logit)
500963,0.0047,0,0,active (bought in last 3 months),Silver,Madison,2023,low,email-open trend = -2.3 (+0.64 logit); coupons redeemed/month (3m) = 0.0 (+0.41 logit); home store price tier = Value (+0.35 logit)
502090,0.0047,0,0,active (bought in last 3 months),Silver,Spokane,2024,low,coupons redeemed/month (3m) = 0.0 (+0.41 logit); marketing opt-in = 1 (+0.33 logit); coupons redeemed/month (6m) = 0.0 (+0.20 logit)
500875,0.0047,0,0,active (bought in last 3 months),Silver,Nashville,2023,low,support tickets/month (3m) = 0.3 (+0.46 logit); coupons redeemed/month (3m) = 0.0 (+0.41 logit); emails opened/month (6m) = 0.7 (+0.19 logit)
501364,0.0046,0,0,active (bought in last 3 months),Gold,Denver,2021,low,transactions/month (3m) = 1.7 (+0.50 logit); transaction trend (3m vs prior 3m) = -1.3 (+0.38 logit); home store price tier = Value (+0.35 logit)
500403,0.0046,0,0,active (bought in last 3 months),Silver,Columbus,2023,low,coupons redeemed/month (3m) = 0.0 (+0.41 logit); home store price tier = Value (+0.35 logit); gender = Unknown (+0.32 logit)
501917,0.0046,0,0,active (bought in last 3 months),Silver,Boise,2023,low,app sessions/month (3m) = 0.0 (+0.66 logit); app sessions/month (6m) = 0.4 (+0.45 logit); coupons redeemed/month (3m) = 0.0 (+0.41 logit)
500952,0.0046,0,0,active (bought in last 3 months),Silver,Spokane,2022,low,coupons redeemed/month (3m) = 0.0 (+0.41 logit); home store price tier = Value (+0.35 logit); app session trend = -1.0 (+0.30 logit)
500015,0.0046,0,0,active (bought in last 3 months),Platinum,Raleigh,2023,low,transaction trend (3m vs prior 3m) = -3.3 (+1.16 logit); marketing opt-in = 1 (+0.33 logit); coupons redeemed/month (6m) = 0.2 (+0.13 logit)
500213,0.0045,0,0,active (bought in last 3 months),Gold,Madison,2024,low,app sessions/month (3m) = 0.0 (+0.66 logit); app sessions/month (6m) = 0.0 (+0.59 logit); home store price tier = Value (+0.35 logit)
502160,0.0045,0,0,active (bought in last 3 months),Silver,Nashville,2022,low,transaction trend (3m vs prior 3m) = -5.0 (+1.81 logit); home store price tier = Value (+0.35 logit); marketing opt-in = 1 (+0.33 logit)
500156,0.0045,0,0,active (bought in last 3 months),Silver,Tulsa,2023,low,support tickets/month (3m) = 0.3 (+0.46 logit); email-open trend = -1.7 (+0.45 logit); marketing opt-in = 1 (+0.33 logit)
501096,0.0045,0,0,active (bought in last 3 months),Silver,Denver,2021,low,transaction trend (3m vs prior 3m) = -3.0 (+1.03 logit); marketing opt-in = 1 (+0.33 logit); emails opened/month (6m) = 0.7 (+0.19 logit)
501564,0.0045,0,0,active (bought in last 3 months),Silver,Nashville,2024,low,emails opened/month (6m) = 0.0 (+0.78 logit); emails opened/month (3m) = 0.0 (+0.45 logit); marketing opt-in = 1 (+0.33 logit)
501524,0.0045,0,0,active (bought in last 3 months),Gold,Austin,2023,low,emails opened/month (6m) = 0.4 (+0.42 logit); coupons redeemed/month (3m) = 0.0 (+0.41 logit); app sessions/month (6m) = 0.8 (+0.32 logit)
501655,0.0044,0,0,active (bought in last 3 months),Silver,Tulsa,2022,low,transaction trend (3m vs prior 3m) = -2.5 (+0.83 logit); emails opened/month (3m) = 0.0 (+0.45 logit); emails opened/month (6m) = 0.4 (+0.42 logit)
500797,0.0044,0,0,active (bought in last 3 months),Silver,Tulsa,2024,low,emails opened/month (6m) = 0.0 (+0.78 logit); emails opened/month (3m) = 0.0 (+0.45 logit); app sessions/month (3m) = 1.0 (+0.27 logit)
501078,0.0044,0,0,active (bought in last 3 months),Platinum,Madison,2021,low,transaction trend (3m vs prior 3m) = -1.7 (+0.51 logit); marketing opt-in = 1 (+0.33 logit); months of history = 6 (+0.13 logit)
500757,0.0043,0,0,active (bought in last 3 months),Gold,Madison,2022,low,app session trend = -1.7 (+0.53 logit); support tickets/month (3m) = 0.3 (+0.46 logit); emails opened/month (3m) = 0.3 (+0.27 logit)
501439,0.0043,0,0,active (bought in last 3 months),Gold,Austin,2022,low,transaction trend (3m vs prior 3m) = -3.0 (+1.03 logit); home store price tier = Value (+0.35 logit); email-open trend = -1.0 (+0.26 logit)
500553,0.0043,0,0,active (bought in last 3 months),Silver,Denver,2023,low,app session trend = -2.0 (+0.65 logit); marketing opt-in = 1 (+0.33 logit); membership tier = Silver (+0.18 logit)
500216,0.0043,0,0,active (bought in last 3 months),Gold,Madison,2022,low,coupons redeemed/month (3m) = 0.0 (+0.41 logit); marketing opt-in = 1 (+0.33 logit); app session trend = -1.0 (+0.30 logit)
502335,0.0043,0,0,active (bought in last 3 months),Silver,Boise,2022,low,support tickets/month (3m) = 0.3 (+0.46 logit); emails opened/month (6m) = 0.5 (+0.33 logit); emails opened/month (3m) = 0.3 (+0.27 logit)
500775,0.0042,0,0,active (bought in last 3 months),Gold,Denver,2022,low,emails opened/month (6m) = 0.2 (+0.63 logit); transaction trend (3m vs prior 3m) = -1.7 (+0.51 logit); emails opened/month (3m) = 0.0 (+0.45 logit)
501958,0.0042,0,0,active (bought in last 3 months),Silver,Madison,2022,low,app session trend = -2.3 (+0.77 logit); support tickets/month (3m) = 0.3 (+0.46 logit); emails opened/month (3m) = 0.3 (+0.27 logit)
502296,0.0042,0,0,active (bought in last 3 months),Silver,Columbus,2022,low,coupons redeemed/month (3m) = 0.0 (+0.41 logit); home store price tier = Value (+0.35 logit); marketing opt-in = 1 (+0.33 logit)
502173,0.0041,0,0,active (bought in last 3 months),Silver,Madison,2024,low,marketing opt-in = 1 (+0.33 logit); app sessions/month (3m) = 1.0 (+0.27 logit); app sessions/month (6m) = 1.0 (+0.25 logit)
501254,0.0041,0,0,active (bought in last 3 months),Silver,Spokane,2021,low,transaction trend (3m vs prior 3m) = -4.3 (+1.55 logit); emails opened/month (6m) = 0.2 (+0.60 logit); emails opened/month (3m) = 0.5 (+0.18 logit)
501183,0.0041,0,0,active (bought in last 3 months),Silver,Tulsa,2023,low,emails opened/month (6m) = 0.0 (+0.78 logit); support tickets/month (3m) = 0.3 (+0.46 logit); emails opened/month (3m) = 0.0 (+0.45 logit)
500389,0.0041,0,0,active (bought in last 3 months),Silver,Spokane,2023,low,transaction trend (3m vs prior 3m) = -5.7 (+2.07 logit); app session trend = -2.7 (+0.88 logit); marketing opt-in = 1 (+0.33 logit)
501779,0.0041,0,0,active (bought in last 3 months),Gold,Nashville,2021,low,transactions/month (3m) = 2.0 (+0.40 logit); home store price tier = Value (+0.35 logit); marketing opt-in = 1 (+0.33 logit)
501867,0.0041,0,0,active (bought in last 3 months),Silver,Madison,2021,low,support tickets/month (3m) = 0.3 (+0.46 logit); marketing opt-in = 1 (+0.33 logit); app session trend = -0.7 (+0.18 logit)
502564,0.004,0,0,active (bought in last 3 months),Gold,Portland,2023,low,transaction trend (3m vs prior 3m) = -5.5 (+2.00 logit); marketing opt-in = 1 (+0.33 logit); months of history = 6 (+0.13 logit)
502572,0.004,0,0,active (bought in last 3 months),Platinum,Denver,2021,low,support tickets/month (3m) = 0.7 (+1.23 logit); email-open trend = -1.3 (+0.36 logit); marketing opt-in = 1 (+0.33 logit)
501848,0.004,0,0,active (bought in last 3 months),Gold,Raleigh,2023,low,emails opened/month (6m) = 0.0 (+0.78 logit); emails opened/month (3m) = 0.0 (+0.45 logit); share of promo transactions (6m) = 0.4 (+0.17 logit)
501820,0.0039,0,0,active (bought in last 3 months),Gold,Nashville,2021,low,app session trend = -2.0 (+0.65 logit); marketing opt-in = 1 (+0.33 logit); app sessions/month (3m) = 1.3 (+0.14 logit)
502016,0.0039,0,0,active (bought in last 3 months),Silver,Portland,2021,low,marketing opt-in = 1 (+0.33 logit); gender = Unknown (+0.32 logit); transactions/month (3m) = 2.7 (+0.22 logit)
501967,0.0039,0,0,active (bought in last 3 months),Gold,Portland,2021,low,transactions/month (6m) = 2.0 (+0.38 logit); home store price tier = Value (+0.35 logit); marketing opt-in = 1 (+0.33 logit)
500214,0.0039,0,0,active (bought in last 3 months),Silver,Raleigh,2024,low,app sessions/month (3m) = 0.0 (+0.66 logit); app sessions/month (6m) = 0.0 (+0.59 logit); transactions/month (3m) = 2.0 (+0.40 logit)
500266,0.0039,0,0,active (bought in last 3 months),Silver,Tulsa,2022,low,app session trend = -2.3 (+0.77 logit); emails opened/month (6m) = 0.3 (+0.48 logit); support tickets/month (3m) = 0.3 (+0.46 logit)
500242,0.0038,0,1,active (bought in last 3 months),Silver,Boise,2023,low,app session trend = -2.0 (+0.65 logit); support tickets/month (3m) = 0.3 (+0.46 logit); app sessions/month (3m) = 0.7 (+0.40 logit)
501699,0.0038,0,0,active (bought in last 3 months),Gold,Boise,2023,low,coupons redeemed/month (3m) = 0.0 (+0.41 logit); app sessions/month (3m) = 0.7 (+0.40 logit); home store price tier = Value (+0.35 logit)
500429,0.0038,0,0,active (bought in last 3 months),Gold,Columbus,2023,low,app session trend = -2.0 (+0.65 logit); coupons redeemed/month (3m) = 0.0 (+0.41 logit); home store price tier = Value (+0.35 logit)
500495,0.0038,0,0,active (bought in last 3 months),Gold,Madison,2021,low,support tickets/month (3m) = 0.5 (+0.84 logit); email-open trend = -1.5 (+0.40 logit); marketing opt-in = 1 (+0.33 logit)
501419,0.0038,0,0,active (bought in last 3 months),Silver,Columbus,2022,low,app session trend = -2.3 (+0.77 logit); support tickets/month (3m) = 0.3 (+0.46 logit); marketing opt-in = 1 (+0.33 logit)
500115,0.0037,0,0,active (bought in last 3 months),Gold,Austin,2022,low,marketing opt-in = 1 (+0.33 logit); gender = Unknown (+0.32 logit); emails opened/month (6m) = 0.7 (+0.19 logit)
501843,0.0037,0,0,active (bought in last 3 months),Silver,Madison,2023,low,emails opened/month (6m) = 0.2 (+0.60 logit); support tickets/month (3m) = 0.3 (+0.46 logit); emails opened/month (3m) = 0.3 (+0.27 logit)
501158,0.0037,0,0,active (bought in last 3 months),Silver,Columbus,2021,low,transaction trend (3m vs prior 3m) = -1.3 (+0.38 logit); emails opened/month (6m) = 0.5 (+0.33 logit); city = Columbus (+0.32 logit)
500870,0.0037,0,0,active (bought in last 3 months),Gold,Denver,2022,low,emails opened/month (6m) = 0.2 (+0.63 logit); support tickets/month (3m) = 0.3 (+0.46 logit); home store price tier = Value (+0.35 logit)
502274,0.0036,0,0,active (bought in last 3 months),Silver,Tulsa,2023,low,emails opened/month (6m) = 0.3 (+0.48 logit); emails opened/month (3m) = 0.3 (+0.27 logit); transactions/month (6m) = 2.7 (+0.22 logit)
500685,0.0036,0,0,active (bought in last 3 months),Silver,Madison,2023,low,transaction trend (3m vs prior 3m) = -1.0 (+0.25 logit); membership tier = Silver (+0.18 logit); months of history = 6 (+0.13 logit)
502194,0.0036,0,0,active (bought in last 3 months),Silver,Madison,2023,low,app session trend = -1.5 (+0.47 logit); transactions/month (6m) = 1.6 (+0.47 logit); transactions/month (3m) = 2.0 (+0.40 logit)
501333,0.0035,0,0,active (bought in last 3 months),Gold,Portland,2022,low,app sessions/month (3m) = 0.7 (+0.40 logit); marketing opt-in = 1 (+0.33 logit); app sessions/month (6m) = 1.0 (+0.25 logit)
501438,0.0035,0,0,active (bought in last 3 months),Silver,Spokane,2023,low,transactions/month (3m) = 2.0 (+0.40 logit); app sessions/month (3m) = 0.7 (+0.40 logit); transactions/month (6m) = 2.0 (+0.38 logit)
501226,0.0035,0,0,active (bought in last 3 months),Silver,Boise,2021,low,app session trend = -2.3 (+0.77 logit); app sessions/month (3m) = 0.7 (+0.40 logit); emails opened/month (6m) = 0.7 (+0.19 logit)
501082,0.0035,0,0,active (bought in last 3 months),Silver,Boise,2021,low,emails opened/month (6m) = 0.2 (+0.63 logit); support tickets/month (3m) = 0.3 (+0.46 logit); coupons redeemed/month (3m) = 0.0 (+0.41 logit)
500159,0.0035,0,0,active (bought in last 3 months),Gold,Portland,2021,low,emails opened/month (6m) = 0.5 (+0.33 logit); emails opened/month (3m) = 0.3 (+0.27 logit); app sessions/month (6m) = 1.3 (+0.14 logit)
502444,0.0035,0,0,active (bought in last 3 months),Gold,Nashville,2023,low,support tickets/month (3m) = 0.7 (+1.23 logit); transaction trend (3m vs prior 3m) = -2.0 (+0.64 logit); marketing opt-in = 1 (+0.33 logit)
500976,0.0035,0,0,active (bought in last 3 months),Silver,Tulsa,2021,low,coupons redeemed/month (3m) = 0.0 (+0.41 logit); marketing opt-in = 1 (+0.33 logit); coupons redeemed/month (6m) = 0.0 (+0.20 logit)
501533,0.0035,0,0,active (bought in last 3 months),Silver,Denver,2024,low,emails opened/month (6m) = 0.0 (+0.78 logit); emails opened/month (3m) = 0.0 (+0.45 logit); coupons redeemed/month (3m) = 0.0 (+0.41 logit)
500280,0.0035,0,0,active (bought in last 3 months),Silver,Raleigh,2023,low,marketing opt-in = 1 (+0.33 logit); membership tier = Silver (+0.18 logit); missing months in records (6m) = 0 (+0.10 logit)
502555,0.0035,0,0,active (bought in last 3 months),Silver,Madison,2022,low,support tickets/month (3m) = 0.3 (+0.46 logit); email-open trend = -1.3 (+0.36 logit); marketing opt-in = 1 (+0.33 logit)
500095,0.0035,0,0,active (bought in last 3 months),Gold,Portland,2024,low,emails opened/month (6m) = 0.0 (+0.78 logit); emails opened/month (3m) = 0.0 (+0.45 logit); transactions/month (3m) = 2.0 (+0.40 logit)
500732,0.0034,0,0,active (bought in last 3 months),Gold,Austin,2021,low,home store price tier = Value (+0.35 logit); app session trend = -1.0 (+0.30 logit); months of history = 6 (+0.13 logit)
502226,0.0034,0,0,active (bought in last 3 months),Silver,Nashville,2022,low,emails opened/month (6m) = 0.3 (+0.48 logit); home store price tier = Value (+0.35 logit); emails opened/month (3m) = 0.3 (+0.27 logit)
502393,0.0034,0,0,active (bought in last 3 months),Silver,Denver,2021,low,transaction trend (3m vs prior 3m) = -4.5 (+1.61 logit); support tickets/month (3m) = 0.5 (+0.84 logit); coupons redeemed/month (3m) = 0.0 (+0.41 logit)
500311,0.0033,0,0,active (bought in last 3 months),Silver,Madison,2023,low,marketing opt-in = 1 (+0.33 logit); membership tier = Silver (+0.18 logit); app sessions/month (6m) = 1.3 (+0.14 logit)
501054,0.0033,0,0,active (bought in last 3 months),Gold,Columbus,2023,low,home store price tier = Value (+0.35 logit); emails opened/month (6m) = 0.5 (+0.33 logit); city = Columbus (+0.32 logit)
500359,0.0033,0,0,active (bought in last 3 months),Platinum,Tulsa,2021,low,transaction trend (3m vs prior 3m) = -1.7 (+0.51 logit); emails opened/month (6m) = 0.5 (+0.33 logit); categories bought/month (3m) = 1.0 (+0.14 logit)
500324,0.0033,0,1,active (bought in last 3 months),Silver,Madison,2022,low,email-open trend = -2.0 (+0.55 logit); home store price tier = Value (+0.35 logit); transactions/month (6m) = 2.2 (+0.34 logit)
500959,0.0033,0,0,active (bought in last 3 months),Gold,Denver,2023,low,app session trend = -3.0 (+1.00 logit); support tickets/month (3m) = 0.3 (+0.46 logit); coupons redeemed/month (3m) = 0.0 (+0.41 logit)
502266,0.0033,0,0,active (bought in last 3 months),Gold,Spokane,2024,low,marketing opt-in = 1 (+0.33 logit); transactions/month (6m) = 3.0 (+0.14 logit); transactions/month (3m) = 3.0 (+0.13 logit)
500838,0.0033,0,0,active (bought in last 3 months),Gold,Nashville,2021,low,emails opened/month (6m) = 0.0 (+0.78 logit); app session trend = -2.0 (+0.65 logit); emails opened/month (3m) = 0.0 (+0.45 logit)
502143,0.0032,0,0,active (bought in last 3 months),Gold,Columbus,2021,low,transaction trend (3m vs prior 3m) = -2.0 (+0.64 logit); marketing opt-in = 1 (+0.33 logit); city = Columbus (+0.32 logit)
501856,0.0032,0,0,active (bought in last 3 months),Gold,Tulsa,2022,low,marketing opt-in = 1 (+0.33 logit); coupons redeemed/month (6m) = 0.2 (+0.13 logit); months of history = 6 (+0.13 logit)
500589,0.0032,0,0,active (bought in last 3 months),Platinum,Boise,2022,low,marketing opt-in = 1 (+0.33 logit); categories bought/month (3m) = 0.5 (+0.21 logit); emails opened/month (3m) = 0.5 (+0.18 logit)
502342,0.0032,0,0,active (bought in last 3 months),Silver,Denver,2021,low,transaction trend (3m vs prior 3m) = -3.5 (+1.22 logit); emails opened/month (6m) = 0.4 (+0.42 logit); emails opened/month (3m) = 0.5 (+0.18 logit)
502590,0.0032,0,0,active (bought in last 3 months),Silver,Spokane,2022,low,support tickets/month (3m) = 0.7 (+1.23 logit); home store price tier = Value (+0.35 logit); marketing opt-in = 1 (+0.33 logit)
502559,0.0032,0,0,active (bought in last 3 months),Gold,Madison,2023,low,transactions/month (6m) = 2.7 (+0.22 logit); transactions/month (3m) = 2.7 (+0.22 logit); emails opened/month (6m) = 0.7 (+0.19 logit)
501963,0.0031,0,0,active (bought in last 3 months),Silver,Denver,2023,low,emails opened/month (6m) = 0.2 (+0.63 logit); emails opened/month (3m) = 0.0 (+0.45 logit); membership tier = Silver (+0.18 logit)
502206,0.0031,0,0,active (bought in last 3 months),Silver,Portland,2022,low,transactions/month (3m) = 1.0 (+0.68 logit); transactions/month (6m) = 0.8 (+0.66 logit); app sessions/month (6m) = 0.6 (+0.39 logit)
501955,0.0031,0,0,active (bought in last 3 months),Silver,Nashville,2023,low,transaction trend (3m vs prior 3m) = -1.7 (+0.51 logit); home store price tier = Value (+0.35 logit); marketing opt-in = 1 (+0.33 logit)
502017,0.0031,0,0,active (bought in last 3 months),Silver,Raleigh,2022,low,app sessions/month (3m) = 0.7 (+0.40 logit); email-open trend = -1.3 (+0.36 logit); marketing opt-in = 1 (+0.33 logit)
500468,0.0031,0,0,active (bought in last 3 months),Gold,Portland,2021,low,emails opened/month (6m) = 0.3 (+0.48 logit); transactions/month (3m) = 2.7 (+0.22 logit); transactions/month (6m) = 3.0 (+0.14 logit)
502440,0.0031,0,0,active (bought in last 3 months),Gold,Raleigh,2021,low,transaction trend (3m vs prior 3m) = -1.3 (+0.38 logit); marketing opt-in = 1 (+0.33 logit); transactions/month (3m) = 2.3 (+0.31 logit)
501247,0.0031,0,0,active (bought in last 3 months),Silver,Boise,2022,low,emails opened/month (6m) = 0.2 (+0.63 logit); emails opened/month (3m) = 0.3 (+0.27 logit); transactions/month (6m) = 2.7 (+0.22 logit)
500238,0.003,0,0,active (bought in last 3 months),Gold,Madison,2023,low,home store price tier = Value (+0.35 logit); marketing opt-in = 1 (+0.33 logit); email-open trend = -0.7 (+0.17 logit)
501568,0.003,0,0,active (bought in last 3 months),Gold,Columbus,2022,low,support tickets/month (3m) = 0.3 (+0.46 logit); marketing opt-in = 1 (+0.33 logit); city = Columbus (+0.32 logit)
500533,0.003,0,0,active (bought in last 3 months),Silver,Madison,2023,low,transaction trend (3m vs prior 3m) = -8.3 (+3.11 logit); home store price tier = Value (+0.35 logit); marketing opt-in = 1 (+0.33 logit)
501598,0.003,0,0,active (bought in last 3 months),Gold,Columbus,2023,low,home store price tier = Value (+0.35 logit); marketing opt-in = 1 (+0.33 logit); city = Columbus (+0.32 logit)
502427,0.003,0,0,active (bought in last 3 months),Gold,Tulsa,2022,low,support tickets/month (3m) = 0.7 (+1.23 logit); emails opened/month (6m) = 0.5 (+0.33 logit); app session trend = -1.0 (+0.30 logit)
501302,0.003,0,0,active (bought in last 3 months),Silver,Raleigh,2023,low,transaction trend (3m vs prior 3m) = -2.3 (+0.77 logit); marketing opt-in = 1 (+0.33 logit); app session trend = -1.0 (+0.30 logit)
501979,0.003,0,0,active (bought in last 3 months),Gold,Austin,2022,low,app session trend = -4.3 (+1.47 logit); transaction trend (3m vs prior 3m) = -1.3 (+0.38 logit); marketing opt-in = 1 (+0.33 logit)
501187,0.003,0,0,active (bought in last 3 months),Gold,Spokane,2023,low,support tickets/month (3m) = 0.3 (+0.46 logit); home store price tier = Value (+0.35 logit); app session trend = -1.0 (+0.30 logit)
501201,0.003,0,0,active (bought in last 3 months),Silver,Raleigh,2021,low,app session trend = -1.7 (+0.53 logit); emails opened/month (3m) = 0.0 (+0.45 logit); coupons redeemed/month (3m) = 0.0 (+0.41 logit)
501726,0.0029,0,0,active (bought in last 3 months),Silver,Nashville,2021,low,app session trend = -1.3 (+0.42 logit); app sessions/month (3m) = 0.7 (+0.40 logit); home store price tier = Value (+0.35 logit)
501075,0.0029,0,0,active (bought in last 3 months),Gold,Portland,2021,low,transaction trend (3m vs prior 3m) = -4.3 (+1.55 logit); home store price tier = Value (+0.35 logit); marketing opt-in = 1 (+0.33 logit)
502497,0.0029,0,0,active (bought in last 3 months),Silver,Denver,2023,low,emails opened/month (6m) = 0.0 (+0.78 logit); support tickets/month (3m) = 0.3 (+0.46 logit); emails opened/month (3m) = 0.0 (+0.45 logit)
502390,0.0029,0,0,active (bought in last 3 months),Gold,Portland,2023,low,app session trend = -1.7 (+0.53 logit); home store price tier = Value (+0.35 logit); marketing opt-in = 1 (+0.33 logit)
500595,0.0029,0,0,active (bought in last 3 months),Silver,Denver,2023,low,email-open trend = -1.3 (+0.36 logit); home store price tier = Value (+0.35 logit); marketing opt-in = 1 (+0.33 logit)
500440,0.0029,0,0,active (bought in last 3 months),Silver,Madison,2023,low,coupons redeemed/month (3m) = 0.0 (+0.41 logit); app sessions/month (3m) = 0.7 (+0.40 logit); app sessions/month (6m) = 0.7 (+0.37 logit)
500698,0.0028,0,0,active (bought in last 3 months),Silver,Madison,2021,low,coupons redeemed/month (3m) = 0.0 (+0.41 logit); marketing opt-in = 1 (+0.33 logit); transaction trend (3m vs prior 3m) = -1.0 (+0.25 logit)
501503,0.0028,0,0,active (bought in last 3 months),Silver,Raleigh,2021,low,marketing opt-in = 1 (+0.33 logit); membership tier = Silver (+0.18 logit); months of history = 6 (+0.13 logit)
500257,0.0028,0,0,active (bought in last 3 months),Silver,Madison,2023,low,transaction trend (3m vs prior 3m) = -2.0 (+0.64 logit); emails opened/month (6m) = 0.3 (+0.48 logit); support tickets/month (3m) = 0.3 (+0.46 logit)
500287,0.0028,0,0,active (bought in last 3 months),Gold,Madison,2021,low,transaction trend (3m vs prior 3m) = -1.7 (+0.51 logit); support tickets/month (3m) = 0.3 (+0.46 logit); marketing opt-in = 1 (+0.33 logit)
500662,0.0027,0,0,active (bought in last 3 months),Silver,Nashville,2023,low,app session trend = -3.7 (+1.23 logit); emails opened/month (6m) = 0.0 (+0.78 logit); support tickets/month (3m) = 0.3 (+0.46 logit)
501499,0.0027,0,1,active (bought in last 3 months),Silver,Spokane,2021,low,email-open trend = -1.7 (+0.45 logit); transactions/month (3m) = 2.0 (+0.40 logit); transaction trend (3m vs prior 3m) = -1.3 (+0.38 logit)
502495,0.0027,0,0,active (bought in last 3 months),Silver,Denver,2021,low,transaction trend (3m vs prior 3m) = -1.3 (+0.38 logit); marketing opt-in = 1 (+0.33 logit); membership tier = Silver (+0.18 logit)
501119,0.0027,0,0,active (bought in last 3 months),Gold,Nashville,2022,low,transaction trend (3m vs prior 3m) = -3.3 (+1.16 logit); app session trend = -1.3 (+0.42 logit); marketing opt-in = 1 (+0.33 logit)
501727,0.0027,0,0,active (bought in last 3 months),Gold,Austin,2021,low,coupons redeemed/month (3m) = 0.0 (+0.41 logit); marketing opt-in = 1 (+0.33 logit); coupon trend = -1.3 (+0.13 logit)
502504,0.0027,0,0,active (bought in last 3 months),Gold,Austin,2022,low,marketing opt-in = 1 (+0.33 logit); transactions/month (6m) = 2.5 (+0.26 logit); transactions/month (3m) = 2.7 (+0.22 logit)
502455,0.0027,0,0,active (bought in last 3 months),Gold,Madison,2023,low,marketing opt-in = 1 (+0.33 logit); app sessions/month (3m) = 1.0 (+0.27 logit); app sessions/month (6m) = 1.0 (+0.25 logit)
500491,0.0026,0,0,active (bought in last 3 months),Silver,Tulsa,2021,low,emails opened/month (6m) = 0.3 (+0.48 logit); coupons redeemed/month (3m) = 0.0 (+0.41 logit); home store price tier = Value (+0.35 logit)
500548,0.0026,0,0,active (bought in last 3 months),Silver,Boise,2022,low,emails opened/month (6m) = 0.2 (+0.63 logit); emails opened/month (3m) = 0.0 (+0.45 logit); transaction trend (3m vs prior 3m) = -1.3 (+0.38 logit)
502024,0.0026,0,0,active (bought in last 3 months),Silver,Tulsa,2022,low,marketing opt-in = 1 (+0.33 logit); transactions/month (6m) = 2.4 (+0.28 logit); app session trend = -0.8 (+0.24 logit)
500655,0.0026,0,0,active (bought in last 3 months),Silver,Columbus,2021,low,support tickets/month (3m) = 0.7 (+1.23 logit); emails opened/month (6m) = 0.3 (+0.48 logit); home store price tier = Value (+0.35 logit)
500593,0.0026,0,0,active (bought in last 3 months),Silver,Spokane,2021,low,support tickets/month (3m) = 0.7 (+1.23 logit); marketing opt-in = 1 (+0.33 logit); support tickets/month (6m) = 0.5 (+0.25 logit)
501940,0.0026,0,0,active (bought in last 3 months),Silver,Raleigh,2021,low,emails opened/month (6m) = 0.2 (+0.60 logit); coupons redeemed/month (3m) = 0.0 (+0.41 logit); home store price tier = Value (+0.35 logit)
501982,0.0026,0,0,active (bought in last 3 months),Gold,Nashville,2022,low,transaction trend (3m vs prior 3m) = -2.3 (+0.77 logit); support tickets/month (3m) = 0.3 (+0.46 logit); marketing opt-in = 1 (+0.33 logit)
502558,0.0026,0,0,active (bought in last 3 months),Silver,Raleigh,2022,low,support tickets/month (3m) = 0.3 (+0.46 logit); home store price tier = Value (+0.35 logit); marketing opt-in = 1 (+0.33 logit)
501702,0.0026,0,0,active (bought in last 3 months),Gold,Portland,2023,low,transaction trend (3m vs prior 3m) = -2.3 (+0.77 logit); app session trend = -1.7 (+0.53 logit); marketing opt-in = 1 (+0.33 logit)
501365,0.0026,0,0,active (bought in last 3 months),Platinum,Nashville,2022,low,coupons redeemed/month (3m) = 0.0 (+0.41 logit); marketing opt-in = 1 (+0.33 logit); transaction trend (3m vs prior 3m) = -1.0 (+0.25 logit)
501320,0.0026,0,0,active (bought in last 3 months),Platinum,Tulsa,2023,low,support tickets/month (3m) = 0.3 (+0.46 logit); marketing opt-in = 1 (+0.33 logit); transactions/month (6m) = 3.0 (+0.14 logit)
500898,0.0026,0,0,active (bought in last 3 months),Silver,Spokane,2021,low,support tickets/month (3m) = 0.5 (+0.84 logit); marketing opt-in = 1 (+0.33 logit); email-open trend = -1.2 (+0.31 logit)
501027,0.0026,0,0,active (bought in last 3 months),Silver,Boise,2021,low,support tickets/month (3m) = 0.3 (+0.46 logit); emails opened/month (6m) = 0.5 (+0.33 logit); app session trend = -0.7 (+0.18 logit)
500992,0.0025,0,0,active (bought in last 3 months),Gold,Portland,2023,low,transaction trend (3m vs prior 3m) = -1.3 (+0.38 logit); marketing opt-in = 1 (+0.33 logit); months of history = 6 (+0.13 logit)
502357,0.0025,0,0,active (bought in last 3 months),Gold,Denver,2021,low,email-open trend = -1.3 (+0.36 logit); home store price tier = Value (+0.35 logit); marketing opt-in = 1 (+0.33 logit)
500535,0.0025,0,0,active (bought in last 3 months),Silver,Columbus,2023,low,support tickets/month (3m) = 0.3 (+0.46 logit); marketing opt-in = 1 (+0.33 logit); city = Columbus (+0.32 logit)
500525,0.0025,0,0,active (bought in last 3 months),Gold,Spokane,2021,low,support tickets/month (3m) = 0.3 (+0.46 logit); marketing opt-in = 1 (+0.33 logit); months of history = 6 (+0.13 logit)
500957,0.0025,0,0,active (bought in last 3 months),Platinum,Austin,2022,low,marketing opt-in = 1 (+0.33 logit); emails opened/month (6m) = 0.5 (+0.33 logit); months of history = 6 (+0.13 logit)
500106,0.0025,0,0,active (bought in last 3 months),Platinum,Austin,2022,low,emails opened/month (6m) = 0.2 (+0.63 logit); home store price tier = Value (+0.35 logit); emails opened/month (3m) = 0.3 (+0.27 logit)
500629,0.0025,0,0,active (bought in last 3 months),Gold,Columbus,2021,low,transaction trend (3m vs prior 3m) = -1.7 (+0.51 logit); city = Columbus (+0.32 logit); months of history = 6 (+0.13 logit)
500427,0.0025,0,0,active (bought in last 3 months),Silver,Nashville,2022,low,app session trend = -2.3 (+0.77 logit); email-open trend = -2.0 (+0.55 logit); emails opened/month (3m) = 0.0 (+0.45 logit)
501255,0.0025,0,0,active (bought in last 3 months),Gold,Austin,2021,low,transaction trend (3m vs prior 3m) = -2.3 (+0.77 logit); coupons redeemed/month (3m) = 0.0 (+0.41 logit); marketing opt-in = 1 (+0.33 logit)
500364,0.0025,0,0,active (bought in last 3 months),Silver,Madison,2023,low,transaction trend (3m vs prior 3m) = -3.0 (+1.03 logit); support tickets/month (3m) = 0.3 (+0.46 logit); marketing opt-in = 1 (+0.33 logit)
501342,0.0025,0,0,active (bought in last 3 months),Silver,Spokane,2021,low,app sessions/month (3m) = 0.7 (+0.40 logit); app sessions/month (6m) = 0.8 (+0.31 logit); membership tier = Silver (+0.18 logit)
500847,0.0025,0,0,active (bought in last 3 months),Silver,Nashville,2024,low,emails opened/month (6m) = 0.0 (+0.78 logit); app sessions/month (3m) = 0.0 (+0.66 logit); app sessions/month (6m) = 0.0 (+0.59 logit)
501767,0.0025,0,0,active (bought in last 3 months),Silver,Madison,2023,low,transaction trend (3m vs prior 3m) = -2.8 (+0.96 logit); app session trend = -2.7 (+0.88 logit); home store price tier = Value (+0.35 logit)
500717,0.0025,0,0,active (bought in last 3 months),Silver,Raleigh,2023,low,emails opened/month (6m) = 0.0 (+0.78 logit); emails opened/month (3m) = 0.0 (+0.45 logit); membership tier = Silver (+0.18 logit)
500060,0.0024,0,0,active (bought in last 3 months),Silver,Raleigh,2023,low,transaction trend (3m vs prior 3m) = -5.0 (+1.81 logit); home store price tier = Value (+0.35 logit); emails opened/month (6m) = 0.6 (+0.24 logit)
502374,0.0024,0,0,active (bought in last 3 months),Silver,Spokane,2021,low,emails opened/month (3m) = 0.3 (+0.27 logit); app sessions/month (3m) = 1.0 (+0.27 logit); emails opened/month (6m) = 0.7 (+0.19 logit)
501788,0.0024,0,1,active (bought in last 3 months),Silver,Boise,2022,low,app sessions/month (3m) = 1.0 (+0.27 logit); app sessions/month (6m) = 1.0 (+0.25 logit); membership tier = Silver (+0.18 logit)
502237,0.0024,0,0,active (bought in last 3 months),Silver,Austin,2023,low,transactions/month (6m) = 1.2 (+0.55 logit); transactions/month (3m) = 1.5 (+0.54 logit); marketing opt-in = 1 (+0.33 logit)
502536,0.0024,0,0,active (bought in last 3 months),Platinum,Boise,2021,low,emails opened/month (3m) = 0.0 (+0.45 logit); home store price tier = Value (+0.35 logit); emails opened/month (6m) = 0.5 (+0.33 logit)
500091,0.0024,0,0,active (bought in last 3 months),Silver,Raleigh,2021,low,transaction trend (3m vs prior 3m) = -3.0 (+1.03 logit); home store price tier = Value (+0.35 logit); membership tier = Silver (+0.18 logit)
502201,0.0024,0,0,active (bought in last 3 months),Silver,Madison,2023,low,support tickets/month (3m) = 0.3 (+0.46 logit); marketing opt-in = 1 (+0.33 logit); transactions/month (3m) = 2.7 (+0.22 logit)
502248,0.0024,0,0,active (bought in last 3 months),Silver,Tulsa,2023,low,transaction trend (3m vs prior 3m) = -3.3 (+1.16 logit); emails opened/month (6m) = 0.3 (+0.48 logit); emails opened/month (3m) = 0.0 (+0.45 logit)
501677,0.0024,0,0,active (bought in last 3 months),Silver,Denver,2022,low,emails opened/month (6m) = 0.2 (+0.63 logit); support tickets/month (3m) = 0.3 (+0.46 logit); app session trend = -1.3 (+0.42 logit)
501450,0.0024,0,0,active (bought in last 3 months),Gold,Austin,2023,low,transaction trend (3m vs prior 3m) = -3.7 (+1.29 logit); support tickets/month (3m) = 0.3 (+0.46 logit); home store price tier = Value (+0.35 logit)
500811,0.0024,0,0,active (bought in last 3 months),Gold,Portland,2021,low,home store price tier = Value (+0.35 logit); marketing opt-in = 1 (+0.33 logit); email-open trend = -0.8 (+0.21 logit)
501628,0.0023,0,0,active (bought in last 3 months),Silver,Boise,2023,low,email-open trend = -2.3 (+0.64 logit); home store price tier = Value (+0.35 logit); marketing opt-in = 1 (+0.33 logit)
500848,0.0023,0,0,active (bought in last 3 months),Silver,Spokane,2023,low,marketing opt-in = 1 (+0.33 logit); membership tier = Silver (+0.18 logit); transactions/month (6m) = 3.0 (+0.14 logit)
500919,0.0023,0,0,active (bought in last 3 months),Gold,Columbus,2024,low,coupons redeemed/month (3m) = 0.0 (+0.41 logit); home store price tier = Value (+0.35 logit); marketing opt-in = 1 (+0.33 logit)
501402,0.0023,0,0,active (bought in last 3 months),Silver,Raleigh,2023,low,emails opened/month (6m) = 0.2 (+0.63 logit); emails opened/month (3m) = 0.3 (+0.27 logit); membership tier = Silver (+0.18 logit)
500371,0.0023,0,0,active (bought in last 3 months),Silver,Tulsa,2021,low,transaction trend (3m vs prior 3m) = -4.3 (+1.55 logit); marketing opt-in = 1 (+0.33 logit); membership tier = Silver (+0.18 logit)
502547,0.0023,0,0,active (bought in last 3 months),Platinum,Nashville,2023,low,app sessions/month (6m) = 0.2 (+0.53 logit); app sessions/month (3m) = 0.3 (+0.53 logit); emails opened/month (3m) = 0.0 (+0.45 logit)
501077,0.0023,0,0,active (bought in last 3 months),Gold,Portland,2023,low,emails opened/month (6m) = 0.0 (+0.78 logit); emails opened/month (3m) = 0.0 (+0.45 logit); months of history = 6 (+0.13 logit)
501711,0.0022,0,0,active (bought in last 3 months),Silver,Austin,2022,low,support tickets/month (3m) = 0.3 (+0.46 logit); home store price tier = Value (+0.35 logit); marketing opt-in = 1 (+0.33 logit)
501458,0.0022,0,0,active (bought in last 3 months),Silver,Denver,2021,low,marketing opt-in = 1 (+0.33 logit); email-open trend = -1.0 (+0.26 logit); categories bought/month (3m) = 0.7 (+0.19 logit)
502477,0.0022,0,0,active (bought in last 3 months),Gold,Tulsa,2024,low,home store price tier = Value (+0.35 logit); marketing opt-in = 1 (+0.33 logit); missing months in records (6m) = 0 (+0.10 logit)
502437,0.0022,0,0,active (bought in last 3 months),Silver,Columbus,2022,low,coupons redeemed/month (3m) = 0.0 (+0.41 logit); marketing opt-in = 1 (+0.33 logit); city = Columbus (+0.32 logit)
500009,0.0022,0,0,active (bought in last 3 months),Silver,Tulsa,2022,low,emails opened/month (6m) = 0.3 (+0.48 logit); emails opened/month (3m) = 0.3 (+0.27 logit); spend/month (6m) = 59.8 (+0.19 logit)
500497,0.0022,0,0,active (bought in last 3 months),Gold,Madison,2023,low,emails opened/month (6m) = 0.5 (+0.33 logit); app session trend = -1.0 (+0.30 logit); app sessions/month (3m) = 1.0 (+0.27 logit)
501308,0.0022,0,0,active (bought in last 3 months),Silver,Madison,2023,low,transactions/month (3m) = 0.5 (+0.82 logit); transactions/month (6m) = 0.3 (+0.77 logit); app sessions/month (3m) = 0.0 (+0.66 logit)
500480,0.0022,0,0,active (bought in last 3 months),Silver,Raleigh,2021,low,support tickets/month (3m) = 0.7 (+1.23 logit); email-open trend = -1.3 (+0.36 logit); marketing opt-in = 1 (+0.33 logit)
501259,0.0022,0,0,active (bought in last 3 months),Gold,Tulsa,2024,low,emails opened/month (6m) = 0.0 (+0.78 logit); emails opened/month (3m) = 0.0 (+0.45 logit); coupons redeemed/month (3m) = 0.0 (+0.41 logit)
500397,0.0021,0,0,active (bought in last 3 months),Gold,Denver,2023,low,app sessions/month (6m) = 0.4 (+0.45 logit); email-open trend = -1.5 (+0.40 logit); app sessions/month (3m) = 0.7 (+0.40 logit)
500619,0.0021,0,0,active (bought in last 3 months),Silver,Raleigh,2024,low,emails opened/month (6m) = 0.0 (+0.78 logit); emails opened/month (3m) = 0.0 (+0.45 logit); coupons redeemed/month (3m) = 0.0 (+0.41 logit)
500134,0.0021,0,0,active (bought in last 3 months),Gold,Tulsa,2022,low,support tickets/month (3m) = 0.3 (+0.46 logit); transaction trend (3m vs prior 3m) = -1.3 (+0.38 logit); home store price tier = Value (+0.35 logit)
501157,0.0021,0,0,active (bought in last 3 months),Silver,Raleigh,2024,low,coupons redeemed/month (3m) = 0.0 (+0.41 logit); app sessions/month (3m) = 1.0 (+0.27 logit); app sessions/month (6m) = 1.0 (+0.25 logit)
502544,0.0021,0,0,active (bought in last 3 months),Silver,Madison,2022,low,transaction trend (3m vs prior 3m) = -4.5 (+1.61 logit); coupons redeemed/month (3m) = 0.0 (+0.41 logit); marketing opt-in = 1 (+0.33 logit)
500510,0.0021,0,0,active (bought in last 3 months),Silver,Tulsa,2022,low,emails opened/month (6m) = 0.3 (+0.48 logit); coupons redeemed/month (3m) = 0.0 (+0.41 logit); home store price tier = Value (+0.35 logit)
501170,0.0021,0,0,active (bought in last 3 months),Silver,Tulsa,2022,low,app sessions/month (3m) = 0.0 (+0.66 logit); app sessions/month (6m) = 0.0 (+0.59 logit); transactions/month (6m) = 1.4 (+0.52 logit)
500638,0.0021,0,0,active (bought in last 3 months),Silver,Austin,2023,low,app session trend = -1.3 (+0.42 logit); transaction trend (3m vs prior 3m) = -1.3 (+0.38 logit); marketing opt-in = 1 (+0.33 logit)
500556,0.0021,0,0,active (bought in last 3 months),Gold,Portland,2023,low,emails opened/month (6m) = 0.0 (+0.78 logit); emails opened/month (3m) = 0.0 (+0.45 logit); share of promo transactions (6m) = 0.4 (+0.18 logit)
502077,0.002,0,0,active (bought in last 3 months),Gold,Austin,2021,low,support tickets/month (3m) = 0.3 (+0.46 logit); coupons redeemed/month (3m) = 0.0 (+0.41 logit); marketing opt-in = 1 (+0.33 logit)
501474,0.002,0,0,active (bought in last 3 months),Silver,Portland,2022,low,home store price tier = Value (+0.35 logit); marketing opt-in = 1 (+0.33 logit); membership tier = Silver (+0.18 logit)
502372,0.002,0,0,active (bought in last 3 months),Silver,Columbus,2022,low,transaction trend (3m vs prior 3m) = -3.7 (+1.29 logit); app session trend = -1.7 (+0.53 logit); support tickets/month (3m) = 0.3 (+0.46 logit)
500233,0.002,0,0,active (bought in last 3 months),Gold,Madison,2023,low,transaction trend (3m vs prior 3m) = -3.7 (+1.29 logit); app session trend = -1.3 (+0.42 logit); marketing opt-in = 1 (+0.33 logit)
500471,0.002,0,0,active (bought in last 3 months),Gold,Denver,2023,low,emails opened/month (6m) = 0.0 (+0.78 logit); emails opened/month (3m) = 0.0 (+0.45 logit); app sessions/month (3m) = 1.3 (+0.14 logit)
501390,0.002,0,0,active (bought in last 3 months),Gold,Denver,2023,low,marketing opt-in = 1 (+0.33 logit); email-open trend = -1.0 (+0.26 logit); share of promo transactions (6m) = 0.5 (+0.21 logit)
500490,0.002,0,0,active (bought in last 3 months),Silver,Raleigh,2021,low,marketing opt-in = 1 (+0.33 logit); membership tier = Silver (+0.18 logit); months of history = 6 (+0.13 logit)
501523,0.0019,0,0,active (bought in last 3 months),Gold,Madison,2022,low,transaction trend (3m vs prior 3m) = -2.3 (+0.77 logit); email-open trend = -2.0 (+0.55 logit); emails opened/month (3m) = 0.0 (+0.45 logit)
501155,0.0019,0,0,active (bought in last 3 months),Silver,Denver,2024,low,emails opened/month (6m) = 0.0 (+0.78 logit); emails opened/month (3m) = 0.0 (+0.45 logit); coupons redeemed/month (3m) = 0.0 (+0.41 logit)
501274,0.0019,0,0,active (bought in last 3 months),Silver,Nashville,2024,low,coupons redeemed/month (3m) = 0.0 (+0.41 logit); marketing opt-in = 1 (+0.33 logit); app sessions/month (3m) = 1.0 (+0.27 logit)
502120,0.0019,0,0,active (bought in last 3 months),Silver,Madison,2023,low,support tickets/month (3m) = 0.3 (+0.46 logit); marketing opt-in = 1 (+0.33 logit); membership tier = Silver (+0.18 logit)
500338,0.0019,0,0,active (bought in last 3 months),Silver,Austin,2021,low,emails opened/month (6m) = 0.2 (+0.63 logit); emails opened/month (3m) = 0.0 (+0.45 logit); membership tier = Silver (+0.18 logit)
500809,0.0019,0,0,active (bought in last 3 months),Gold,Spokane,2022,low,transaction trend (3m vs prior 3m) = -2.7 (+0.90 logit); home store price tier = Value (+0.35 logit); emails opened/month (3m) = 0.3 (+0.27 logit)
501516,0.0019,0,0,active (bought in last 3 months),Gold,Tulsa,2022,low,support tickets/month (3m) = 0.3 (+0.46 logit); emails opened/month (3m) = 0.0 (+0.45 logit); email-open trend = -1.3 (+0.36 logit)
501826,0.0019,0,0,active (bought in last 3 months),Silver,Spokane,2021,low,marketing opt-in = 1 (+0.33 logit); app session trend = -1.0 (+0.30 logit); app sessions/month (3m) = 1.0 (+0.27 logit)
502142,0.0019,0,0,active (bought in last 3 months),Silver,Denver,2023,low,transaction trend (3m vs prior 3m) = -1.3 (+0.38 logit); app sessions/month (6m) = 0.8 (+0.34 logit); marketing opt-in = 1 (+0.33 logit)
501601,0.0019,0,0,active (bought in last 3 months),Silver,Tulsa,2022,low,marketing opt-in = 1 (+0.33 logit); membership tier = Silver (+0.18 logit); months of history = 6 (+0.13 logit)
502591,0.0019,0,0,active (bought in last 3 months),Silver,Raleigh,2022,low,email-open trend = -1.3 (+0.36 logit); marketing opt-in = 1 (+0.33 logit); app session trend = -0.7 (+0.18 logit)
500766,0.0019,0,0,active (bought in last 3 months),Silver,Portland,2024,low,coupons redeemed/month (3m) = 0.0 (+0.41 logit); marketing opt-in = 1 (+0.33 logit); coupons redeemed/month (6m) = 0.0 (+0.20 logit)
502460,0.0019,0,0,active (bought in last 3 months),Silver,Boise,2022,low,transactions/month (6m) = 1.8 (+0.42 logit); transactions/month (3m) = 2.7 (+0.22 logit); spend/month (6m) = 61.9 (+0.18 logit)
500485,0.0019,0,0,active (bought in last 3 months),Gold,Portland,2022,low,transaction trend (3m vs prior 3m) = -4.0 (+1.42 logit); app session trend = -1.7 (+0.53 logit); marketing opt-in = 1 (+0.33 logit)
500165,0.0018,0,0,active (bought in last 3 months),Gold,Columbus,2022,low,emails opened/month (6m) = 0.3 (+0.48 logit); app sessions/month (6m) = 0.3 (+0.48 logit); support tickets/month (3m) = 0.3 (+0.46 logit)
501632,0.0018,0,0,active (bought in last 3 months),Silver,Nashville,2023,low,marketing opt-in = 1 (+0.33 logit); membership tier = Silver (+0.18 logit); email-open trend = -0.7 (+0.17 logit)
500405,0.0018,0,0,active (bought in last 3 months),Silver,Spokane,2021,low,support tickets/month (3m) = 0.3 (+0.46 logit); coupons redeemed/month (3m) = 0.0 (+0.41 logit); home store price tier = Value (+0.35 logit)
500892,0.0018,0,0,active (bought in last 3 months),Silver,Portland,2022,low,transaction trend (3m vs prior 3m) = -3.8 (+1.35 logit); marketing opt-in = 1 (+0.33 logit); membership tier = Silver (+0.18 logit)
501954,0.0018,0,0,active (bought in last 3 months),Silver,Denver,2022,low,email-open trend = -2.0 (+0.55 logit); app session trend = -1.7 (+0.53 logit); home store price tier = Value (+0.35 logit)
501199,0.0018,0,0,active (bought in last 3 months),Silver,Madison,2022,low,home store price tier = Value (+0.35 logit); marketing opt-in = 1 (+0.33 logit); membership tier = Silver (+0.18 logit)
502057,0.0018,0,0,active (bought in last 3 months),Platinum,Raleigh,2021,low,transaction trend (3m vs prior 3m) = -2.3 (+0.77 logit); emails opened/month (6m) = 0.2 (+0.63 logit); emails opened/month (3m) = 0.3 (+0.27 logit)
501217,0.0018,0,0,active (bought in last 3 months),Silver,Austin,2023,low,marketing opt-in = 1 (+0.33 logit); emails opened/month (6m) = 0.7 (+0.19 logit); membership tier = Silver (+0.18 logit)
501512,0.0018,0,0,active (bought in last 3 months),Silver,Austin,2022,low,support tickets/month (3m) = 0.3 (+0.46 logit); marketing opt-in = 1 (+0.33 logit); app sessions/month (6m) = 1.0 (+0.25 logit)
500993,0.0018,0,0,active (bought in last 3 months),Gold,Tulsa,2023,low,emails opened/month (6m) = 0.5 (+0.33 logit); categories bought/month (3m) = 0.5 (+0.21 logit); emails opened/month (3m) = 0.5 (+0.18 logit)
502436,0.0018,0,0,active (bought in last 3 months),Silver,Tulsa,2022,low,support tickets/month (3m) = 0.3 (+0.46 logit); coupons redeemed/month (3m) = 0.0 (+0.41 logit); marketing opt-in = 1 (+0.33 logit)
501154,0.0017,0,0,active (bought in last 3 months),Silver,Raleigh,2023,low,home store price tier = Value (+0.35 logit); transaction trend (3m vs prior 3m) = -1.0 (+0.25 logit); app sessions/month (6m) = 1.2 (+0.20 logit)
501938,0.0017,0,0,active (bought in last 3 months),Silver,Columbus,2023,low,coupons redeemed/month (3m) = 0.0 (+0.41 logit); marketing opt-in = 1 (+0.33 logit); emails opened/month (6m) = 0.5 (+0.33 logit)
500328,0.0017,0,0,active (bought in last 3 months),Silver,Tulsa,2023,low,home store price tier = Value (+0.35 logit); marketing opt-in = 1 (+0.33 logit); membership tier = Silver (+0.18 logit)
501977,0.0017,0,0,active (bought in last 3 months),Silver,Denver,2022,low,emails opened/month (6m) = 0.5 (+0.33 logit); app session trend = -1.0 (+0.30 logit); emails opened/month (3m) = 0.3 (+0.27 logit)
501815,0.0017,0,0,active (bought in last 3 months),Silver,Boise,2022,low,transaction trend (3m vs prior 3m) = -2.3 (+0.77 logit); app session trend = -2.0 (+0.65 logit); marketing opt-in = 1 (+0.33 logit)
500178,0.0017,0,0,active (bought in last 3 months),Platinum,Spokane,2023,low,support tickets/month (3m) = 0.3 (+0.46 logit); marketing opt-in = 1 (+0.33 logit); coupons redeemed/month (6m) = 0.2 (+0.12 logit)
500482,0.0016,0,0,active (bought in last 3 months),Silver,Spokane,2022,low,support tickets/month (3m) = 0.3 (+0.46 logit); transaction trend (3m vs prior 3m) = -1.3 (+0.38 logit); home store price tier = Value (+0.35 logit)
502466,0.0016,0,0,active (bought in last 3 months),Platinum,Raleigh,2022,low,emails opened/month (3m) = 0.3 (+0.27 logit); support tickets/month (6m) = 0.5 (+0.25 logit); emails opened/month (6m) = 0.7 (+0.19 logit)
500824,0.0016,0,0,active (bought in last 3 months),Silver,Denver,2022,low,transaction trend (3m vs prior 3m) = -5.3 (+1.94 logit); marketing opt-in = 1 (+0.33 logit); membership tier = Silver (+0.18 logit)
501725,0.0016,0,0,active (bought in last 3 months),Gold,Columbus,2021,low,app sessions/month (6m) = 0.7 (+0.37 logit); marketing opt-in = 1 (+0.33 logit); city = Columbus (+0.32 logit)
502112,0.0016,0,0,active (bought in last 3 months),Silver,Raleigh,2022,low,support tickets/month (3m) = 0.3 (+0.46 logit); marketing opt-in = 1 (+0.33 logit); emails opened/month (3m) = 0.3 (+0.27 logit)
501889,0.0016,0,0,active (bought in last 3 months),Gold,Tulsa,2023,low,home store price tier = Value (+0.35 logit); marketing opt-in = 1 (+0.33 logit); app session trend = -1.0 (+0.30 logit)
500349,0.0016,0,0,active (bought in last 3 months),Silver,Nashville,2023,low,coupons redeemed/month (3m) = 0.0 (+0.41 logit); share of promo transactions (6m) = 0.5 (+0.34 logit); marketing opt-in = 1 (+0.33 logit)
501634,0.0016,0,0,active (bought in last 3 months),Silver,Madison,2022,low,emails opened/month (6m) = 0.3 (+0.48 logit); home store price tier = Value (+0.35 logit); transaction trend (3m vs prior 3m) = -1.0 (+0.25 logit)
502141,0.0016,0,0,active (bought in last 3 months),Gold,Spokane,2023,low,app session trend = -1.3 (+0.42 logit); app sessions/month (3m) = 1.0 (+0.27 logit); emails opened/month (6m) = 0.7 (+0.19 logit)
501375,0.0016,0,0,active (bought in last 3 months),Silver,Raleigh,2023,low,marketing opt-in = 1 (+0.33 logit); membership tier = Silver (+0.18 logit); categories bought/month (3m) = 1.0 (+0.14 logit)
500900,0.0016,0,0,active (bought in last 3 months),Platinum,Spokane,2021,low,support tickets/month (3m) = 0.3 (+0.46 logit); emails opened/month (6m) = 0.4 (+0.42 logit); transaction trend (3m vs prior 3m) = -1.3 (+0.38 logit)
500558,0.0016,0,0,active (bought in last 3 months),Silver,Denver,2023,low,app session trend = -3.0 (+1.00 logit); marketing opt-in = 1 (+0.33 logit); app sessions/month (3m) = 1.0 (+0.27 logit)
501800,0.0015,0,0,active (bought in last 3 months),Silver,Nashville,2022,low,emails opened/month (6m) = 0.5 (+0.33 logit); coupon trend = -2.7 (+0.27 logit); transaction trend (3m vs prior 3m) = -1.0 (+0.25 logit)
500463,0.0015,0,0,active (bought in last 3 months),Gold,Boise,2021,low,transaction trend (3m vs prior 3m) = -3.7 (+1.29 logit); app session trend = -1.3 (+0.42 logit); marketing opt-in = 1 (+0.33 logit)
502019,0.0015,0,0,active (bought in last 3 months),Silver,Raleigh,2022,low,marketing opt-in = 1 (+0.33 logit); app sessions/month (6m) = 1.0 (+0.25 logit); transaction trend (3m vs prior 3m) = -1.0 (+0.25 logit)
500356,0.0015,0,0,active (bought in last 3 months),Silver,Spokane,2021,low,emails opened/month (6m) = 0.2 (+0.63 logit); emails opened/month (3m) = 0.0 (+0.45 logit); app session trend = -1.0 (+0.30 logit)
501927,0.0015,0,0,active (bought in last 3 months),Silver,Denver,2023,low,emails opened/month (6m) = 0.2 (+0.60 logit); support tickets/month (3m) = 0.3 (+0.46 logit); emails opened/month (3m) = 0.0 (+0.45 logit)
501798,0.0015,0,0,active (bought in last 3 months),Platinum,Portland,2024,low,emails opened/month (6m) = 0.0 (+0.78 logit); emails opened/month (3m) = 0.0 (+0.45 logit); coupons redeemed/month (3m) = 0.0 (+0.41 logit)
500850,0.0015,0,0,active (bought in last 3 months),Platinum,Tulsa,2021,low,emails opened/month (6m) = 0.2 (+0.63 logit); emails opened/month (3m) = 0.0 (+0.45 logit); coupons redeemed/month (6m) = 0.2 (+0.13 logit)
501757,0.0015,0,0,active (bought in last 3 months),Silver,Spokane,2021,low,emails opened/month (6m) = 0.5 (+0.33 logit); app sessions/month (3m) = 1.0 (+0.27 logit); app session trend = -0.7 (+0.18 logit)
501683,0.0015,0,0,active (bought in last 3 months),Silver,Tulsa,2023,low,support tickets/month (3m) = 0.3 (+0.46 logit); coupons redeemed/month (3m) = 0.0 (+0.41 logit); home store price tier = Value (+0.35 logit)
502588,0.0015,0,0,active (bought in last 3 months),Gold,Madison,2022,low,transaction trend (3m vs prior 3m) = -2.0 (+0.64 logit); coupons redeemed/month (3m) = 0.0 (+0.41 logit); marketing opt-in = 1 (+0.33 logit)
501876,0.0015,0,0,active (bought in last 3 months),Silver,Raleigh,2021,low,app session trend = -2.0 (+0.65 logit); support tickets/month (3m) = 0.3 (+0.46 logit); home store price tier = Value (+0.35 logit)
500696,0.0015,0,0,active (bought in last 3 months),Platinum,Columbus,2021,low,marketing opt-in = 1 (+0.33 logit); city = Columbus (+0.32 logit); coupons redeemed/month (6m) = 0.2 (+0.13 logit)
502557,0.0015,0,0,active (bought in last 3 months),Silver,Raleigh,2021,low,app session trend = -2.0 (+0.65 logit); coupons redeemed/month (3m) = 0.0 (+0.41 logit); marketing opt-in = 1 (+0.33 logit)
501674,0.0014,0,0,active (bought in last 3 months),Silver,Raleigh,2022,low,marketing opt-in = 1 (+0.33 logit); app session trend = -1.0 (+0.30 logit); membership tier = Silver (+0.18 logit)
502031,0.0014,0,0,active (bought in last 3 months),Silver,Nashville,2022,low,email-open trend = -2.0 (+0.55 logit); emails opened/month (3m) = 0.0 (+0.45 logit); home store price tier = Value (+0.35 logit)
500293,0.0014,0,0,active (bought in last 3 months),Silver,Portland,2023,low,email-open trend = -1.8 (+0.50 logit); app session trend = -1.5 (+0.47 logit); marketing opt-in = 1 (+0.33 logit)
501130,0.0014,0,0,active (bought in last 3 months),Silver,Tulsa,2023,low,support tickets/month (3m) = 0.3 (+0.46 logit); coupons redeemed/month (3m) = 0.0 (+0.41 logit); marketing opt-in = 1 (+0.33 logit)
500817,0.0014,0,0,active (bought in last 3 months),Gold,Tulsa,2023,low,emails opened/month (6m) = 0.3 (+0.48 logit); emails opened/month (3m) = 0.3 (+0.27 logit); app sessions/month (3m) = 1.0 (+0.27 logit)
502339,0.0014,0,0,active (bought in last 3 months),Gold,Boise,2021,low,email-open trend = -1.7 (+0.45 logit); coupons redeemed/month (3m) = 0.0 (+0.41 logit); home store price tier = Value (+0.35 logit)
501519,0.0014,0,0,active (bought in last 3 months),Platinum,Raleigh,2021,low,transaction trend (3m vs prior 3m) = -1.7 (+0.51 logit); marketing opt-in = 1 (+0.33 logit); email-open trend = -1.0 (+0.26 logit)
501301,0.0014,0,0,active (bought in last 3 months),Silver,Madison,2021,low,marketing opt-in = 1 (+0.33 logit); support tickets/month (6m) = 0.5 (+0.25 logit); membership tier = Silver (+0.18 logit)
500199,0.0014,0,0,active (bought in last 3 months),Silver,Boise,2021,low,app session trend = -3.0 (+1.00 logit); emails opened/month (6m) = 0.7 (+0.19 logit); membership tier = Silver (+0.18 logit)
500914,0.0014,0,0,active (bought in last 3 months),Silver,Boise,2021,low,home store price tier = Value (+0.35 logit); emails opened/month (6m) = 0.5 (+0.33 logit); membership tier = Silver (+0.18 logit)
502381,0.0013,0,0,active (bought in last 3 months),Silver,Spokane,2023,low,emails opened/month (6m) = 0.0 (+0.78 logit); support tickets/month (3m) = 0.3 (+0.46 logit); emails opened/month (3m) = 0.0 (+0.45 logit)
501041,0.0013,0,0,active (bought in last 3 months),Silver,Raleigh,2021,low,support tickets/month (3m) = 0.3 (+0.46 logit); coupons redeemed/month (3m) = 0.0 (+0.41 logit); home store price tier = Value (+0.35 logit)
500183,0.0013,0,0,active (bought in last 3 months),Gold,Portland,2021,low,app sessions/month (3m) = 0.0 (+0.66 logit); app sessions/month (6m) = 0.0 (+0.59 logit); transactions/month (6m) = 1.3 (+0.53 logit)
500721,0.0013,0,0,active (bought in last 3 months),Gold,Spokane,2021,low,coupons redeemed/month (3m) = 0.0 (+0.41 logit); marketing opt-in = 1 (+0.33 logit); months of history = 6 (+0.13 logit)
500709,0.0013,0,0,active (bought in last 3 months),Gold,Raleigh,2023,low,support tickets/month (3m) = 0.3 (+0.46 logit); email-open trend = -1.7 (+0.45 logit); home store price tier = Value (+0.35 logit)
500391,0.0013,0,0,active (bought in last 3 months),Silver,Raleigh,2023,low,emails opened/month (6m) = 0.4 (+0.42 logit); home store price tier = Value (+0.35 logit); spend/month (6m) = 51.7 (+0.21 logit)
500210,0.0013,0,0,active (bought in last 3 months),Gold,Raleigh,2023,low,transaction trend (3m vs prior 3m) = -1.3 (+0.38 logit); home store price tier = Value (+0.35 logit); marketing opt-in = 1 (+0.33 logit)
500943,0.0013,0,0,active (bought in last 3 months),Gold,Raleigh,2021,low,support tickets/month (3m) = 0.3 (+0.46 logit); home store price tier = Value (+0.35 logit); app sessions/month (3m) = 1.0 (+0.27 logit)
500748,0.0013,0,0,active (bought in last 3 months),Silver,Tulsa,2022,low,app session trend = -1.5 (+0.47 logit); support tickets/month (3m) = 0.3 (+0.46 logit); marketing opt-in = 1 (+0.33 logit)
500381,0.0013,0,0,active (bought in last 3 months),Silver,Raleigh,2023,low,support tickets/month (3m) = 0.7 (+1.23 logit); marketing opt-in = 1 (+0.33 logit); membership tier = Silver (+0.18 logit)
500668,0.0013,0,0,active (bought in last 3 months),Silver,Nashville,2021,low,support tickets/month (3m) = 0.3 (+0.46 logit); home store price tier = Value (+0.35 logit); marketing opt-in = 1 (+0.33 logit)
500737,0.0013,0,0,active (bought in last 3 months),Silver,Raleigh,2024,low,support tickets/month (3m) = 0.5 (+0.84 logit); app sessions/month (3m) = 0.0 (+0.66 logit); app sessions/month (6m) = 0.0 (+0.59 logit)
501144,0.0013,0,0,active (bought in last 3 months),Gold,Tulsa,2022,low,app session trend = -3.7 (+1.23 logit); emails opened/month (6m) = 0.3 (+0.48 logit); emails opened/month (3m) = 0.0 (+0.45 logit)
502287,0.0012,0,0,active (bought in last 3 months),Gold,Spokane,2024,low,transactions/month (3m) = 1.0 (+0.68 logit); transactions/month (6m) = 1.0 (+0.61 logit); home store price tier = Value (+0.35 logit)
501497,0.0012,0,0,active (bought in last 3 months),Silver,Austin,2022,low,app session trend = -2.3 (+0.77 logit); email-open trend = -1.7 (+0.45 logit); marketing opt-in = 1 (+0.33 logit)
500747,0.0012,0,0,active (bought in last 3 months),Gold,Denver,2023,low,emails opened/month (6m) = 0.7 (+0.19 logit); months of history = 6 (+0.13 logit); transaction trend (3m vs prior 3m) = -0.7 (+0.12 logit)
501133,0.0012,0,0,active (bought in last 3 months),Silver,Portland,2023,low,app session trend = -1.3 (+0.42 logit); home store price tier = Value (+0.35 logit); marketing opt-in = 1 (+0.33 logit)
501136,0.0012,0,0,active (bought in last 3 months),Silver,Madison,2022,low,marketing opt-in = 1 (+0.33 logit); membership tier = Silver (+0.18 logit); months of history = 6 (+0.13 logit)
500305,0.0012,0,0,active (bought in last 3 months),Silver,Boise,2023,low,support tickets/month (3m) = 0.3 (+0.46 logit); transaction trend (3m vs prior 3m) = -1.3 (+0.38 logit); marketing opt-in = 1 (+0.33 logit)
500041,0.0012,0,0,active (bought in last 3 months),Silver,Madison,2022,low,support tickets/month (3m) = 0.3 (+0.46 logit); marketing opt-in = 1 (+0.33 logit); transaction trend (3m vs prior 3m) = -1.0 (+0.25 logit)
500960,0.0012,0,0,active (bought in last 3 months),Silver,Nashville,2022,low,support tickets/month (3m) = 0.7 (+1.23 logit); home store price tier = Value (+0.35 logit); marketing opt-in = 1 (+0.33 logit)
500177,0.0012,0,0,active (bought in last 3 months),Silver,Denver,2023,low,home store price tier = Value (+0.35 logit); marketing opt-in = 1 (+0.33 logit); membership tier = Silver (+0.18 logit)
500474,0.0012,0,0,active (bought in last 3 months),Gold,Austin,2024,low,emails opened/month (6m) = 0.0 (+0.78 logit); emails opened/month (3m) = 0.0 (+0.45 logit); missing months in records (6m) = 0 (+0.10 logit)
502298,0.0012,0,0,active (bought in last 3 months),Gold,Denver,2022,low,support tickets/month (3m) = 0.3 (+0.46 logit); app session trend = -1.3 (+0.42 logit); home store price tier = Value (+0.35 logit)
502233,0.0012,0,0,active (bought in last 3 months),Silver,Denver,2023,low,transactions/month (6m) = 2.6 (+0.24 logit); email-open trend = -0.8 (+0.21 logit); membership tier = Silver (+0.18 logit)
502219,0.0012,0,0,active (bought in last 3 months),Silver,Raleigh,2023,low,home store price tier = Value (+0.35 logit); marketing opt-in = 1 (+0.33 logit); membership tier = Silver (+0.18 logit)
500729,0.0012,0,0,active (bought in last 3 months),Gold,Austin,2023,low,transaction trend (3m vs prior 3m) = -1.7 (+0.51 logit); home store price tier = Value (+0.35 logit); marketing opt-in = 1 (+0.33 logit)
501234,0.0012,0,0,active (bought in last 3 months),Gold,Denver,2022,low,emails opened/month (6m) = 0.2 (+0.63 logit); emails opened/month (3m) = 0.0 (+0.45 logit); months of history = 6 (+0.13 logit)
501928,0.0011,0,0,active (bought in last 3 months),Gold,Austin,2022,low,support tickets/month (3m) = 0.3 (+0.46 logit); home store price tier = Value (+0.35 logit); marketing opt-in = 1 (+0.33 logit)
502367,0.0011,0,0,active (bought in last 3 months),Silver,Columbus,2021,low,marketing opt-in = 1 (+0.33 logit); city = Columbus (+0.32 logit); membership tier = Silver (+0.18 logit)
502227,0.0011,0,0,active (bought in last 3 months),Platinum,Nashville,2023,low,marketing opt-in = 1 (+0.33 logit); app sessions/month (3m) = 1.0 (+0.27 logit); app sessions/month (6m) = 1.0 (+0.25 logit)
500046,0.0011,0,0,active (bought in last 3 months),Platinum,Boise,2022,low,transaction trend (3m vs prior 3m) = -1.3 (+0.38 logit); marketing opt-in = 1 (+0.33 logit); months of history = 6 (+0.13 logit)
501224,0.0011,0,0,active (bought in last 3 months),Silver,Austin,2023,low,support tickets/month (3m) = 0.3 (+0.46 logit); marketing opt-in = 1 (+0.33 logit); membership tier = Silver (+0.18 logit)
500248,0.0011,0,0,active (bought in last 3 months),Silver,Portland,2023,low,support tickets/month (3m) = 0.3 (+0.46 logit); marketing opt-in = 1 (+0.33 logit); app sessions/month (3m) = 1.0 (+0.27 logit)
500712,0.0011,0,0,active (bought in last 3 months),Silver,Denver,2023,low,app session trend = -4.2 (+1.41 logit); transaction trend (3m vs prior 3m) = -2.2 (+0.70 logit); home store price tier = Value (+0.35 logit)
500856,0.0011,0,0,active (bought in last 3 months),Silver,Raleigh,2021,low,coupons redeemed/month (3m) = 0.0 (+0.41 logit); home store price tier = Value (+0.35 logit); marketing opt-in = 1 (+0.33 logit)
501122,0.0011,0,0,active (bought in last 3 months),Gold,Raleigh,2021,low,support tickets/month (3m) = 0.3 (+0.46 logit); transaction trend (3m vs prior 3m) = -1.3 (+0.38 logit); emails opened/month (6m) = 0.5 (+0.33 logit)
501668,0.0011,0,0,active (bought in last 3 months),Silver,Columbus,2021,low,support tickets/month (3m) = 0.3 (+0.46 logit); coupons redeemed/month (3m) = 0.0 (+0.41 logit); marketing opt-in = 1 (+0.33 logit)
502328,0.0011,0,0,active (bought in last 3 months),Silver,Spokane,2021,low,app session trend = -2.3 (+0.77 logit); home store price tier = Value (+0.35 logit); emails opened/month (6m) = 0.5 (+0.33 logit)
500500,0.0011,0,0,active (bought in last 3 months),Silver,Denver,2021,low,emails opened/month (6m) = 0.5 (+0.33 logit); spend/month (6m) = 49.1 (+0.22 logit); membership tier = Silver (+0.18 logit)
501799,0.0011,0,0,active (bought in last 3 months),Gold,Austin,2022,low,emails opened/month (6m) = 0.0 (+0.78 logit); emails opened/month (3m) = 0.0 (+0.45 logit); home store price tier = Value (+0.35 logit)
500172,0.0011,0,0,active (bought in last 3 months),Gold,Portland,2023,low,transaction trend (3m vs prior 3m) = -3.3 (+1.16 logit); support tickets/month (3m) = 0.3 (+0.46 logit); home store price tier = Value (+0.35 logit)
500261,0.0011,0,0,active (bought in last 3 months),Silver,Nashville,2021,low,transactions/month (6m) = 2.0 (+0.38 logit); home store price tier = Value (+0.35 logit); marketing opt-in = 1 (+0.33 logit)
502299,0.0011,0,0,active (bought in last 3 months),Silver,Austin,2021,low,emails opened/month (6m) = 0.2 (+0.63 logit); app session trend = -1.7 (+0.53 logit); home store price tier = Value (+0.35 logit)
502502,0.001,0,0,active (bought in last 3 months),Gold,Tulsa,2022,low,support tickets/month (3m) = 0.7 (+1.23 logit); transaction trend (3m vs prior 3m) = -1.3 (+0.38 logit); home store price tier = Value (+0.35 logit)
502549,0.001,0,0,active (bought in last 3 months),Platinum,Nashville,2021,low,app session trend = -2.0 (+0.65 logit); app sessions/month (3m) = 0.3 (+0.53 logit); support tickets/month (3m) = 0.3 (+0.46 logit)
500171,0.001,0,0,active (bought in last 3 months),Silver,Spokane,2023,low,transaction trend (3m vs prior 3m) = -3.8 (+1.35 logit); emails opened/month (6m) = 0.4 (+0.42 logit); emails opened/month (3m) = 0.3 (+0.27 logit)
501761,0.001,0,0,active (bought in last 3 months),Silver,Tulsa,2021,low,support tickets/month (3m) = 0.3 (+0.46 logit); app sessions/month (3m) = 0.7 (+0.40 logit); marketing opt-in = 1 (+0.33 logit)
502598,0.001,0,0,active (bought in last 3 months),Silver,Spokane,2023,low,app session trend = -2.3 (+0.77 logit); email-open trend = -1.3 (+0.36 logit); marketing opt-in = 1 (+0.33 logit)
501738,0.001,0,0,active (bought in last 3 months),Silver,Madison,2024,low,emails opened/month (6m) = 0.0 (+0.78 logit); emails opened/month (3m) = 0.0 (+0.45 logit); membership tier = Silver (+0.18 logit)
500691,0.001,0,0,active (bought in last 3 months),Gold,Spokane,2021,low,coupons redeemed/month (3m) = 0.0 (+0.41 logit); transaction trend (3m vs prior 3m) = -1.3 (+0.38 logit); marketing opt-in = 1 (+0.33 logit)
500299,0.001,0,0,active (bought in last 3 months),Silver,Denver,2022,low,home store price tier = Value (+0.35 logit); marketing opt-in = 1 (+0.33 logit); email-open trend = -1.0 (+0.26 logit)
502568,0.001,0,0,active (bought in last 3 months),Silver,Boise,2022,low,transaction trend (3m vs prior 3m) = -2.0 (+0.64 logit); transactions/month (3m) = 2.0 (+0.40 logit); home store price tier = Value (+0.35 logit)
500223,0.001,0,0,active (bought in last 3 months),Gold,Spokane,2021,low,app sessions/month (3m) = 1.0 (+0.27 logit); emails opened/month (6m) = 0.7 (+0.19 logit); app session trend = -0.7 (+0.18 logit)
502387,0.001,0,0,active (bought in last 3 months),Silver,Portland,2024,low,app sessions/month (3m) = 0.0 (+0.66 logit); app sessions/month (6m) = 0.0 (+0.59 logit); coupons redeemed/month (3m) = 0.0 (+0.41 logit)
501539,0.001,0,0,active (bought in last 3 months),Silver,Austin,2023,low,emails opened/month (6m) = 0.4 (+0.42 logit); app session trend = -1.2 (+0.36 logit); home store price tier = Value (+0.35 logit)
501063,0.001,0,0,active (bought in last 3 months),Silver,Tulsa,2022,low,emails opened/month (6m) = 0.2 (+0.63 logit); emails opened/month (3m) = 0.0 (+0.45 logit); membership tier = Silver (+0.18 logit)
501074,0.001,0,0,active (bought in last 3 months),Silver,Denver,2022,low,home store price tier = Value (+0.35 logit); app session trend = -1.0 (+0.30 logit); membership tier = Silver (+0.18 logit)
501080,0.001,0,0,active (bought in last 3 months),Platinum,Tulsa,2023,low,marketing opt-in = 1 (+0.33 logit); app sessions/month (6m) = 1.2 (+0.20 logit); months of history = 6 (+0.13 logit)
502468,0.001,0,0,active (bought in last 3 months),Silver,Boise,2023,low,emails opened/month (6m) = 0.0 (+0.78 logit); transaction trend (3m vs prior 3m) = -1.7 (+0.51 logit); emails opened/month (3m) = 0.0 (+0.45 logit)
501675,0.001,0,0,active (bought in last 3 months),Gold,Portland,2021,low,emails opened/month (6m) = 0.5 (+0.33 logit); gender = Unknown (+0.32 logit); coupons redeemed/month (6m) = 0.2 (+0.13 logit)
500742,0.001,0,0,active (bought in last 3 months),Silver,Tulsa,2022,low,support tickets/month (3m) = 0.5 (+0.84 logit); coupons redeemed/month (3m) = 0.0 (+0.41 logit); home store price tier = Value (+0.35 logit)
502580,0.001,0,0,active (bought in last 3 months),Silver,Boise,2023,low,support tickets/month (3m) = 0.3 (+0.46 logit); spend/month (6m) = 41.3 (+0.25 logit); emails opened/month (6m) = 0.6 (+0.24 logit)
500846,0.001,0,0,active (bought in last 3 months),Silver,Raleigh,2022,low,app session trend = -2.7 (+0.88 logit); marketing opt-in = 1 (+0.33 logit); membership tier = Silver (+0.18 logit)
500745,0.001,0,0,active (bought in last 3 months),Gold,Columbus,2021,low,transaction trend (3m vs prior 3m) = -1.7 (+0.51 logit); emails opened/month (6m) = 0.3 (+0.48 logit); support tickets/month (3m) = 0.3 (+0.46 logit)
502135,0.0009,0,0,active (bought in last 3 months),Silver,Denver,2023,low,marketing opt-in = 1 (+0.33 logit); membership tier = Silver (+0.18 logit); months of history = 6 (+0.13 logit)
501657,0.0009,0,0,active (bought in last 3 months),Gold,Portland,2023,low,app sessions/month (3m) = 0.3 (+0.53 logit); app sessions/month (6m) = 0.2 (+0.50 logit); email-open trend = -1.7 (+0.45 logit)
501671,0.0009,0,0,active (bought in last 3 months),Silver,Austin,2021,low,marketing opt-in = 1 (+0.33 logit); email-open trend = -1.0 (+0.26 logit); membership tier = Silver (+0.18 logit)
501686,0.0009,0,0,active (bought in last 3 months),Silver,Austin,2024,low,marketing opt-in = 1 (+0.33 logit); emails opened/month (6m) = 0.5 (+0.33 logit); emails opened/month (3m) = 0.5 (+0.18 logit)
500697,0.0009,0,0,active (bought in last 3 months),Gold,Tulsa,2021,low,emails opened/month (6m) = 0.2 (+0.63 logit); home store price tier = Value (+0.35 logit); emails opened/month (3m) = 0.3 (+0.27 logit)
501785,0.0009,0,0,active (bought in last 3 months),Gold,Tulsa,2021,low,home store price tier = Value (+0.35 logit); marketing opt-in = 1 (+0.33 logit); email-open trend = -0.7 (+0.17 logit)
502531,0.0009,0,0,active (bought in last 3 months),Platinum,Tulsa,2022,low,emails opened/month (6m) = 0.2 (+0.63 logit); support tickets/month (3m) = 0.3 (+0.46 logit); emails opened/month (3m) = 0.3 (+0.27 logit)
500131,0.0009,0,0,active (bought in last 3 months),Silver,Boise,2022,low,transaction trend (3m vs prior 3m) = -2.3 (+0.77 logit); marketing opt-in = 1 (+0.33 logit); emails opened/month (6m) = 0.7 (+0.19 logit)
500812,0.0009,0,0,active (bought in last 3 months),Gold,Denver,2022,low,support tickets/month (3m) = 0.7 (+1.23 logit); transaction trend (3m vs prior 3m) = -1.7 (+0.51 logit); marketing opt-in = 1 (+0.33 logit)
500679,0.0009,0,0,active (bought in last 3 months),Gold,Nashville,2022,low,transactions/month (3m) = 1.3 (+0.59 logit); transactions/month (6m) = 1.2 (+0.57 logit); app sessions/month (6m) = 0.2 (+0.53 logit)
502322,0.0009,0,0,active (bought in last 3 months),Silver,Tulsa,2024,low,emails opened/month (6m) = 0.5 (+0.33 logit); emails opened/month (3m) = 0.5 (+0.18 logit); membership tier = Silver (+0.18 logit)
501088,0.0009,0,0,active (bought in last 3 months),Platinum,Spokane,2023,low,marketing opt-in = 1 (+0.33 logit); app session trend = -1.0 (+0.30 logit); email-open trend = -1.0 (+0.26 logit)
500325,0.0009,0,0,active (bought in last 3 months),Silver,Austin,2023,low,home store price tier = Value (+0.35 logit); marketing opt-in = 1 (+0.33 logit); membership tier = Silver (+0.18 logit)
500070,0.0009,0,0,active (bought in last 3 months),Gold,Madison,2023,low,support tickets/month (3m) = 0.3 (+0.46 logit); marketing opt-in = 1 (+0.33 logit); app session trend = -1.0 (+0.30 logit)
500018,0.0009,0,0,active (bought in last 3 months),Gold,Spokane,2022,low,marketing opt-in = 1 (+0.33 logit); months of history = 6 (+0.13 logit); missing months in records (6m) = 0 (+0.10 logit)
502279,0.0009,0,0,active (bought in last 3 months),Silver,Denver,2022,low,marketing opt-in = 1 (+0.33 logit); membership tier = Silver (+0.18 logit); months of history = 6 (+0.13 logit)
502594,0.0009,0,0,active (bought in last 3 months),Silver,Madison,2022,low,transaction trend (3m vs prior 3m) = -1.5 (+0.44 logit); emails opened/month (6m) = 0.6 (+0.24 logit); membership tier = Silver (+0.18 logit)
500667,0.0009,0,0,active (bought in last 3 months),Platinum,Madison,2021,low,app sessions/month (3m) = 0.5 (+0.46 logit); marketing opt-in = 1 (+0.33 logit); app session trend = -1.0 (+0.30 logit)
500051,0.0009,0,0,active (bought in last 3 months),Silver,Boise,2023,low,marketing opt-in = 1 (+0.33 logit); email-open trend = -1.0 (+0.26 logit); app session trend = -0.7 (+0.18 logit)
501542,0.0009,0,0,active (bought in last 3 months),Silver,Columbus,2021,low,support tickets/month (3m) = 0.3 (+0.46 logit); home store price tier = Value (+0.35 logit); marketing opt-in = 1 (+0.33 logit)
501002,0.0009,0,0,active (bought in last 3 months),Silver,Spokane,2021,low,support tickets/month (3m) = 0.3 (+0.46 logit); emails opened/month (6m) = 0.6 (+0.24 logit); support tickets/month (6m) = 0.4 (+0.18 logit)
500488,0.0009,0,0,active (bought in last 3 months),Silver,Columbus,2022,low,support tickets/month (3m) = 0.3 (+0.46 logit); coupons redeemed/month (3m) = 0.0 (+0.41 logit); marketing opt-in = 1 (+0.33 logit)
500080,0.0009,0,0,active (bought in last 3 months),Platinum,Denver,2023,low,app session trend = -1.7 (+0.53 logit); home store price tier = Value (+0.35 logit); marketing opt-in = 1 (+0.33 logit)
502127,0.0008,0,0,active (bought in last 3 months),Silver,Spokane,2023,low,transaction trend (3m vs prior 3m) = -1.5 (+0.44 logit); home store price tier = Value (+0.35 logit); marketing opt-in = 1 (+0.33 logit)
500647,0.0008,0,0,active (bought in last 3 months),Silver,Madison,2021,low,support tickets/month (3m) = 0.3 (+0.46 logit); coupons redeemed/month (3m) = 0.0 (+0.41 logit); home store price tier = Value (+0.35 logit)
502214,0.0008,0,0,active (bought in last 3 months),Silver,Boise,2021,low,app session trend = -1.2 (+0.36 logit); marketing opt-in = 1 (+0.33 logit); transaction trend (3m vs prior 3m) = -1.2 (+0.31 logit)
502505,0.0008,0,0,active (bought in last 3 months),Silver,Denver,2022,low,emails opened/month (6m) = 0.3 (+0.48 logit); transaction trend (3m vs prior 3m) = -1.3 (+0.38 logit); emails opened/month (3m) = 0.3 (+0.27 logit)
500617,0.0008,0,0,active (bought in last 3 months),Platinum,Raleigh,2022,low,support tickets/month (3m) = 0.3 (+0.46 logit); emails opened/month (3m) = 0.3 (+0.27 logit); emails opened/month (6m) = 0.7 (+0.19 logit)
500828,0.0008,0,0,active (bought in last 3 months),Silver,Boise,2022,low,support tickets/month (3m) = 0.3 (+0.46 logit); coupons redeemed/month (3m) = 0.0 (+0.41 logit); emails opened/month (6m) = 0.5 (+0.33 logit)
502028,0.0008,0,0,active (bought in last 3 months),Silver,Spokane,2022,low,app session trend = -1.3 (+0.42 logit); marketing opt-in = 1 (+0.33 logit); membership tier = Silver (+0.18 logit)
500329,0.0008,0,0,active (bought in last 3 months),Gold,Boise,2021,low,marketing opt-in = 1 (+0.33 logit); email-open trend = -1.0 (+0.26 logit); months of history = 6 (+0.13 logit)
502119,0.0008,0,0,active (bought in last 3 months),Gold,Raleigh,2023,low,marketing opt-in = 1 (+0.33 logit); months of history = 6 (+0.13 logit); share of months with a purchase (6m) = 1.0 (+0.05 logit)
500301,0.0008,0,0,active (bought in last 3 months),Silver,Portland,2021,low,app session trend = -3.0 (+1.00 logit); emails opened/month (6m) = 0.2 (+0.63 logit); support tickets/month (3m) = 0.3 (+0.46 logit)
500835,0.0008,0,0,active (bought in last 3 months),Silver,Austin,2023,low,marketing opt-in = 1 (+0.33 logit); membership tier = Silver (+0.18 logit); months of history = 6 (+0.13 logit)
501620,0.0008,0,0,active (bought in last 3 months),Platinum,Tulsa,2024,low,marketing opt-in = 1 (+0.33 logit); missing months in records (6m) = 0 (+0.10 logit); tenure (months) = 2.0 (+0.10 logit)
501488,0.0008,0,0,active (bought in last 3 months),Silver,Raleigh,2021,low,home store price tier = Value (+0.35 logit); emails opened/month (6m) = 0.7 (+0.19 logit); membership tier = Silver (+0.18 logit)
500411,0.0008,0,0,active (bought in last 3 months),Gold,Austin,2022,low,app session trend = -1.7 (+0.53 logit); home store price tier = Value (+0.35 logit); marketing opt-in = 1 (+0.33 logit)
501111,0.0008,0,0,active (bought in last 3 months),Gold,Portland,2023,low,transaction trend (3m vs prior 3m) = -3.3 (+1.16 logit); support tickets/month (3m) = 0.3 (+0.46 logit); home store price tier = Value (+0.35 logit)
502467,0.0008,0,0,active (bought in last 3 months),Silver,Madison,2022,low,home store price tier = Value (+0.35 logit); marketing opt-in = 1 (+0.33 logit); membership tier = Silver (+0.18 logit)
501540,0.0008,0,0,active (bought in last 3 months),Gold,Portland,2021,low,app session trend = -3.0 (+1.00 logit); app sessions/month (3m) = 0.7 (+0.40 logit); marketing opt-in = 1 (+0.33 logit)
500984,0.0008,0,0,active (bought in last 3 months),Gold,Austin,2024,low,emails opened/month (6m) = 0.0 (+0.78 logit); emails opened/month (3m) = 0.0 (+0.45 logit); share of promo transactions (6m) = 0.6 (+0.42 logit)
501593,0.0008,0,0,active (bought in last 3 months),Silver,Boise,2021,low,membership tier = Silver (+0.18 logit); transactions/month (6m) = 3.0 (+0.14 logit); months of history = 6 (+0.13 logit)
501874,0.0008,0,0,active (bought in last 3 months),Silver,Tulsa,2023,low,transactions/month (6m) = 2.0 (+0.38 logit); marketing opt-in = 1 (+0.33 logit); app sessions/month (6m) = 0.8 (+0.32 logit)
501642,0.0008,0,0,active (bought in last 3 months),Platinum,Madison,2022,low,marketing opt-in = 1 (+0.33 logit); months of history = 6 (+0.13 logit); coupons redeemed/month (3m) = 0.3 (+0.12 logit)
502346,0.0008,0,0,active (bought in last 3 months),Gold,Portland,2022,low,emails opened/month (6m) = 0.0 (+0.78 logit); emails opened/month (3m) = 0.0 (+0.45 logit); app session trend = -1.0 (+0.30 logit)
501415,0.0008,0,0,active (bought in last 3 months),Silver,Portland,2023,low,transaction trend (3m vs prior 3m) = -4.7 (+1.68 logit); email-open trend = -1.7 (+0.45 logit); marketing opt-in = 1 (+0.33 logit)
500562,0.0008,0,0,active (bought in last 3 months),Platinum,Columbus,2021,low,emails opened/month (6m) = 0.3 (+0.48 logit); emails opened/month (3m) = 0.0 (+0.45 logit); city = Columbus (+0.32 logit)
500113,0.0008,0,0,active (bought in last 3 months),Silver,Boise,2024,low,home store price tier = Value (+0.35 logit); marketing opt-in = 1 (+0.33 logit); membership tier = Silver (+0.18 logit)
500357,0.0008,0,0,active (bought in last 3 months),Silver,Boise,2023,low,support tickets/month (3m) = 0.3 (+0.46 logit); app session trend = -1.3 (+0.42 logit); marketing opt-in = 1 (+0.33 logit)
501650,0.0008,0,0,active (bought in last 3 months),Platinum,Denver,2023,low,app session trend = -1.7 (+0.53 logit); emails opened/month (6m) = 0.5 (+0.33 logit); categories bought/month (3m) = 1.0 (+0.14 logit)
500355,0.0008,0,0,active (bought in last 3 months),Gold,Spokane,2022,low,support tickets/month (3m) = 0.7 (+1.23 logit); coupons redeemed/month (3m) = 0.0 (+0.41 logit); marketing opt-in = 1 (+0.33 logit)
502129,0.0008,0,0,active (bought in last 3 months),Gold,Boise,2021,low,support tickets/month (3m) = 0.7 (+1.23 logit); transaction trend (3m vs prior 3m) = -2.3 (+0.77 logit); marketing opt-in = 1 (+0.33 logit)
502225,0.0007,0,0,active (bought in last 3 months),Gold,Columbus,2023,low,support tickets/month (3m) = 0.3 (+0.46 logit); marketing opt-in = 1 (+0.33 logit); city = Columbus (+0.32 logit)
502217,0.0007,0,0,active (bought in last 3 months),Silver,Tulsa,2022,low,emails opened/month (6m) = 0.0 (+0.78 logit); emails opened/month (3m) = 0.0 (+0.45 logit); app session trend = -1.2 (+0.36 logit)
502442,0.0007,0,0,active (bought in last 3 months),Gold,Tulsa,2021,low,emails opened/month (6m) = 0.2 (+0.63 logit); emails opened/month (3m) = 0.0 (+0.45 logit); transaction trend (3m vs prior 3m) = -1.3 (+0.38 logit)
500001,0.0007,0,0,active (bought in last 3 months),Silver,Madison,2022,low,emails opened/month (6m) = 0.4 (+0.42 logit); home store price tier = Value (+0.35 logit); marketing opt-in = 1 (+0.33 logit)
501770,0.0007,0,0,active (bought in last 3 months),Gold,Spokane,2022,low,emails opened/month (6m) = 0.2 (+0.63 logit); emails opened/month (3m) = 0.0 (+0.45 logit); home store price tier = Value (+0.35 logit)
500476,0.0007,0,0,active (bought in last 3 months),Silver,Spokane,2022,low,app sessions/month (6m) = 0.5 (+0.42 logit); coupons redeemed/month (3m) = 0.0 (+0.41 logit); app sessions/month (3m) = 0.7 (+0.40 logit)
500270,0.0007,0,0,active (bought in last 3 months),Gold,Raleigh,2024,low,coupons redeemed/month (3m) = 0.0 (+0.41 logit); home store price tier = Value (+0.35 logit); app sessions/month (3m) = 1.0 (+0.27 logit)
501094,0.0007,0,0,active (bought in last 3 months),Silver,Tulsa,2021,low,support tickets/month (3m) = 0.7 (+1.23 logit); app session trend = -1.2 (+0.36 logit); marketing opt-in = 1 (+0.33 logit)
501809,0.0007,0,0,active (bought in last 3 months),Silver,Madison,2023,low,emails opened/month (3m) = 0.0 (+0.45 logit); emails opened/month (6m) = 0.4 (+0.42 logit); membership tier = Silver (+0.18 logit)
501189,0.0007,0,0,active (bought in last 3 months),Silver,Raleigh,2021,low,coupons redeemed/month (3m) = 0.0 (+0.41 logit); marketing opt-in = 1 (+0.33 logit); email-open trend = -1.0 (+0.26 logit)
501510,0.0007,0,0,active (bought in last 3 months),Gold,Columbus,2024,low,coupons redeemed/month (3m) = 0.0 (+0.41 logit); city = Columbus (+0.32 logit); coupons redeemed/month (6m) = 0.0 (+0.20 logit)
501787,0.0007,0,0,active (bought in last 3 months),Gold,Portland,2022,low,emails opened/month (6m) = 0.5 (+0.33 logit); emails opened/month (3m) = 0.3 (+0.27 logit); months of history = 6 (+0.13 logit)
500554,0.0007,0,0,active (bought in last 3 months),Platinum,Portland,2021,low,support tickets/month (3m) = 0.3 (+0.46 logit); marketing opt-in = 1 (+0.33 logit); months of history = 6 (+0.13 logit)
501214,0.0007,0,0,active (bought in last 3 months),Gold,Nashville,2022,low,emails opened/month (6m) = 0.2 (+0.63 logit); emails opened/month (3m) = 0.0 (+0.45 logit); transaction trend (3m vs prior 3m) = -1.3 (+0.38 logit)
500304,0.0007,0,0,active (bought in last 3 months),Platinum,Nashville,2022,low,emails opened/month (6m) = 0.3 (+0.48 logit); emails opened/month (3m) = 0.3 (+0.27 logit); share of promo transactions (6m) = 0.5 (+0.20 logit)
501565,0.0007,0,0,active (bought in last 3 months),Silver,Austin,2021,low,coupons redeemed/month (3m) = 0.0 (+0.41 logit); email-open trend = -1.5 (+0.40 logit); marketing opt-in = 1 (+0.33 logit)
500112,0.0007,0,0,active (bought in last 3 months),Silver,Madison,2021,low,emails opened/month (3m) = 0.0 (+0.45 logit); home store price tier = Value (+0.35 logit); emails opened/month (6m) = 0.5 (+0.33 logit)
501115,0.0007,0,0,active (bought in last 3 months),Gold,Nashville,2023,low,emails opened/month (6m) = 0.0 (+0.78 logit); emails opened/month (3m) = 0.0 (+0.45 logit); coupons redeemed/month (3m) = 0.0 (+0.41 logit)
502038,0.0007,0,0,active (bought in last 3 months),Silver,Columbus,2022,low,transaction trend (3m vs prior 3m) = -2.2 (+0.70 logit); email-open trend = -1.8 (+0.50 logit); marketing opt-in = 1 (+0.33 logit)
500422,0.0007,0,0,active (bought in last 3 months),Silver,Nashville,2023,low,support tickets/month (3m) = 0.3 (+0.46 logit); home store price tier = Value (+0.35 logit); marketing opt-in = 1 (+0.33 logit)
500986,0.0007,0,0,active (bought in last 3 months),Silver,Denver,2022,low,support tickets/month (3m) = 0.5 (+0.84 logit); marketing opt-in = 1 (+0.33 logit); membership tier = Silver (+0.18 logit)
501957,0.0007,0,0,active (bought in last 3 months),Platinum,Boise,2023,low,transactions/month (3m) = 1.7 (+0.50 logit); transactions/month (6m) = 1.7 (+0.45 logit); marketing opt-in = 1 (+0.33 logit)
502377,0.0006,0,0,active (bought in last 3 months),Silver,Raleigh,2023,low,app session trend = -1.7 (+0.53 logit); marketing opt-in = 1 (+0.33 logit); membership tier = Silver (+0.18 logit)
500136,0.0006,0,0,active (bought in last 3 months),Gold,Columbus,2022,low,home store price tier = Value (+0.35 logit); city = Columbus (+0.32 logit); emails opened/month (6m) = 0.7 (+0.19 logit)
502515,0.0006,0,0,active (bought in last 3 months),Silver,Raleigh,2023,low,support tickets/month (3m) = 0.3 (+0.46 logit); coupons redeemed/month (3m) = 0.0 (+0.41 logit); home store price tier = Value (+0.35 logit)
501093,0.0006,0,0,active (bought in last 3 months),Platinum,Denver,2022,low,marketing opt-in = 1 (+0.33 logit); app sessions/month (6m) = 1.2 (+0.19 logit); months of history = 6 (+0.13 logit)
500670,0.0006,0,0,active (bought in last 3 months),Silver,Raleigh,2023,low,email-open trend = -1.3 (+0.36 logit); marketing opt-in = 1 (+0.33 logit); app session trend = -1.0 (+0.30 logit)
502354,0.0006,0,0,active (bought in last 3 months),Gold,Denver,2021,low,transaction trend (3m vs prior 3m) = -3.0 (+1.03 logit); emails opened/month (6m) = 0.3 (+0.48 logit); emails opened/month (3m) = 0.0 (+0.45 logit)
500110,0.0006,0,0,active (bought in last 3 months),Platinum,Madison,2023,low,emails opened/month (6m) = 0.3 (+0.48 logit); home store price tier = Value (+0.35 logit); support tickets/month (6m) = 0.3 (+0.14 logit)
502411,0.0006,0,0,active (bought in last 3 months),Gold,Denver,2023,low,marketing opt-in = 1 (+0.33 logit); coupons redeemed/month (3m) = 0.3 (+0.12 logit); missing months in records (6m) = 0 (+0.10 logit)
502319,0.0006,0,0,active (bought in last 3 months),Gold,Denver,2024,low,emails opened/month (6m) = 0.0 (+0.78 logit); emails opened/month (3m) = 0.0 (+0.45 logit); coupons redeemed/month (3m) = 0.0 (+0.41 logit)
501025,0.0006,0,0,active (bought in last 3 months),Silver,Raleigh,2022,low,support tickets/month (3m) = 0.3 (+0.46 logit); marketing opt-in = 1 (+0.33 logit); membership tier = Silver (+0.18 logit)
501577,0.0006,0,0,active (bought in last 3 months),Gold,Nashville,2022,low,emails opened/month (6m) = 0.3 (+0.48 logit); emails opened/month (3m) = 0.0 (+0.45 logit); email-open trend = -0.7 (+0.17 logit)
501587,0.0006,0,0,active (bought in last 3 months),Gold,Boise,2023,low,transaction trend (3m vs prior 3m) = -1.3 (+0.38 logit); home store price tier = Value (+0.35 logit); marketing opt-in = 1 (+0.33 logit)
502499,0.0006,0,0,active (bought in last 3 months),Silver,Columbus,2021,low,email-open trend = -2.3 (+0.64 logit); coupons redeemed/month (3m) = 0.0 (+0.41 logit); home store price tier = Value (+0.35 logit)
502098,0.0006,0,0,active (bought in last 3 months),Gold,Raleigh,2023,low,marketing opt-in = 1 (+0.33 logit); transaction trend (3m vs prior 3m) = -1.0 (+0.25 logit); months of history = 6 (+0.13 logit)
501020,0.0006,0,0,active (bought in last 3 months),Silver,Raleigh,2023,low,app session trend = -1.5 (+0.47 logit); home store price tier = Value (+0.35 logit); marketing opt-in = 1 (+0.33 logit)
501010,0.0006,0,0,active (bought in last 3 months),Platinum,Raleigh,2021,low,transaction trend (3m vs prior 3m) = -2.3 (+0.77 logit); home store price tier = Value (+0.35 logit); marketing opt-in = 1 (+0.33 logit)
500097,0.0006,0,0,active (bought in last 3 months),Silver,Portland,2021,low,marketing opt-in = 1 (+0.33 logit); transaction trend (3m vs prior 3m) = -1.0 (+0.25 logit); membership tier = Silver (+0.18 logit)
500765,0.0006,0,0,active (bought in last 3 months),Gold,Boise,2023,low,emails opened/month (6m) = 0.0 (+0.78 logit); support tickets/month (3m) = 0.3 (+0.46 logit); emails opened/month (3m) = 0.0 (+0.45 logit)
500307,0.0006,0,0,active (bought in last 3 months),Gold,Spokane,2023,low,marketing opt-in = 1 (+0.33 logit); months of history = 6 (+0.13 logit); missing months in records (6m) = 0 (+0.10 logit)
501316,0.0006,0,0,active (bought in last 3 months),Platinum,Tulsa,2022,low,app session trend = -1.3 (+0.42 logit); transaction trend (3m vs prior 3m) = -1.3 (+0.38 logit); marketing opt-in = 1 (+0.33 logit)
500622,0.0006,0,0,active (bought in last 3 months),Silver,Austin,2023,low,transaction trend (3m vs prior 3m) = -3.0 (+1.03 logit); support tickets/month (3m) = 0.3 (+0.46 logit); marketing opt-in = 1 (+0.33 logit)
500861,0.0006,0,0,active (bought in last 3 months),Silver,Raleigh,2021,low,home store price tier = Value (+0.35 logit); marketing opt-in = 1 (+0.33 logit); membership tier = Silver (+0.18 logit)
500181,0.0006,0,0,active (bought in last 3 months),Gold,Spokane,2023,low,emails opened/month (6m) = 0.5 (+0.33 logit); app session trend = -1.0 (+0.30 logit); emails opened/month (3m) = 0.3 (+0.27 logit)
500457,0.0006,0,0,active (bought in last 3 months),Silver,Raleigh,2021,low,support tickets/month (3m) = 0.3 (+0.46 logit); membership tier = Silver (+0.18 logit); months of history = 6 (+0.13 logit)
501933,0.0006,0,0,active (bought in last 3 months),Silver,Tulsa,2021,low,marketing opt-in = 1 (+0.33 logit); membership tier = Silver (+0.18 logit); months of history = 6 (+0.13 logit)
501925,0.0006,0,0,active (bought in last 3 months),Silver,Denver,2024,low,emails opened/month (6m) = 0.0 (+0.78 logit); emails opened/month (3m) = 0.0 (+0.45 logit); share of promo transactions (6m) = 0.6 (+0.44 logit)
502487,0.0006,0,0,active (bought in last 3 months),Gold,Tulsa,2022,low,emails opened/month (6m) = 0.5 (+0.33 logit); support tickets/month (6m) = 0.3 (+0.14 logit); months of history = 6 (+0.13 logit)
501314,0.0006,0,0,active (bought in last 3 months),Silver,Denver,2021,low,transaction trend (3m vs prior 3m) = -1.5 (+0.44 logit); marketing opt-in = 1 (+0.33 logit); email-open trend = -1.2 (+0.31 logit)
501396,0.0006,0,0,active (bought in last 3 months),Gold,Nashville,2021,low,app session trend = -2.3 (+0.77 logit); marketing opt-in = 1 (+0.33 logit); email-open trend = -0.7 (+0.17 logit)
501400,0.0006,0,0,active (bought in last 3 months),Gold,Austin,2023,low,app sessions/month (6m) = 0.7 (+0.37 logit); app sessions/month (3m) = 1.0 (+0.27 logit); emails opened/month (6m) = 0.7 (+0.19 logit)
500212,0.0006,0,0,active (bought in last 3 months),Gold,Madison,2021,low,emails opened/month (3m) = 0.0 (+0.45 logit); marketing opt-in = 1 (+0.33 logit); app sessions/month (3m) = 1.0 (+0.27 logit)
500184,0.0006,0,0,active (bought in last 3 months),Gold,Nashville,2022,low,transaction trend (3m vs prior 3m) = -1.3 (+0.38 logit); home store price tier = Value (+0.35 logit); marketing opt-in = 1 (+0.33 logit)
501215,0.0006,0,0,active (bought in last 3 months),Silver,Denver,2023,low,support tickets/month (3m) = 0.3 (+0.46 logit); membership tier = Silver (+0.18 logit); support tickets/month (6m) = 0.3 (+0.14 logit)
502445,0.0006,0,0,active (bought in last 3 months),Gold,Tulsa,2021,low,transaction trend (3m vs prior 3m) = -1.3 (+0.38 logit); home store price tier = Value (+0.35 logit); marketing opt-in = 1 (+0.33 logit)
500550,0.0006,0,0,active (bought in last 3 months),Platinum,Denver,2023,low,support tickets/month (3m) = 0.3 (+0.46 logit); emails opened/month (6m) = 0.4 (+0.42 logit); emails opened/month (3m) = 0.3 (+0.27 logit)
501437,0.0006,0,0,active (bought in last 3 months),Silver,Denver,2021,low,emails opened/month (6m) = 0.0 (+0.78 logit); emails opened/month (3m) = 0.0 (+0.45 logit); membership tier = Silver (+0.18 logit)
501205,0.0006,0,0,active (bought in last 3 months),Silver,Spokane,2021,low,support tickets/month (3m) = 0.3 (+0.46 logit); marketing opt-in = 1 (+0.33 logit); app session trend = -0.7 (+0.18 logit)
500188,0.0006,0,0,active (bought in last 3 months),Silver,Spokane,2023,low,home store price tier = Value (+0.35 logit); marketing opt-in = 1 (+0.33 logit); membership tier = Silver (+0.18 logit)
501315,0.0006,0,0,active (bought in last 3 months),Silver,Denver,2022,low,transaction trend (3m vs prior 3m) = -2.5 (+0.83 logit); emails opened/month (6m) = 0.2 (+0.55 logit); app session trend = -1.5 (+0.47 logit)
500608,0.0006,0,0,active (bought in last 3 months),Silver,Austin,2022,low,emails opened/month (6m) = 0.3 (+0.48 logit); support tickets/month (3m) = 0.3 (+0.46 logit); emails opened/month (3m) = 0.3 (+0.27 logit)
502074,0.0006,0,0,active (bought in last 3 months),Silver,Denver,2023,low,support tickets/month (3m) = 0.3 (+0.46 logit); marketing opt-in = 1 (+0.33 logit); membership tier = Silver (+0.18 logit)
501280,0.0006,0,0,active (bought in last 3 months),Gold,Denver,2021,low,marketing opt-in = 1 (+0.33 logit); app sessions/month (3m) = 1.0 (+0.27 logit); app sessions/month (6m) = 1.2 (+0.19 logit)
500967,0.0005,0,0,active (bought in last 3 months),Gold,Denver,2023,low,app session trend = -2.7 (+0.88 logit); emails opened/month (6m) = 0.3 (+0.48 logit); emails opened/month (3m) = 0.3 (+0.27 logit)
500318,0.0005,0,0,active (bought in last 3 months),Silver,Tulsa,2021,low,transaction trend (3m vs prior 3m) = -1.7 (+0.51 logit); home store price tier = Value (+0.35 logit); marketing opt-in = 1 (+0.33 logit)
502223,0.0005,0,0,active (bought in last 3 months),Platinum,Portland,2022,low,support tickets/month (3m) = 0.7 (+1.23 logit); marketing opt-in = 1 (+0.33 logit); support tickets/month (6m) = 0.3 (+0.14 logit)
501629,0.0005,0,0,active (bought in last 3 months),Silver,Denver,2023,low,home store price tier = Value (+0.35 logit); marketing opt-in = 1 (+0.33 logit); support tickets/month (6m) = 0.4 (+0.18 logit)
501341,0.0005,0,0,active (bought in last 3 months),Platinum,Portland,2021,low,transaction trend (3m vs prior 3m) = -1.3 (+0.38 logit); marketing opt-in = 1 (+0.33 logit); email-open trend = -1.0 (+0.26 logit)
501465,0.0005,0,0,active (bought in last 3 months),Gold,Denver,2023,low,coupons redeemed/month (3m) = 0.0 (+0.41 logit); transaction trend (3m vs prior 3m) = -1.2 (+0.31 logit); coupons redeemed/month (6m) = 0.0 (+0.20 logit)
500174,0.0005,0,0,active (bought in last 3 months),Silver,Portland,2023,low,marketing opt-in = 1 (+0.33 logit); app sessions/month (6m) = 1.2 (+0.19 logit); membership tier = Silver (+0.18 logit)
501555,0.0005,0,0,active (bought in last 3 months),Silver,Madison,2023,low,transaction trend (3m vs prior 3m) = -1.3 (+0.38 logit); marketing opt-in = 1 (+0.33 logit); membership tier = Silver (+0.18 logit)
502270,0.0005,0,0,active (bought in last 3 months),Silver,Tulsa,2021,low,emails opened/month (6m) = 0.3 (+0.48 logit); emails opened/month (3m) = 0.0 (+0.45 logit); coupons redeemed/month (3m) = 0.0 (+0.41 logit)
501532,0.0005,0,0,active (bought in last 3 months),Silver,Columbus,2021,low,emails opened/month (6m) = 0.5 (+0.33 logit); city = Columbus (+0.32 logit); membership tier = Silver (+0.18 logit)
501035,0.0005,0,0,active (bought in last 3 months),Silver,Portland,2023,low,support tickets/month (3m) = 0.3 (+0.46 logit); emails opened/month (6m) = 0.7 (+0.19 logit); membership tier = Silver (+0.18 logit)
502289,0.0005,0,0,active (bought in last 3 months),Gold,Madison,2022,low,support tickets/month (3m) = 0.3 (+0.46 logit); email-open trend = -1.3 (+0.36 logit); home store price tier = Value (+0.35 logit)
501447,0.0005,0,0,active (bought in last 3 months),Gold,Spokane,2023,low,app session trend = -2.3 (+0.77 logit); coupons redeemed/month (3m) = 0.0 (+0.41 logit); app sessions/month (3m) = 0.7 (+0.40 logit)
501452,0.0005,0,0,active (bought in last 3 months),Gold,Raleigh,2021,low,coupons redeemed/month (3m) = 0.0 (+0.41 logit); marketing opt-in = 1 (+0.33 logit); coupons redeemed/month (6m) = 0.2 (+0.13 logit)
501143,0.0005,0,0,active (bought in last 3 months),Platinum,Austin,2022,low,coupons redeemed/month (3m) = 0.0 (+0.41 logit); transaction trend (3m vs prior 3m) = -1.3 (+0.38 logit); app session trend = -0.7 (+0.18 logit)
502269,0.0005,0,0,active (bought in last 3 months),Platinum,Madison,2021,low,transaction trend (3m vs prior 3m) = -1.3 (+0.38 logit); marketing opt-in = 1 (+0.33 logit); app session trend = -1.0 (+0.30 logit)
501006,0.0005,0,0,active (bought in last 3 months),Platinum,Spokane,2022,low,support tickets/month (3m) = 0.3 (+0.46 logit); home store price tier = Value (+0.35 logit); marketing opt-in = 1 (+0.33 logit)
500420,0.0005,0,0,active (bought in last 3 months),Gold,Columbus,2023,low,transaction trend (3m vs prior 3m) = -2.3 (+0.77 logit); marketing opt-in = 1 (+0.33 logit); city = Columbus (+0.32 logit)
501651,0.0005,0,0,active (bought in last 3 months),Silver,Madison,2021,low,marketing opt-in = 1 (+0.33 logit); app session trend = -1.0 (+0.30 logit); membership tier = Silver (+0.18 logit)
502002,0.0005,0,0,active (bought in last 3 months),Gold,Nashville,2023,low,transaction trend (3m vs prior 3m) = -2.5 (+0.83 logit); home store price tier = Value (+0.35 logit); missing months in records (6m) = 0 (+0.10 logit)
500021,0.0005,0,0,active (bought in last 3 months),Gold,Raleigh,2022,low,emails opened/month (6m) = 0.2 (+0.63 logit); app session trend = -1.7 (+0.53 logit); emails opened/month (3m) = 0.3 (+0.27 logit)
502431,0.0005,0,0,active (bought in last 3 months),Gold,Raleigh,2021,low,support tickets/month (3m) = 0.7 (+1.23 logit); emails opened/month (6m) = 0.3 (+0.48 logit); emails opened/month (3m) = 0.3 (+0.27 logit)
500616,0.0005,0,0,active (bought in last 3 months),Gold,Austin,2021,low,app session trend = -2.3 (+0.77 logit); marketing opt-in = 1 (+0.33 logit); app sessions/month (3m) = 1.3 (+0.14 logit)
501832,0.0005,0,0,active (bought in last 3 months),Silver,Portland,2023,low,coupons redeemed/month (3m) = 0.0 (+0.41 logit); marketing opt-in = 1 (+0.33 logit); membership tier = Silver (+0.18 logit)
500378,0.0005,0,0,active (bought in last 3 months),Silver,Austin,2021,low,marketing opt-in = 1 (+0.33 logit); categories bought/month (3m) = 0.7 (+0.19 logit); membership tier = Silver (+0.18 logit)
500664,0.0005,0,0,active (bought in last 3 months),Silver,Austin,2023,low,home store price tier = Value (+0.35 logit); marketing opt-in = 1 (+0.33 logit); membership tier = Silver (+0.18 logit)
500730,0.0005,0,0,active (bought in last 3 months),Platinum,Raleigh,2024,low,support tickets/month (3m) = 0.5 (+0.84 logit); home store price tier = Value (+0.35 logit); marketing opt-in = 1 (+0.33 logit)
501751,0.0005,0,0,active (bought in last 3 months),Gold,Portland,2022,low,emails opened/month (6m) = 0.5 (+0.33 logit); coupons redeemed/month (6m) = 0.2 (+0.13 logit); months of history = 6 (+0.13 logit)
500446,0.0005,0,0,active (bought in last 3 months),Gold,Boise,2023,low,transaction trend (3m vs prior 3m) = -6.7 (+2.46 logit); support tickets/month (3m) = 0.3 (+0.46 logit); marketing opt-in = 1 (+0.33 logit)
502369,0.0005,0,0,active (bought in last 3 months),Silver,Madison,2023,low,app session trend = -1.7 (+0.53 logit); coupons redeemed/month (3m) = 0.0 (+0.41 logit); marketing opt-in = 1 (+0.33 logit)
500408,0.0005,0,0,active (bought in last 3 months),Silver,Tulsa,2022,low,transaction trend (3m vs prior 3m) = -1.7 (+0.51 logit); email-open trend = -1.3 (+0.36 logit); home store price tier = Value (+0.35 logit)
500840,0.0005,0,0,active (bought in last 3 months),Gold,Austin,2023,low,emails opened/month (6m) = 0.3 (+0.48 logit); support tickets/month (3m) = 0.3 (+0.46 logit); emails opened/month (3m) = 0.0 (+0.45 logit)
500439,0.0005,0,0,active (bought in last 3 months),Gold,Portland,2021,low,transaction trend (3m vs prior 3m) = -1.7 (+0.51 logit); marketing opt-in = 1 (+0.33 logit); app sessions/month (6m) = 1.2 (+0.19 logit)
500733,0.0005,0,0,active (bought in last 3 months),Gold,Tulsa,2023,low,home store price tier = Value (+0.35 logit); marketing opt-in = 1 (+0.33 logit); emails opened/month (6m) = 0.5 (+0.33 logit)
500512,0.0005,0,0,active (bought in last 3 months),Silver,Raleigh,2021,low,emails opened/month (6m) = 0.0 (+0.78 logit); support tickets/month (3m) = 0.3 (+0.46 logit); emails opened/month (3m) = 0.0 (+0.45 logit)
500330,0.0005,0,0,active (bought in last 3 months),Silver,Denver,2022,low,emails opened/month (6m) = 0.3 (+0.48 logit); emails opened/month (3m) = 0.0 (+0.45 logit); membership tier = Silver (+0.18 logit)
502356,0.0005,0,0,active (bought in last 3 months),Silver,Columbus,2021,low,transaction trend (3m vs prior 3m) = -1.7 (+0.51 logit); city = Columbus (+0.32 logit); emails opened/month (6m) = 0.7 (+0.19 logit)
500267,0.0004,0,0,active (bought in last 3 months),Gold,Nashville,2024,low,marketing opt-in = 1 (+0.33 logit); missing months in records (6m) = 0 (+0.10 logit); tenure (months) = 2.4 (+0.09 logit)
500373,0.0004,0,0,active (bought in last 3 months),Silver,Madison,2022,low,emails opened/month (6m) = 0.3 (+0.48 logit); transaction trend (3m vs prior 3m) = -1.3 (+0.38 logit); emails opened/month (3m) = 0.3 (+0.27 logit)
502286,0.0004,0,0,active (bought in last 3 months),Platinum,Spokane,2023,low,marketing opt-in = 1 (+0.33 logit); transaction trend (3m vs prior 3m) = -1.0 (+0.25 logit); support tickets/month (6m) = 0.3 (+0.14 logit)
500040,0.0004,0,0,active (bought in last 3 months),Silver,Nashville,2022,low,marketing opt-in = 1 (+0.33 logit); membership tier = Silver (+0.18 logit); months of history = 6 (+0.13 logit)
500915,0.0004,0,0,active (bought in last 3 months),Gold,Portland,2023,low,support tickets/month (3m) = 0.3 (+0.46 logit); emails opened/month (3m) = 0.0 (+0.45 logit); coupons redeemed/month (3m) = 0.0 (+0.41 logit)
500910,0.0004,0,0,active (bought in last 3 months),Silver,Nashville,2022,low,emails opened/month (6m) = 0.6 (+0.24 logit); membership tier = Silver (+0.18 logit); coupon trend = -1.7 (+0.17 logit)
502351,0.0004,0,0,active (bought in last 3 months),Silver,Boise,2022,low,transaction trend (3m vs prior 3m) = -2.3 (+0.77 logit); home store price tier = Value (+0.35 logit); marketing opt-in = 1 (+0.33 logit)
501637,0.0004,0,0,active (bought in last 3 months),Silver,Boise,2022,low,email-open trend = -1.7 (+0.45 logit); marketing opt-in = 1 (+0.33 logit); app session trend = -0.7 (+0.18 logit)
500507,0.0004,0,0,active (bought in last 3 months),Silver,Boise,2022,low,coupons redeemed/month (3m) = 0.0 (+0.41 logit); marketing opt-in = 1 (+0.33 logit); app sessions/month (6m) = 1.0 (+0.25 logit)
500277,0.0004,0,0,active (bought in last 3 months),Gold,Madison,2021,low,home store price tier = Value (+0.35 logit); marketing opt-in = 1 (+0.33 logit); gender = Unknown (+0.32 logit)
501412,0.0004,0,0,active (bought in last 3 months),Silver,Denver,2023,low,marketing opt-in = 1 (+0.33 logit); membership tier = Silver (+0.18 logit); months of history = 6 (+0.13 logit)
501319,0.0004,0,0,active (bought in last 3 months),Gold,Columbus,2021,low,support tickets/month (3m) = 0.3 (+0.46 logit); home store price tier = Value (+0.35 logit); marketing opt-in = 1 (+0.33 logit)
500168,0.0004,0,0,active (bought in last 3 months),Gold,Boise,2022,low,email-open trend = -1.8 (+0.50 logit); marketing opt-in = 1 (+0.33 logit); app session trend = -0.7 (+0.18 logit)
500253,0.0004,0,0,active (bought in last 3 months),Silver,Raleigh,2023,low,email-open trend = -1.8 (+0.50 logit); marketing opt-in = 1 (+0.33 logit); membership tier = Silver (+0.18 logit)
502242,0.0004,0,0,active (bought in last 3 months),Silver,Columbus,2021,low,transaction trend (3m vs prior 3m) = -2.3 (+0.77 logit); city = Columbus (+0.32 logit); emails opened/month (3m) = 0.3 (+0.27 logit)
500536,0.0004,0,0,active (bought in last 3 months),Gold,Boise,2022,low,transaction trend (3m vs prior 3m) = -1.7 (+0.51 logit); coupons redeemed/month (3m) = 0.0 (+0.41 logit); marketing opt-in = 1 (+0.33 logit)
500974,0.0004,0,0,active (bought in last 3 months),Silver,Raleigh,2023,low,emails opened/month (6m) = 0.2 (+0.60 logit); coupons redeemed/month (3m) = 0.0 (+0.41 logit); emails opened/month (3m) = 0.3 (+0.27 logit)
501276,0.0004,0,0,active (bought in last 3 months),Silver,Columbus,2022,low,support tickets/month (3m) = 0.3 (+0.46 logit); marketing opt-in = 1 (+0.33 logit); city = Columbus (+0.32 logit)
500479,0.0004,0,0,active (bought in last 3 months),Silver,Portland,2022,low,marketing opt-in = 1 (+0.33 logit); app session trend = -1.0 (+0.30 logit); membership tier = Silver (+0.18 logit)
502462,0.0004,0,0,active (bought in last 3 months),Silver,Portland,2022,low,emails opened/month (6m) = 0.2 (+0.63 logit); coupons redeemed/month (3m) = 0.0 (+0.41 logit); emails opened/month (3m) = 0.3 (+0.27 logit)
501344,0.0004,0,0,active (bought in last 3 months),Silver,Denver,2023,low,email-open trend = -3.0 (+0.83 logit); transaction trend (3m vs prior 3m) = -1.3 (+0.38 logit); home store price tier = Value (+0.35 logit)
500938,0.0004,0,0,active (bought in last 3 months),Gold,Denver,2023,low,transaction trend (3m vs prior 3m) = -1.7 (+0.51 logit); emails opened/month (6m) = 0.3 (+0.48 logit); emails opened/month (3m) = 0.3 (+0.27 logit)
500347,0.0004,0,0,active (bought in last 3 months),Silver,Austin,2023,low,home store price tier = Value (+0.35 logit); marketing opt-in = 1 (+0.33 logit); email-open trend = -1.0 (+0.26 logit)
501557,0.0004,0,0,active (bought in last 3 months),Silver,Boise,2023,low,marketing opt-in = 1 (+0.33 logit); app session trend = -1.0 (+0.30 logit); membership tier = Silver (+0.18 logit)
500735,0.0004,0,0,active (bought in last 3 months),Silver,Raleigh,2022,low,transaction trend (3m vs prior 3m) = -4.3 (+1.55 logit); marketing opt-in = 1 (+0.33 logit); membership tier = Silver (+0.18 logit)
502465,0.0004,0,0,active (bought in last 3 months),Gold,Columbus,2022,low,support tickets/month (3m) = 0.3 (+0.46 logit); transaction trend (3m vs prior 3m) = -1.3 (+0.38 logit); marketing opt-in = 1 (+0.33 logit)
500323,0.0004,0,0,active (bought in last 3 months),Silver,Portland,2022,low,membership tier = Silver (+0.18 logit); months of history = 6 (+0.13 logit); missing months in records (6m) = 0 (+0.10 logit)
501796,0.0004,0,0,active (bought in last 3 months),Silver,Raleigh,2022,low,support tickets/month (3m) = 0.3 (+0.46 logit); marketing opt-in = 1 (+0.33 logit); membership tier = Silver (+0.18 logit)
502584,0.0004,0,0,active (bought in last 3 months),Silver,Boise,2023,low,home store price tier = Value (+0.35 logit); membership tier = Silver (+0.18 logit); email-open trend = -0.7 (+0.17 logit)
501432,0.0004,0,0,active (bought in last 3 months),Gold,Tulsa,2023,low,marketing opt-in = 1 (+0.33 logit); months of history = 6 (+0.13 logit); missing months in records (6m) = 0 (+0.10 logit)
501366,0.0004,0,0,active (bought in last 3 months),Gold,Boise,2021,low,coupons redeemed/month (3m) = 0.0 (+0.41 logit); home store price tier = Value (+0.35 logit); marketing opt-in = 1 (+0.33 logit)
501618,0.0004,0,0,active (bought in last 3 months),Silver,Madison,2022,low,transaction trend (3m vs prior 3m) = -3.2 (+1.09 logit); support tickets/month (3m) = 0.5 (+0.84 logit); marketing opt-in = 1 (+0.33 logit)
500695,0.0004,0,0,active (bought in last 3 months),Gold,Columbus,2024,low,home store price tier = Value (+0.35 logit); marketing opt-in = 1 (+0.33 logit); city = Columbus (+0.32 logit)
500291,0.0004,0,0,active (bought in last 3 months),Gold,Nashville,2023,low,email-open trend = -1.3 (+0.36 logit); marketing opt-in = 1 (+0.33 logit); app session trend = -1.0 (+0.30 logit)
501283,0.0003,0,0,active (bought in last 3 months),Silver,Tulsa,2022,low,emails opened/month (6m) = 0.2 (+0.63 logit); emails opened/month (3m) = 0.0 (+0.45 logit); home store price tier = Value (+0.35 logit)
500506,0.0003,0,0,active (bought in last 3 months),Gold,Raleigh,2021,low,home store price tier = Value (+0.35 logit); marketing opt-in = 1 (+0.33 logit); months of history = 6 (+0.13 logit)
501242,0.0003,0,0,active (bought in last 3 months),Silver,Boise,2023,low,marketing opt-in = 1 (+0.33 logit); membership tier = Silver (+0.18 logit); months of history = 6 (+0.13 logit)
501223,0.0003,0,0,active (bought in last 3 months),Silver,Raleigh,2023,low,marketing opt-in = 1 (+0.33 logit); membership tier = Silver (+0.18 logit); months of history = 6 (+0.13 logit)
500505,0.0003,0,0,active (bought in last 3 months),Silver,Spokane,2024,low,transactions/month (3m) = 1.0 (+0.68 logit); transactions/month (6m) = 1.0 (+0.61 logit); home store price tier = Value (+0.35 logit)
502475,0.0003,0,0,active (bought in last 3 months),Gold,Raleigh,2021,low,marketing opt-in = 1 (+0.33 logit); months of history = 6 (+0.13 logit); share of months with a purchase (6m) = 1.0 (+0.05 logit)
501271,0.0003,0,0,active (bought in last 3 months),Silver,Boise,2021,low,transaction trend (3m vs prior 3m) = -2.7 (+0.90 logit); emails opened/month (3m) = 0.0 (+0.45 logit); email-open trend = -1.3 (+0.36 logit)
502471,0.0003,0,0,active (bought in last 3 months),Silver,Boise,2022,low,email-open trend = -1.7 (+0.45 logit); marketing opt-in = 1 (+0.33 logit); membership tier = Silver (+0.18 logit)
502513,0.0003,0,0,active (bought in last 3 months),Platinum,Tulsa,2021,low,months of history = 6 (+0.13 logit); transaction trend (3m vs prior 3m) = -0.7 (+0.12 logit); missing months in records (6m) = 0 (+0.10 logit)
500561,0.0003,0,0,active (bought in last 3 months),Silver,Raleigh,2021,low,transaction trend (3m vs prior 3m) = -3.7 (+1.29 logit); app session trend = -1.3 (+0.42 logit); marketing opt-in = 1 (+0.33 logit)
501009,0.0003,0,0,active (bought in last 3 months),Gold,Boise,2023,low,emails opened/month (3m) = 0.3 (+0.27 logit); emails opened/month (6m) = 0.7 (+0.19 logit); email-open trend = -0.7 (+0.17 logit)
500859,0.0003,0,0,active (bought in last 3 months),Silver,Spokane,2021,low,coupons redeemed/month (3m) = 0.0 (+0.41 logit); marketing opt-in = 1 (+0.33 logit); membership tier = Silver (+0.18 logit)
502327,0.0003,0,0,active (bought in last 3 months),Silver,Madison,2021,low,marketing opt-in = 1 (+0.33 logit); app session trend = -0.7 (+0.18 logit); membership tier = Silver (+0.18 logit)
502361,0.0003,0,0,active (bought in last 3 months),Silver,Raleigh,2023,low,email-open trend = -1.5 (+0.40 logit); marketing opt-in = 1 (+0.33 logit); gender = Unknown (+0.32 logit)
500345,0.0003,0,0,active (bought in last 3 months),Silver,Denver,2023,low,membership tier = Silver (+0.18 logit); emails opened/month (6m) = 0.8 (+0.11 logit); missing months in records (6m) = 0 (+0.10 logit)
500841,0.0003,0,0,active (bought in last 3 months),Silver,Boise,2022,low,coupons redeemed/month (3m) = 0.0 (+0.41 logit); marketing opt-in = 1 (+0.33 logit); spend/month (6m) = 52.4 (+0.21 logit)
500839,0.0003,0,0,active (bought in last 3 months),Silver,Columbus,2021,low,support tickets/month (3m) = 0.3 (+0.46 logit); home store price tier = Value (+0.35 logit); marketing opt-in = 1 (+0.33 logit)
500777,0.0003,0,0,active (bought in last 3 months),Silver,Austin,2024,low,home store price tier = Value (+0.35 logit); membership tier = Silver (+0.18 logit); missing months in records (6m) = 0 (+0.10 logit)
502310,0.0003,0,0,active (bought in last 3 months),Silver,Denver,2023,low,home store price tier = Value (+0.35 logit); membership tier = Silver (+0.18 logit); months of history = 6 (+0.13 logit)
502306,0.0003,0,0,active (bought in last 3 months),Platinum,Madison,2021,low,marketing opt-in = 1 (+0.33 logit); app session trend = -1.0 (+0.30 logit); average basket (6m) = 58.3 (+0.15 logit)
500731,0.0003,0,0,active (bought in last 3 months),Silver,Nashville,2023,low,marketing opt-in = 1 (+0.33 logit); app sessions/month (3m) = 1.0 (+0.27 logit); app sessions/month (6m) = 1.0 (+0.25 logit)
500382,0.0003,0,0,active (bought in last 3 months),Silver,Spokane,2023,low,marketing opt-in = 1 (+0.33 logit); membership tier = Silver (+0.18 logit); months of history = 6 (+0.13 logit)
501050,0.0003,0,0,active (bought in last 3 months),Silver,Denver,2023,low,coupons redeemed/month (3m) = 0.0 (+0.41 logit); email-open trend = -1.5 (+0.40 logit); marketing opt-in = 1 (+0.33 logit)
500684,0.0003,0,0,active (bought in last 3 months),Silver,Tulsa,2023,low,emails opened/month (6m) = 0.3 (+0.48 logit); emails opened/month (3m) = 0.0 (+0.45 logit); membership tier = Silver (+0.18 logit)
502527,0.0003,0,0,active (bought in last 3 months),Gold,Tulsa,2023,low,marketing opt-in = 1 (+0.33 logit); share of promo transactions (6m) = 0.4 (+0.14 logit); months of history = 6 (+0.13 logit)
500901,0.0003,0,0,active (bought in last 3 months),Silver,Tulsa,2021,low,marketing opt-in = 1 (+0.33 logit); membership tier = Silver (+0.18 logit); months of history = 6 (+0.13 logit)
500636,0.0003,0,0,active (bought in last 3 months),Gold,Raleigh,2022,low,transaction trend (3m vs prior 3m) = -2.7 (+0.90 logit); marketing opt-in = 1 (+0.33 logit); months of history = 6 (+0.13 logit)
500610,0.0003,0,0,active (bought in last 3 months),Gold,Raleigh,2024,low,emails opened/month (6m) = 0.0 (+0.78 logit); emails opened/month (3m) = 0.0 (+0.45 logit); marketing opt-in = 1 (+0.33 logit)
500609,0.0003,0,0,active (bought in last 3 months),Silver,Boise,2022,low,marketing opt-in = 1 (+0.33 logit); transaction trend (3m vs prior 3m) = -1.0 (+0.25 logit); share of promo transactions (6m) = 0.5 (+0.22 logit)
500601,0.0003,0,0,active (bought in last 3 months),Silver,Tulsa,2023,low,marketing opt-in = 1 (+0.33 logit); app sessions/month (3m) = 1.0 (+0.27 logit); app sessions/month (6m) = 1.0 (+0.25 logit)
500598,0.0003,0,0,active (bought in last 3 months),Silver,Columbus,2022,low,emails opened/month (6m) = 0.3 (+0.48 logit); home store price tier = Value (+0.35 logit); city = Columbus (+0.32 logit)
501086,0.0003,0,0,active (bought in last 3 months),Gold,Columbus,2023,low,marketing opt-in = 1 (+0.33 logit); city = Columbus (+0.32 logit); app sessions/month (6m) = 1.3 (+0.14 logit)
502318,0.0003,0,0,active (bought in last 3 months),Gold,Columbus,2024,low,home store price tier = Value (+0.35 logit); marketing opt-in = 1 (+0.33 logit); city = Columbus (+0.32 logit)
501182,0.0003,0,0,active (bought in last 3 months),Silver,Portland,2022,low,transaction trend (3m vs prior 3m) = -1.7 (+0.51 logit); marketing opt-in = 1 (+0.33 logit); app session trend = -0.7 (+0.18 logit)
501430,0.0003,0,0,active (bought in last 3 months),Gold,Spokane,2023,low,emails opened/month (6m) = 0.0 (+0.78 logit); emails opened/month (3m) = 0.0 (+0.45 logit); missing months in records (6m) = 0 (+0.10 logit)
500058,0.0003,0,0,active (bought in last 3 months),Platinum,Boise,2021,low,coupons redeemed/month (3m) = 0.0 (+0.41 logit); home store price tier = Value (+0.35 logit); marketing opt-in = 1 (+0.33 logit)
500088,0.0003,0,0,active (bought in last 3 months),Silver,Austin,2023,low,transaction trend (3m vs prior 3m) = -1.3 (+0.38 logit); marketing opt-in = 1 (+0.33 logit); membership tier = Silver (+0.18 logit)
500096,0.0003,0,0,active (bought in last 3 months),Platinum,Madison,2023,low,emails opened/month (6m) = 0.4 (+0.42 logit); home store price tier = Value (+0.35 logit); emails opened/month (3m) = 0.5 (+0.18 logit)
500012,0.0003,0,0,active (bought in last 3 months),Silver,Columbus,2021,low,marketing opt-in = 1 (+0.33 logit); city = Columbus (+0.32 logit); membership tier = Silver (+0.18 logit)
501456,0.0003,0,0,active (bought in last 3 months),Silver,Austin,2023,low,emails opened/month (6m) = 0.2 (+0.60 logit); emails opened/month (3m) = 0.3 (+0.27 logit); membership tier = Silver (+0.18 logit)
500103,0.0003,0,0,active (bought in last 3 months),Gold,Portland,2021,low,marketing opt-in = 1 (+0.33 logit); coupons redeemed/month (6m) = 0.2 (+0.13 logit); months of history = 6 (+0.13 logit)
502096,0.0003,0,0,active (bought in last 3 months),Silver,Boise,2022,low,marketing opt-in = 1 (+0.33 logit); transactions/month (6m) = 2.8 (+0.18 logit); membership tier = Silver (+0.18 logit)
501606,0.0003,0,0,active (bought in last 3 months),Gold,Boise,2022,low,transaction trend (3m vs prior 3m) = -3.7 (+1.29 logit); home store price tier = Value (+0.35 logit); marketing opt-in = 1 (+0.33 logit)
502180,0.0003,0,0,active (bought in last 3 months),Gold,Tulsa,2023,low,marketing opt-in = 1 (+0.33 logit); coupons redeemed/month (6m) = 0.2 (+0.13 logit); months of history = 6 (+0.13 logit)
501579,0.0003,0,0,active (bought in last 3 months),Gold,Tulsa,2022,low,emails opened/month (6m) = 0.2 (+0.63 logit); coupons redeemed/month (3m) = 0.0 (+0.41 logit); emails opened/month (3m) = 0.3 (+0.27 logit)
501865,0.0003,0,0,active (bought in last 3 months),Gold,Boise,2023,low,marketing opt-in = 1 (+0.33 logit); categories bought/month (3m) = 0.3 (+0.23 logit); coupons redeemed/month (6m) = 0.2 (+0.13 logit)
501537,0.0003,0,0,active (bought in last 3 months),Silver,Austin,2023,low,emails opened/month (6m) = 0.0 (+0.78 logit); emails opened/month (3m) = 0.0 (+0.45 logit); home store price tier = Value (+0.35 logit)
501527,0.0003,0,0,active (bought in last 3 months),Silver,Denver,2023,low,support tickets/month (3m) = 0.3 (+0.46 logit); email-open trend = -1.3 (+0.36 logit); marketing opt-in = 1 (+0.33 logit)
501487,0.0003,0,0,active (bought in last 3 months),Silver,Denver,2023,low,emails opened/month (6m) = 0.3 (+0.48 logit); emails opened/month (3m) = 0.3 (+0.27 logit); membership tier = Silver (+0.18 logit)
500128,0.0003,0,0,active (bought in last 3 months),Gold,Boise,2022,low,home store price tier = Value (+0.35 logit); marketing opt-in = 1 (+0.33 logit); months of history = 6 (+0.13 logit)
501944,0.0003,0,0,active (bought in last 3 months),Platinum,Tulsa,2023,low,emails opened/month (6m) = 0.5 (+0.33 logit); missing months in records (6m) = 0 (+0.10 logit); emails opened/month (3m) = 0.7 (+0.09 logit)
501440,0.0003,0,0,active (bought in last 3 months),Silver,Raleigh,2022,low,home store price tier = Value (+0.35 logit); marketing opt-in = 1 (+0.33 logit); app session trend = -0.7 (+0.18 logit)
501854,0.0003,0,0,active (bought in last 3 months),Silver,Tulsa,2023,low,app session trend = -1.7 (+0.53 logit); home store price tier = Value (+0.35 logit); marketing opt-in = 1 (+0.33 logit)
500169,0.0003,0,0,active (bought in last 3 months),Gold,Nashville,2024,low,missing months in records (6m) = 0 (+0.10 logit); tenure (months) = 2.3 (+0.09 logit); share of months with a purchase (6m) = 1.0 (+0.05 logit)
502577,0.0003,0,0,active (bought in last 3 months),Silver,Austin,2024,low,coupons redeemed/month (3m) = 0.0 (+0.41 logit); transactions/month (3m) = 2.0 (+0.40 logit); transactions/month (6m) = 2.0 (+0.38 logit)
501950,0.0003,0,0,active (bought in last 3 months),Platinum,Portland,2023,low,email-open trend = -2.0 (+0.55 logit); marketing opt-in = 1 (+0.33 logit); gender = Unknown (+0.32 logit)
501359,0.0003,0,0,active (bought in last 3 months),Gold,Columbus,2023,low,home store price tier = Value (+0.35 logit); marketing opt-in = 1 (+0.33 logit); city = Columbus (+0.32 logit)
501992,0.0003,0,0,active (bought in last 3 months),Gold,Portland,2021,low,support tickets/month (3m) = 0.5 (+0.84 logit); app session trend = -1.5 (+0.47 logit); marketing opt-in = 1 (+0.33 logit)
501714,0.0003,0,0,active (bought in last 3 months),Gold,Portland,2022,low,emails opened/month (6m) = 0.2 (+0.63 logit); emails opened/month (3m) = 0.0 (+0.45 logit); coupons redeemed/month (6m) = 0.2 (+0.13 logit)
500064,0.0003,0,0,active (bought in last 3 months),Gold,Spokane,2023,low,emails opened/month (6m) = 0.0 (+0.78 logit); emails opened/month (3m) = 0.0 (+0.45 logit); app session trend = -1.0 (+0.30 logit)
501721,0.0003,0,0,active (bought in last 3 months),Gold,Portland,2021,low,transaction trend (3m vs prior 3m) = -1.7 (+0.51 logit); coupons redeemed/month (3m) = 0.0 (+0.41 logit); marketing opt-in = 1 (+0.33 logit)
501597,0.0002,0,0,active (bought in last 3 months),Gold,Raleigh,2023,low,marketing opt-in = 1 (+0.33 logit); categories bought/month (3m) = 0.7 (+0.19 logit); months of history = 6 (+0.13 logit)
500980,0.0002,0,0,active (bought in last 3 months),Gold,Tulsa,2023,low,emails opened/month (6m) = 0.2 (+0.63 logit); emails opened/month (3m) = 0.0 (+0.45 logit); coupons redeemed/month (3m) = 0.0 (+0.41 logit)
502146,0.0002,0,0,active (bought in last 3 months),Silver,Tulsa,2023,low,emails opened/month (3m) = 0.0 (+0.45 logit); email-open trend = -1.3 (+0.36 logit); emails opened/month (6m) = 0.7 (+0.19 logit)
500071,0.0002,0,0,active (bought in last 3 months),Gold,Portland,2021,low,app session trend = -3.0 (+1.00 logit); coupons redeemed/month (3m) = 0.0 (+0.41 logit); emails opened/month (6m) = 0.6 (+0.24 logit)
501720,0.0002,0,0,active (bought in last 3 months),Platinum,Austin,2024,low,marketing opt-in = 1 (+0.33 logit); emails opened/month (6m) = 0.5 (+0.33 logit); emails opened/month (3m) = 0.5 (+0.18 logit)
500646,0.0002,0,0,active (bought in last 3 months),Gold,Columbus,2023,low,transaction trend (3m vs prior 3m) = -2.7 (+0.90 logit); emails opened/month (6m) = 0.0 (+0.78 logit); emails opened/month (3m) = 0.0 (+0.45 logit)
501018,0.0002,0,0,active (bought in last 3 months),Gold,Spokane,2022,low,app session trend = -1.3 (+0.42 logit); home store price tier = Value (+0.35 logit); marketing opt-in = 1 (+0.33 logit)
500642,0.0002,0,0,active (bought in last 3 months),Silver,Columbus,2023,low,home store price tier = Value (+0.35 logit); emails opened/month (6m) = 0.5 (+0.33 logit); city = Columbus (+0.32 logit)
502300,0.0002,0,0,active (bought in last 3 months),Silver,Tulsa,2021,low,marketing opt-in = 1 (+0.33 logit); membership tier = Silver (+0.18 logit); months of history = 6 (+0.13 logit)
501024,0.0002,0,0,active (bought in last 3 months),Silver,Portland,2022,low,emails opened/month (6m) = 0.3 (+0.48 logit); emails opened/month (3m) = 0.0 (+0.45 logit); coupons redeemed/month (3m) = 0.0 (+0.41 logit)
500826,0.0002,0,0,active (bought in last 3 months),Silver,Austin,2021,low,home store price tier = Value (+0.35 logit); marketing opt-in = 1 (+0.33 logit); email-open trend = -1.0 (+0.26 logit)
500605,0.0002,0,0,active (bought in last 3 months),Platinum,Raleigh,2022,low,support tickets/month (3m) = 0.3 (+0.46 logit); email-open trend = -1.7 (+0.45 logit); marketing opt-in = 1 (+0.33 logit)
500784,0.0002,0,0,active (bought in last 3 months),Silver,Columbus,2024,low,support tickets/month (3m) = 0.5 (+0.84 logit); city = Columbus (+0.32 logit); support tickets/month (6m) = 0.5 (+0.25 logit)
500127,0.0002,0,0,active (bought in last 3 months),Silver,Columbus,2024,low,emails opened/month (6m) = 0.0 (+0.78 logit); emails opened/month (3m) = 0.0 (+0.45 logit); city = Columbus (+0.32 logit)
500602,0.0002,0,0,active (bought in last 3 months),Gold,Tulsa,2023,low,app session trend = -2.3 (+0.77 logit); email-open trend = -2.0 (+0.55 logit); home store price tier = Value (+0.35 logit)
501603,0.0002,0,0,active (bought in last 3 months),Silver,Madison,2021,low,support tickets/month (3m) = 0.3 (+0.46 logit); coupons redeemed/month (3m) = 0.0 (+0.41 logit); home store price tier = Value (+0.35 logit)
500083,0.0002,0,0,active (bought in last 3 months),Gold,Portland,2021,low,home store price tier = Value (+0.35 logit); marketing opt-in = 1 (+0.33 logit); transaction trend (3m vs prior 3m) = -1.0 (+0.25 logit)
501607,0.0002,0,0,active (bought in last 3 months),Silver,Raleigh,2021,low,app session trend = -1.3 (+0.42 logit); marketing opt-in = 1 (+0.33 logit); membership tier = Silver (+0.18 logit)
500098,0.0002,0,0,active (bought in last 3 months),Gold,Raleigh,2023,low,coupons redeemed/month (3m) = 0.0 (+0.41 logit); transaction trend (3m vs prior 3m) = -1.3 (+0.38 logit); marketing opt-in = 1 (+0.33 logit)
500764,0.0002,0,0,active (bought in last 3 months),Silver,Portland,2021,low,marketing opt-in = 1 (+0.33 logit); membership tier = Silver (+0.18 logit); months of history = 6 (+0.13 logit)
502385,0.0002,0,0,active (bought in last 3 months),Silver,Spokane,2021,low,support tickets/month (3m) = 0.3 (+0.46 logit); home store price tier = Value (+0.35 logit); marketing opt-in = 1 (+0.33 logit)
500335,0.0002,0,0,active (bought in last 3 months),Silver,Nashville,2022,low,marketing opt-in = 1 (+0.33 logit); gender = Unknown (+0.32 logit); app session trend = -0.8 (+0.24 logit)
500342,0.0002,0,0,active (bought in last 3 months),Silver,Spokane,2023,low,marketing opt-in = 1 (+0.33 logit); membership tier = Silver (+0.18 logit); months of history = 6 (+0.13 logit)
502349,0.0002,0,0,active (bought in last 3 months),Silver,Columbus,2022,low,support tickets/month (3m) = 0.5 (+0.84 logit); app session trend = -2.0 (+0.65 logit); emails opened/month (6m) = 0.4 (+0.42 logit)
502571,0.0002,0,0,active (bought in last 3 months),Platinum,Austin,2023,low,marketing opt-in = 1 (+0.33 logit); email-open trend = -0.7 (+0.17 logit); months of history = 6 (+0.13 logit)
500728,0.0002,0,0,active (bought in last 3 months),Silver,Denver,2022,low,emails opened/month (3m) = 0.0 (+0.45 logit); emails opened/month (6m) = 0.5 (+0.33 logit); email-open trend = -1.0 (+0.26 logit)
502118,0.0002,0,0,active (bought in last 3 months),Silver,Austin,2021,low,marketing opt-in = 1 (+0.33 logit); membership tier = Silver (+0.18 logit); months of history = 6 (+0.13 logit)
501786,0.0002,0,0,active (bought in last 3 months),Silver,Tulsa,2021,low,emails opened/month (6m) = 0.4 (+0.42 logit); emails opened/month (3m) = 0.3 (+0.27 logit); membership tier = Silver (+0.18 logit)
500956,0.0002,0,0,active (bought in last 3 months),Gold,Denver,2022,low,emails opened/month (6m) = 0.0 (+0.78 logit); emails opened/month (3m) = 0.0 (+0.45 logit); home store price tier = Value (+0.35 logit)
501863,0.0002,0,0,active (bought in last 3 months),Gold,Tulsa,2022,low,marketing opt-in = 1 (+0.33 logit); months of history = 6 (+0.13 logit); coupons redeemed/month (3m) = 0.3 (+0.12 logit)
500913,0.0002,0,0,active (bought in last 3 months),Silver,Austin,2023,low,marketing opt-in = 1 (+0.33 logit); emails opened/month (3m) = 0.3 (+0.27 logit); email-open trend = -1.0 (+0.26 logit)
502334,0.0002,0,0,active (bought in last 3 months),Silver,Boise,2023,low,support tickets/month (3m) = 0.7 (+1.23 logit); marketing opt-in = 1 (+0.33 logit); membership tier = Silver (+0.18 logit)
502500,0.0002,0,0,active (bought in last 3 months),Gold,Portland,2023,low,support tickets/month (3m) = 0.3 (+0.46 logit); marketing opt-in = 1 (+0.33 logit); months of history = 6 (+0.13 logit)
502332,0.0002,0,0,active (bought in last 3 months),Silver,Spokane,2021,low,transaction trend (3m vs prior 3m) = -4.5 (+1.61 logit); home store price tier = Value (+0.35 logit); marketing opt-in = 1 (+0.33 logit)
501609,0.0002,0,0,active (bought in last 3 months),Platinum,Tulsa,2022,low,emails opened/month (3m) = 0.3 (+0.27 logit); email-open trend = -1.0 (+0.26 logit); average basket (6m) = 59.4 (+0.15 logit)
501803,0.0002,0,0,active (bought in last 3 months),Silver,Austin,2022,low,marketing opt-in = 1 (+0.33 logit); transaction trend (3m vs prior 3m) = -0.8 (+0.18 logit); membership tier = Silver (+0.18 logit)
502121,0.0002,0,0,active (bought in last 3 months),Gold,Madison,2022,low,email-open trend = -2.5 (+0.69 logit); app session trend = -1.5 (+0.47 logit); home store price tier = Value (+0.35 logit)
502326,0.0002,0,0,active (bought in last 3 months),Silver,Madison,2023,low,coupons redeemed/month (3m) = 0.0 (+0.41 logit); marketing opt-in = 1 (+0.33 logit); membership tier = Silver (+0.18 logit)
502165,0.0002,0,0,active (bought in last 3 months),Gold,Tulsa,2023,low,support tickets/month (3m) = 1.0 (+1.99 logit); app session trend = -2.3 (+0.77 logit); email-open trend = -1.7 (+0.45 logit)
501167,0.0002,0,0,active (bought in last 3 months),Gold,Raleigh,2021,low,email-open trend = -2.0 (+0.55 logit); app session trend = -1.7 (+0.53 logit); support tickets/month (3m) = 0.3 (+0.46 logit)
501135,0.0002,0,0,active (bought in last 3 months),Silver,Portland,2021,low,emails opened/month (6m) = 0.0 (+0.78 logit); emails opened/month (3m) = 0.0 (+0.45 logit); membership tier = Silver (+0.18 logit)
500462,0.0002,0,0,active (bought in last 3 months),Silver,Denver,2022,low,emails opened/month (6m) = 0.0 (+0.78 logit); emails opened/month (3m) = 0.0 (+0.45 logit); transaction trend (3m vs prior 3m) = -1.0 (+0.25 logit)
502065,0.0002,0,0,active (bought in last 3 months),Silver,Tulsa,2022,low,marketing opt-in = 1 (+0.33 logit); membership tier = Silver (+0.18 logit); share of promo transactions (6m) = 0.4 (+0.16 logit)
501407,0.0002,0,0,active (bought in last 3 months),Gold,Raleigh,2021,low,marketing opt-in = 1 (+0.33 logit); app session trend = -0.7 (+0.18 logit); months of history = 6 (+0.13 logit)
501461,0.0002,0,0,active (bought in last 3 months),Gold,Madison,2023,low,home store price tier = Value (+0.35 logit); marketing opt-in = 1 (+0.33 logit); emails opened/month (3m) = 0.3 (+0.27 logit)
501410,0.0002,0,0,active (bought in last 3 months),Silver,Tulsa,2021,low,emails opened/month (3m) = 0.0 (+0.45 logit); home store price tier = Value (+0.35 logit); emails opened/month (6m) = 0.5 (+0.33 logit)
501151,0.0002,0,0,active (bought in last 3 months),Gold,Spokane,2024,low,coupons redeemed/month (3m) = 0.0 (+0.41 logit); marketing opt-in = 1 (+0.33 logit); app sessions/month (3m) = 1.0 (+0.27 logit)
502240,0.0002,0,0,active (bought in last 3 months),Silver,Portland,2022,low,transaction trend (3m vs prior 3m) = -2.3 (+0.77 logit); emails opened/month (6m) = 0.2 (+0.60 logit); home store price tier = Value (+0.35 logit)
502064,0.0002,0,0,active (bought in last 3 months),Silver,Tulsa,2021,low,marketing opt-in = 1 (+0.33 logit); membership tier = Silver (+0.18 logit); months of history = 6 (+0.13 logit)
502446,0.0002,0,0,active (bought in last 3 months),Silver,Tulsa,2024,low,home store price tier = Value (+0.35 logit); marketing opt-in = 1 (+0.33 logit); membership tier = Silver (+0.18 logit)
501424,0.0002,0,0,active (bought in last 3 months),Gold,Portland,2022,low,marketing opt-in = 1 (+0.33 logit); months of history = 6 (+0.13 logit); missing months in records (6m) = 0 (+0.10 logit)
502560,0.0002,0,0,active (bought in last 3 months),Silver,Denver,2022,low,emails opened/month (6m) = 0.0 (+0.78 logit); emails opened/month (3m) = 0.0 (+0.45 logit); home store price tier = Value (+0.35 logit)
501907,0.0002,0,0,active (bought in last 3 months),Gold,Raleigh,2024,low,marketing opt-in = 1 (+0.33 logit); app sessions/month (3m) = 1.0 (+0.27 logit); app sessions/month (6m) = 1.0 (+0.25 logit)
502061,0.0002,0,0,active (bought in last 3 months),Silver,Raleigh,2021,low,marketing opt-in = 1 (+0.33 logit); membership tier = Silver (+0.18 logit); categories bought/month (3m) = 1.0 (+0.14 logit)
501188,0.0002,0,0,active (bought in last 3 months),Silver,Raleigh,2023,low,emails opened/month (6m) = 0.2 (+0.63 logit); support tickets/month (3m) = 0.3 (+0.46 logit); emails opened/month (3m) = 0.0 (+0.45 logit)
501915,0.0002,0,0,active (bought in last 3 months),Silver,Raleigh,2021,low,app session trend = -2.7 (+0.88 logit); marketing opt-in = 1 (+0.33 logit); membership tier = Silver (+0.18 logit)
501206,0.0002,0,0,active (bought in last 3 months),Gold,Tulsa,2022,low,coupons redeemed/month (3m) = 0.0 (+0.41 logit); marketing opt-in = 1 (+0.33 logit); months of history = 6 (+0.13 logit)
502249,0.0002,0,0,active (bought in last 3 months),Gold,Columbus,2024,low,marketing opt-in = 1 (+0.33 logit); city = Columbus (+0.32 logit); missing months in records (6m) = 0 (+0.10 logit)
501899,0.0002,0,0,active (bought in last 3 months),Gold,Columbus,2022,low,home store price tier = Value (+0.35 logit); emails opened/month (6m) = 0.5 (+0.33 logit); city = Columbus (+0.32 logit)
502181,0.0002,0,0,active (bought in last 3 months),Silver,Spokane,2023,low,transaction trend (3m vs prior 3m) = -3.0 (+1.03 logit); marketing opt-in = 1 (+0.33 logit); app session trend = -1.0 (+0.30 logit)
501131,0.0002,0,0,active (bought in last 3 months),Gold,Spokane,2022,low,app session trend = -1.3 (+0.42 logit); marketing opt-in = 1 (+0.33 logit); app sessions/month (3m) = 1.0 (+0.27 logit)
500190,0.0002,0,0,active (bought in last 3 months),Gold,Tulsa,2021,low,marketing opt-in = 1 (+0.33 logit); app session trend = -0.7 (+0.18 logit); app sessions/month (3m) = 1.3 (+0.14 logit)
500423,0.0002,0,0,active (bought in last 3 months),Platinum,Boise,2022,low,marketing opt-in = 1 (+0.33 logit); app session trend = -1.0 (+0.30 logit); app sessions/month (3m) = 1.3 (+0.14 logit)
501124,0.0002,0,0,active (bought in last 3 months),Gold,Austin,2021,low,coupons redeemed/month (3m) = 0.0 (+0.41 logit); home store price tier = Value (+0.35 logit); marketing opt-in = 1 (+0.33 logit)
500133,0.0002,0,0,active (bought in last 3 months),Silver,Boise,2024,low,coupons redeemed/month (3m) = 0.0 (+0.41 logit); home store price tier = Value (+0.35 logit); marketing opt-in = 1 (+0.33 logit)
501125,0.0002,0,0,active (bought in last 3 months),Silver,Raleigh,2024,low,coupons redeemed/month (3m) = 0.0 (+0.41 logit); emails opened/month (6m) = 0.5 (+0.33 logit); coupons redeemed/month (6m) = 0.0 (+0.20 logit)
501349,0.0002,0,0,active (bought in last 3 months),Silver,Columbus,2023,low,app session trend = -1.2 (+0.36 logit); marketing opt-in = 1 (+0.33 logit); city = Columbus (+0.32 logit)
502015,0.0002,0,0,active (bought in last 3 months),Platinum,Columbus,2021,low,transaction trend (3m vs prior 3m) = -4.3 (+1.55 logit); emails opened/month (6m) = 0.2 (+0.60 logit); emails opened/month (3m) = 0.0 (+0.45 logit)
500587,0.0002,0,0,active (bought in last 3 months),Gold,Columbus,2021,low,transaction trend (3m vs prior 3m) = -1.7 (+0.51 logit); home store price tier = Value (+0.35 logit); marketing opt-in = 1 (+0.33 logit)
502011,0.0002,0,0,active (bought in last 3 months),Gold,Tulsa,2024,low,emails opened/month (6m) = 0.5 (+0.33 logit); categories bought/month (3m) = 0.5 (+0.21 logit); emails opened/month (3m) = 0.5 (+0.18 logit)
501864,0.0002,0,0,active (bought in last 3 months),Platinum,Madison,2021,low,marketing opt-in = 1 (+0.33 logit); months of history = 6 (+0.13 logit); coupons redeemed/month (3m) = 0.3 (+0.12 logit)
500275,0.0002,0,0,active (bought in last 3 months),Gold,Boise,2022,low,app session trend = -1.2 (+0.36 logit); marketing opt-in = 1 (+0.33 logit); transaction trend (3m vs prior 3m) = -0.8 (+0.18 logit)
501996,0.0002,0,0,active (bought in last 3 months),Gold,Raleigh,2023,low,home store price tier = Value (+0.35 logit); marketing opt-in = 1 (+0.33 logit); app session trend = -0.7 (+0.18 logit)
502177,0.0002,0,0,active (bought in last 3 months),Silver,Spokane,2024,low,emails opened/month (6m) = 0.0 (+0.78 logit); emails opened/month (3m) = 0.0 (+0.45 logit); membership tier = Silver (+0.18 logit)
502389,0.0001,0,0,active (bought in last 3 months),Silver,Nashville,2023,low,home store price tier = Value (+0.35 logit); marketing opt-in = 1 (+0.33 logit); emails opened/month (3m) = 0.3 (+0.27 logit)
500393,0.0001,0,0,active (bought in last 3 months),Silver,Austin,2022,low,transaction trend (3m vs prior 3m) = -1.7 (+0.51 logit); home store price tier = Value (+0.35 logit); marketing opt-in = 1 (+0.33 logit)
501934,0.0001,0,0,active (bought in last 3 months),Gold,Raleigh,2023,low,emails opened/month (6m) = 0.3 (+0.48 logit); support tickets/month (3m) = 0.3 (+0.46 logit); home store price tier = Value (+0.35 logit)
502481,0.0001,0,0,active (bought in last 3 months),Gold,Boise,2023,low,marketing opt-in = 1 (+0.33 logit); email-open trend = -0.7 (+0.17 logit); months of history = 6 (+0.13 logit)
501943,0.0001,0,0,active (bought in last 3 months),Silver,Austin,2021,low,marketing opt-in = 1 (+0.33 logit); membership tier = Silver (+0.18 logit); months of history = 6 (+0.13 logit)
501739,0.0001,0,0,active (bought in last 3 months),Gold,Spokane,2023,low,marketing opt-in = 1 (+0.33 logit); coupons redeemed/month (3m) = 0.3 (+0.12 logit); missing months in records (6m) = 0 (+0.10 logit)
500008,0.0001,0,0,active (bought in last 3 months),Platinum,Boise,2021,low,app session trend = -1.7 (+0.53 logit); coupons redeemed/month (3m) = 0.0 (+0.41 logit); coupons redeemed/month (6m) = 0.0 (+0.20 logit)
500350,0.0001,0,0,active (bought in last 3 months),Silver,Denver,2021,low,home store price tier = Value (+0.35 logit); emails opened/month (6m) = 0.6 (+0.24 logit); emails opened/month (3m) = 0.5 (+0.18 logit)
500472,0.0001,0,0,active (bought in last 3 months),Platinum,Nashville,2022,low,transaction trend (3m vs prior 3m) = -4.5 (+1.61 logit); marketing opt-in = 1 (+0.33 logit); months of history = 6 (+0.13 logit)
500466,0.0001,0,0,active (bought in last 3 months),Gold,Madison,2022,low,email-open trend = -2.0 (+0.55 logit); home store price tier = Value (+0.35 logit); marketing opt-in = 1 (+0.33 logit)
500004,0.0001,0,0,active (bought in last 3 months),Gold,Spokane,2021,low,app session trend = -3.2 (+1.06 logit); marketing opt-in = 1 (+0.33 logit); months of history = 6 (+0.13 logit)
501780,0.0001,0,0,active (bought in last 3 months),Silver,Columbus,2021,low,home store price tier = Value (+0.35 logit); marketing opt-in = 1 (+0.33 logit); city = Columbus (+0.32 logit)
501774,0.0001,0,0,active (bought in last 3 months),Silver,Columbus,2022,low,home store price tier = Value (+0.35 logit); emails opened/month (6m) = 0.5 (+0.33 logit); city = Columbus (+0.32 logit)
502071,0.0001,0,0,active (bought in last 3 months),Silver,Nashville,2021,low,marketing opt-in = 1 (+0.33 logit); membership tier = Silver (+0.18 logit); months of history = 6 (+0.13 logit)
502099,0.0001,0,0,active (bought in last 3 months),Silver,Madison,2022,low,transaction trend (3m vs prior 3m) = -1.3 (+0.38 logit); marketing opt-in = 1 (+0.33 logit); app session trend = -0.7 (+0.18 logit)
502456,0.0001,0,0,active (bought in last 3 months),Gold,Boise,2023,low,app session trend = -1.2 (+0.36 logit); marketing opt-in = 1 (+0.33 logit); app sessions/month (3m) = 1.3 (+0.14 logit)
500791,0.0001,0,0,active (bought in last 3 months),Silver,Boise,2022,low,marketing opt-in = 1 (+0.33 logit); membership tier = Silver (+0.18 logit); months of history = 6 (+0.13 logit)
500023,0.0001,0,0,active (bought in last 3 months),Silver,Raleigh,2022,low,app session trend = -2.7 (+0.88 logit); email-open trend = -1.3 (+0.36 logit); marketing opt-in = 1 (+0.33 logit)
500577,0.0001,0,0,active (bought in last 3 months),Silver,Spokane,2023,low,home store price tier = Value (+0.35 logit); marketing opt-in = 1 (+0.33 logit); membership tier = Silver (+0.18 logit)
502075,0.0001,0,0,active (bought in last 3 months),Silver,Raleigh,2021,low,emails opened/month (6m) = 0.3 (+0.48 logit); coupons redeemed/month (3m) = 0.0 (+0.41 logit); home store price tier = Value (+0.35 logit)
500575,0.0001,0,0,active (bought in last 3 months),Silver,Spokane,2022,low,transaction trend (3m vs prior 3m) = -2.0 (+0.64 logit); app session trend = -1.7 (+0.53 logit); marketing opt-in = 1 (+0.33 logit)
501835,0.0001,0,0,active (bought in last 3 months),Silver,Raleigh,2022,low,app session trend = -2.3 (+0.77 logit); emails opened/month (6m) = 0.3 (+0.48 logit); membership tier = Silver (+0.18 logit)
500633,0.0001,0,0,active (bought in last 3 months),Silver,Denver,2022,low,home store price tier = Value (+0.35 logit); marketing opt-in = 1 (+0.33 logit); membership tier = Silver (+0.18 logit)
502417,0.0001,0,0,active (bought in last 3 months),Gold,Spokane,2022,low,transaction trend (3m vs prior 3m) = -1.3 (+0.38 logit); home store price tier = Value (+0.35 logit); marketing opt-in = 1 (+0.33 logit)
500555,0.0001,0,0,active (bought in last 3 months),Silver,Columbus,2023,low,marketing opt-in = 1 (+0.33 logit); city = Columbus (+0.32 logit); app session trend = -1.0 (+0.30 logit)
500658,0.0001,0,0,active (bought in last 3 months),Gold,Columbus,2021,low,home store price tier = Value (+0.35 logit); marketing opt-in = 1 (+0.33 logit); city = Columbus (+0.32 logit)
501818,0.0001,0,0,active (bought in last 3 months),Silver,Nashville,2022,low,home store price tier = Value (+0.35 logit); membership tier = Silver (+0.18 logit); months of history = 6 (+0.13 logit)
501810,0.0001,0,0,active (bought in last 3 months),Silver,Nashville,2023,low,home store price tier = Value (+0.35 logit); marketing opt-in = 1 (+0.33 logit); membership tier = Silver (+0.18 logit)
500543,0.0001,0,0,active (bought in last 3 months),Silver,Madison,2024,low,coupons redeemed/month (3m) = 0.0 (+0.41 logit); marketing opt-in = 1 (+0.33 logit); app sessions/month (3m) = 1.0 (+0.27 logit)
500052,0.0001,0,0,active (bought in last 3 months),Gold,Portland,2023,low,app session trend = -1.7 (+0.53 logit); emails opened/month (3m) = 0.0 (+0.45 logit); emails opened/month (6m) = 0.4 (+0.42 logit)
500369,0.0001,0,0,active (bought in last 3 months),Platinum,Tulsa,2023,low,home store price tier = Value (+0.35 logit); marketing opt-in = 1 (+0.33 logit); months of history = 6 (+0.13 logit)
500541,0.0001,0,0,active (bought in last 3 months),Silver,Austin,2022,low,home store price tier = Value (+0.35 logit); emails opened/month (6m) = 0.5 (+0.33 logit); emails opened/month (3m) = 0.3 (+0.27 logit)
500675,0.0001,0,0,active (bought in last 3 months),Silver,Tulsa,2021,low,marketing opt-in = 1 (+0.33 logit); membership tier = Silver (+0.18 logit); months of history = 6 (+0.13 logit)
500686,0.0001,0,0,active (bought in last 3 months),Gold,Nashville,2022,low,transaction trend (3m vs prior 3m) = -4.0 (+1.42 logit); marketing opt-in = 1 (+0.33 logit); months of history = 6 (+0.13 logit)
500363,0.0001,0,0,active (bought in last 3 months),Silver,Columbus,2022,low,city = Columbus (+0.32 logit); membership tier = Silver (+0.18 logit); months of history = 6 (+0.13 logit)
500013,0.0001,0,0,active (bought in last 3 months),Silver,Denver,2022,low,emails opened/month (6m) = 0.6 (+0.24 logit); membership tier = Silver (+0.18 logit); months of history = 6 (+0.13 logit)
500704,0.0001,0,0,active (bought in last 3 months),Silver,Madison,2021,low,transaction trend (3m vs prior 3m) = -3.0 (+1.03 logit); support tickets/month (3m) = 0.3 (+0.46 logit); coupons redeemed/month (3m) = 0.0 (+0.41 logit)
500714,0.0001,0,0,active (bought in last 3 months),Silver,Portland,2021,low,emails opened/month (6m) = 0.2 (+0.63 logit); emails opened/month (3m) = 0.0 (+0.45 logit); coupons redeemed/month (3m) = 0.0 (+0.41 logit)
501921,0.0001,0,0,active (bought in last 3 months),Silver,Denver,2022,low,support tickets/month (3m) = 0.3 (+0.46 logit); marketing opt-in = 1 (+0.33 logit); membership tier = Silver (+0.18 logit)
500788,0.0001,0,0,active (bought in last 3 months),Silver,Spokane,2022,low,app session trend = -2.0 (+0.65 logit); support tickets/month (3m) = 0.3 (+0.46 logit); transaction trend (3m vs prior 3m) = -1.3 (+0.38 logit)
500321,0.0001,0,0,active (bought in last 3 months),Silver,Raleigh,2022,low,marketing opt-in = 1 (+0.33 logit); membership tier = Silver (+0.18 logit); months of history = 6 (+0.13 logit)
500795,0.0001,0,0,active (bought in last 3 months),Gold,Portland,2023,low,marketing opt-in = 1 (+0.33 logit); share of promo transactions (6m) = 0.4 (+0.13 logit); missing months in records (6m) = 0 (+0.10 logit)
502529,0.0001,0,0,active (bought in last 3 months),Gold,Madison,2023,low,emails opened/month (6m) = 0.2 (+0.63 logit); transaction trend (3m vs prior 3m) = -1.7 (+0.51 logit); emails opened/month (3m) = 0.0 (+0.45 logit)
501137,0.0001,0,0,active (bought in last 3 months),Silver,Spokane,2022,low,support tickets/month (3m) = 0.3 (+0.46 logit); home store price tier = Value (+0.35 logit); marketing opt-in = 1 (+0.33 logit)
502182,0.0001,0,0,active (bought in last 3 months),Gold,Tulsa,2023,low,emails opened/month (6m) = 0.7 (+0.19 logit); app session trend = -0.7 (+0.18 logit); months of history = 6 (+0.13 logit)
502271,0.0001,0,0,active (bought in last 3 months),Gold,Raleigh,2023,low,transaction trend (3m vs prior 3m) = -1.7 (+0.51 logit); marketing opt-in = 1 (+0.33 logit); categories bought/month (3m) = 0.7 (+0.19 logit)
502275,0.0001,0,0,active (bought in last 3 months),Gold,Austin,2023,low,app session trend = -1.3 (+0.42 logit); marketing opt-in = 1 (+0.33 logit); coupon trend = -1.3 (+0.13 logit)
502276,0.0001,0,0,active (bought in last 3 months),Gold,Boise,2021,low,home store price tier = Value (+0.35 logit); marketing opt-in = 1 (+0.33 logit); transaction trend (3m vs prior 3m) = -1.0 (+0.25 logit)
501468,0.0001,0,0,active (bought in last 3 months),Silver,Raleigh,2021,low,transaction trend (3m vs prior 3m) = -2.5 (+0.83 logit); marketing opt-in = 1 (+0.33 logit); membership tier = Silver (+0.18 logit)
501509,0.0001,0,0,active (bought in last 3 months),Silver,Spokane,2021,low,marketing opt-in = 1 (+0.33 logit); app sessions/month (3m) = 1.0 (+0.27 logit); app session trend = -0.7 (+0.18 logit)
501164,0.0001,0,0,active (bought in last 3 months),Gold,Tulsa,2023,low,app session trend = -2.0 (+0.65 logit); emails opened/month (6m) = 0.2 (+0.63 logit); emails opened/month (3m) = 0.3 (+0.27 logit)
501511,0.0001,0,0,active (bought in last 3 months),Silver,Denver,2022,low,emails opened/month (6m) = 0.2 (+0.55 logit); support tickets/month (3m) = 0.3 (+0.46 logit); gender = Unknown (+0.32 logit)
501513,0.0001,0,0,active (bought in last 3 months),Silver,Nashville,2021,low,home store price tier = Value (+0.35 logit); emails opened/month (6m) = 0.7 (+0.19 logit); app session trend = -0.7 (+0.18 logit)
500803,0.0001,0,0,active (bought in last 3 months),Gold,Nashville,2023,low,transaction trend (3m vs prior 3m) = -2.7 (+0.90 logit); emails opened/month (6m) = 0.5 (+0.33 logit); months of history = 6 (+0.13 logit)
502164,0.0001,0,0,active (bought in last 3 months),Silver,Columbus,2024,low,coupons redeemed/month (3m) = 0.0 (+0.41 logit); marketing opt-in = 1 (+0.33 logit); city = Columbus (+0.32 logit)
501026,0.0001,0,0,active (bought in last 3 months),Gold,Boise,2023,low,transaction trend (3m vs prior 3m) = -2.0 (+0.64 logit); emails opened/month (6m) = 0.5 (+0.33 logit); app session trend = -1.0 (+0.30 logit)
502162,0.0001,0,0,active (bought in last 3 months),Gold,Spokane,2021,low,support tickets/month (3m) = 0.5 (+0.84 logit); marketing opt-in = 1 (+0.33 logit); months of history = 6 (+0.13 logit)
501163,0.0001,0,0,active (bought in last 3 months),Platinum,Raleigh,2023,low,categories bought/month (3m) = 1.0 (+0.14 logit); months of history = 6 (+0.13 logit); coupons redeemed/month (3m) = 0.3 (+0.12 logit)
500255,0.0001,0,0,active (bought in last 3 months),Gold,Spokane,2022,low,transaction trend (3m vs prior 3m) = -3.5 (+1.22 logit); marketing opt-in = 1 (+0.33 logit); months of history = 6 (+0.13 logit)
501545,0.0001,0,0,active (bought in last 3 months),Gold,Denver,2023,low,emails opened/month (6m) = 0.4 (+0.42 logit); home store price tier = Value (+0.35 logit); emails opened/month (3m) = 0.5 (+0.18 logit)
501275,0.0001,0,0,active (bought in last 3 months),Silver,Austin,2021,low,marketing opt-in = 1 (+0.33 logit); membership tier = Silver (+0.18 logit); months of history = 6 (+0.13 logit)
501313,0.0001,0,0,active (bought in last 3 months),Silver,Tulsa,2023,low,share of promo transactions (6m) = 0.5 (+0.32 logit); membership tier = Silver (+0.18 logit); months of history = 6 (+0.13 logit)
500194,0.0001,0,0,active (bought in last 3 months),Gold,Tulsa,2021,low,home store price tier = Value (+0.35 logit); marketing opt-in = 1 (+0.33 logit); email-open trend = -0.7 (+0.17 logit)
501298,0.0001,0,0,active (bought in last 3 months),Gold,Nashville,2022,low,emails opened/month (3m) = 0.0 (+0.45 logit); coupons redeemed/month (3m) = 0.0 (+0.41 logit); emails opened/month (6m) = 0.5 (+0.33 logit)
501288,0.0001,0,0,active (bought in last 3 months),Silver,Nashville,2021,low,marketing opt-in = 1 (+0.33 logit); membership tier = Silver (+0.18 logit); months of history = 6 (+0.13 logit)
501360,0.0001,0,0,active (bought in last 3 months),Silver,Portland,2022,low,support tickets/month (3m) = 0.3 (+0.46 logit); transaction trend (3m vs prior 3m) = -1.3 (+0.38 logit); home store price tier = Value (+0.35 logit)
502231,0.0001,0,0,active (bought in last 3 months),Gold,Madison,2022,low,marketing opt-in = 1 (+0.33 logit); email-open trend = -1.0 (+0.26 logit); transaction trend (3m vs prior 3m) = -1.0 (+0.25 logit)
501389,0.0001,0,0,active (bought in last 3 months),Gold,Nashville,2021,low,app session trend = -1.7 (+0.53 logit); emails opened/month (6m) = 0.5 (+0.33 logit); months of history = 6 (+0.13 logit)
501193,0.0001,0,0,active (bought in last 3 months),Platinum,Denver,2021,low,coupons redeemed/month (3m) = 0.0 (+0.41 logit); home store price tier = Value (+0.35 logit); emails opened/month (6m) = 0.5 (+0.33 logit)
501261,0.0001,0,0,active (bought in last 3 months),Platinum,Denver,2022,low,emails opened/month (6m) = 0.3 (+0.48 logit); coupons redeemed/month (3m) = 0.0 (+0.41 logit); home store price tier = Value (+0.35 logit)
500231,0.0001,0,0,active (bought in last 3 months),Silver,Portland,2021,low,marketing opt-in = 1 (+0.33 logit); membership tier = Silver (+0.18 logit); support tickets/month (6m) = 0.3 (+0.14 logit)
500141,0.0001,0,0,active (bought in last 3 months),Silver,Nashville,2022,low,transaction trend (3m vs prior 3m) = -3.3 (+1.16 logit); home store price tier = Value (+0.35 logit); membership tier = Silver (+0.18 logit)
500138,0.0001,0,0,active (bought in last 3 months),Gold,Columbus,2023,low,app session trend = -2.0 (+0.65 logit); support tickets/month (3m) = 0.3 (+0.46 logit); marketing opt-in = 1 (+0.33 logit)
501204,0.0001,0,0,active (bought in last 3 months),Silver,Boise,2021,low,support tickets/month (3m) = 0.3 (+0.46 logit); marketing opt-in = 1 (+0.33 logit); email-open trend = -1.0 (+0.26 logit)
501202,0.0001,0,0,active (bought in last 3 months),Silver,Austin,2023,low,emails opened/month (6m) = 0.3 (+0.48 logit); emails opened/month (3m) = 0.0 (+0.45 logit); membership tier = Silver (+0.18 logit)
501014,0.0001,0,0,active (bought in last 3 months),Silver,Raleigh,2023,low,marketing opt-in = 1 (+0.33 logit); transaction trend (3m vs prior 3m) = -1.0 (+0.25 logit); membership tier = Silver (+0.18 logit)
501057,0.0001,0,0,active (bought in last 3 months),Silver,Nashville,2023,low,app session trend = -3.0 (+1.00 logit); emails opened/month (6m) = 0.0 (+0.78 logit); emails opened/month (3m) = 0.0 (+0.45 logit)
502362,0.0001,0,0,active (bought in last 3 months),Silver,Nashville,2022,low,app session trend = -1.5 (+0.47 logit); marketing opt-in = 1 (+0.33 logit); membership tier = Silver (+0.18 logit)
502323,0.0001,0,0,active (bought in last 3 months),Platinum,Madison,2023,low,transaction trend (3m vs prior 3m) = -2.7 (+0.90 logit); marketing opt-in = 1 (+0.33 logit); categories bought/month (3m) = 1.0 (+0.14 logit)
502514,0.0001,0,0,active (bought in last 3 months),Silver,Boise,2022,low,coupons redeemed/month (3m) = 0.0 (+0.41 logit); marketing opt-in = 1 (+0.33 logit); coupons redeemed/month (6m) = 0.0 (+0.20 logit)
501660,0.0001,0,0,active (bought in last 3 months),Silver,Tulsa,2023,low,support tickets/month (3m) = 0.5 (+0.84 logit); coupons redeemed/month (3m) = 0.0 (+0.41 logit); marketing opt-in = 1 (+0.33 logit)
501345,0.0001,0,0,active (bought in last 3 months),Gold,Spokane,2021,low,app session trend = -1.8 (+0.59 logit); support tickets/month (3m) = 0.3 (+0.46 logit); home store price tier = Value (+0.35 logit)
501625,0.0001,0,0,active (bought in last 3 months),Gold,Columbus,2022,low,app session trend = -1.2 (+0.36 logit); marketing opt-in = 1 (+0.33 logit); city = Columbus (+0.32 logit)
500857,0.0001,0,0,active (bought in last 3 months),Silver,Austin,2021,low,marketing opt-in = 1 (+0.33 logit); membership tier = Silver (+0.18 logit); months of history = 6 (+0.13 logit)
502122,0.0001,0,0,active (bought in last 3 months),Silver,Raleigh,2021,low,transaction trend (3m vs prior 3m) = -2.3 (+0.77 logit); app session trend = -1.3 (+0.42 logit); marketing opt-in = 1 (+0.33 logit)
500920,0.0001,0,0,active (bought in last 3 months),Silver,Madison,2023,low,marketing opt-in = 1 (+0.33 logit); membership tier = Silver (+0.18 logit); months of history = 6 (+0.13 logit)
502517,0.0001,0,0,active (bought in last 3 months),Gold,Madison,2023,low,marketing opt-in = 1 (+0.33 logit); coupons redeemed/month (3m) = 0.3 (+0.12 logit); missing months in records (6m) = 0 (+0.10 logit)
500927,0.0001,0,0,active (bought in last 3 months),Gold,Raleigh,2023,low,marketing opt-in = 1 (+0.33 logit); coupons redeemed/month (3m) = 0.3 (+0.12 logit); missing months in records (6m) = 0 (+0.10 logit)
500331,0.0001,0,0,active (bought in last 3 months),Silver,Raleigh,2023,low,marketing opt-in = 1 (+0.33 logit); membership tier = Silver (+0.18 logit); months of history = 6 (+0.13 logit)
501679,0.0001,0,0,active (bought in last 3 months),Gold,Madison,2023,low,emails opened/month (3m) = 0.0 (+0.45 logit); email-open trend = -1.7 (+0.45 logit); marketing opt-in = 1 (+0.33 logit)
501608,0.0001,0,0,active (bought in last 3 months),Silver,Madison,2023,low,transaction trend (3m vs prior 3m) = -2.5 (+0.83 logit); marketing opt-in = 1 (+0.33 logit); membership tier = Silver (+0.18 logit)
500879,0.0001,0,0,active (bought in last 3 months),Gold,Boise,2023,low,home store price tier = Value (+0.35 logit); marketing opt-in = 1 (+0.33 logit); missing months in records (6m) = 0 (+0.10 logit)
502366,0.0001,0,0,active (bought in last 3 months),Gold,Portland,2023,low,emails opened/month (6m) = 0.3 (+0.48 logit); emails opened/month (3m) = 0.0 (+0.45 logit); home store price tier = Value (+0.35 logit)
501729,0.0001,0,0,active (bought in last 3 months),Silver,Tulsa,2021,low,transaction trend (3m vs prior 3m) = -1.3 (+0.38 logit); marketing opt-in = 1 (+0.33 logit); membership tier = Silver (+0.18 logit)
500123,0.0001,0,0,active (bought in last 3 months),Silver,Raleigh,2023,low,emails opened/month (6m) = 0.0 (+0.78 logit); emails opened/month (3m) = 0.0 (+0.45 logit); membership tier = Silver (+0.18 logit)
502155,0.0001,0,0,active (bought in last 3 months),Silver,Columbus,2021,low,support tickets/month (3m) = 0.3 (+0.46 logit); marketing opt-in = 1 (+0.33 logit); city = Columbus (+0.32 logit)
501004,0.0001,0,0,active (bought in last 3 months),Gold,Spokane,2022,low,app session trend = -1.7 (+0.53 logit); marketing opt-in = 1 (+0.33 logit); months of history = 6 (+0.13 logit)
501553,0.0001,0,0,active (bought in last 3 months),Gold,Denver,2024,low,emails opened/month (6m) = 0.0 (+0.78 logit); emails opened/month (3m) = 0.0 (+0.45 logit); share of promo transactions (6m) = 0.4 (+0.12 logit)
500807,0.0001,0,0,active (bought in last 3 months),Platinum,Columbus,2023,low,support tickets/month (3m) = 0.3 (+0.46 logit); marketing opt-in = 1 (+0.33 logit); city = Columbus (+0.32 logit)
500831,0.0001,0,0,active (bought in last 3 months),Silver,Denver,2022,low,app sessions/month (6m) = 1.2 (+0.19 logit); membership tier = Silver (+0.18 logit); months of history = 6 (+0.13 logit)
500215,0.0,0,0,active (bought in last 3 months),Silver,Nashville,2023,low,marketing opt-in = 1 (+0.33 logit); membership tier = Silver (+0.18 logit); months of history = 6 (+0.13 logit)
500062,0.0,0,0,active (bought in last 3 months),Gold,Denver,2022,low,marketing opt-in = 1 (+0.33 logit); months of history = 6 (+0.13 logit); missing months in records (6m) = 0 (+0.10 logit)
500417,0.0,0,0,active (bought in last 3 months),Gold,Denver,2022,low,support tickets/month (3m) = 0.3 (+0.46 logit); marketing opt-in = 1 (+0.33 logit); email-open trend = -0.8 (+0.21 logit)
500180,0.0,0,0,active (bought in last 3 months),Platinum,Spokane,2023,low,marketing opt-in = 1 (+0.33 logit); email-open trend = -1.0 (+0.26 logit); months of history = 6 (+0.13 logit)
500067,0.0,0,0,active (bought in last 3 months),Silver,Tulsa,2024,low,emails opened/month (6m) = 0.0 (+0.78 logit); emails opened/month (3m) = 0.0 (+0.45 logit); membership tier = Silver (+0.18 logit)
502538,0.0,0,0,active (bought in last 3 months),Silver,Tulsa,2021,low,support tickets/month (3m) = 0.7 (+1.23 logit); marketing opt-in = 1 (+0.33 logit); membership tier = Silver (+0.18 logit)
500161,0.0,0,0,active (bought in last 3 months),Silver,Tulsa,2021,low,home store price tier = Value (+0.35 logit); marketing opt-in = 1 (+0.33 logit); email-open trend = -1.0 (+0.26 logit)
500410,0.0,0,0,active (bought in last 3 months),Silver,Austin,2024,low,support tickets/month (3m) = 0.5 (+0.84 logit); emails opened/month (6m) = 0.0 (+0.78 logit); emails opened/month (3m) = 0.0 (+0.45 logit)
500407,0.0,0,0,active (bought in last 3 months),Platinum,Nashville,2021,low,marketing opt-in = 1 (+0.33 logit); email-open trend = -0.7 (+0.17 logit); months of history = 6 (+0.13 logit)
500243,0.0,0,0,active (bought in last 3 months),Silver,Spokane,2023,low,coupons redeemed/month (3m) = 0.0 (+0.41 logit); marketing opt-in = 1 (+0.33 logit); membership tier = Silver (+0.18 logit)
502599,0.0,0,0,active (bought in last 3 months),Silver,Raleigh,2023,low,home store price tier = Value (+0.35 logit); marketing opt-in = 1 (+0.33 logit); membership tier = Silver (+0.18 logit)
500039,0.0,0,0,active (bought in last 3 months),Silver,Tulsa,2023,low,transaction trend (3m vs prior 3m) = -1.3 (+0.38 logit); marketing opt-in = 1 (+0.33 logit); membership tier = Silver (+0.18 logit)
502489,0.0,0,0,active (bought in last 3 months),Platinum,Raleigh,2021,low,marketing opt-in = 1 (+0.33 logit); months of history = 6 (+0.13 logit); membership tier = Platinum (+0.09 logit)
502480,0.0,0,0,active (bought in last 3 months),Gold,Spokane,2023,low,app session trend = -2.0 (+0.65 logit); marketing opt-in = 1 (+0.33 logit); months of history = 6 (+0.13 logit)
500368,0.0,0,0,active (bought in last 3 months),Silver,Columbus,2022,low,marketing opt-in = 1 (+0.33 logit); city = Columbus (+0.32 logit); membership tier = Silver (+0.18 logit)
500028,0.0,0,0,active (bought in last 3 months),Gold,Denver,2023,low,support tickets/month (3m) = 0.3 (+0.46 logit); home store price tier = Value (+0.35 logit); marketing opt-in = 1 (+0.33 logit)
500026,0.0,0,0,active (bought in last 3 months),Gold,Portland,2024,low,marketing opt-in = 1 (+0.33 logit); gender = Unknown (+0.32 logit); app sessions/month (3m) = 1.0 (+0.27 logit)
500122,0.0,0,0,active (bought in last 3 months),Silver,Denver,2021,low,app session trend = -1.7 (+0.53 logit); marketing opt-in = 1 (+0.33 logit); membership tier = Silver (+0.18 logit)
500286,0.0,0,0,active (bought in last 3 months),Platinum,Nashville,2021,low,coupons redeemed/month (3m) = 0.0 (+0.41 logit); home store price tier = Value (+0.35 logit); marketing opt-in = 1 (+0.33 logit)
500312,0.0,0,0,active (bought in last 3 months),Silver,Columbus,2022,low,support tickets/month (3m) = 0.3 (+0.46 logit); city = Columbus (+0.32 logit); emails opened/month (6m) = 0.7 (+0.19 logit)
500313,0.0,0,0,active (bought in last 3 months),Gold,Portland,2024,low,missing months in records (6m) = 0 (+0.10 logit); tenure (months) = 2.3 (+0.09 logit); share of months with a purchase (6m) = 1.0 (+0.05 logit)
500380,0.0,0,0,active (bought in last 3 months),Silver,Madison,2021,low,transaction trend (3m vs prior 3m) = -5.3 (+1.94 logit); membership tier = Silver (+0.18 logit); months of history = 6 (+0.13 logit)
500057,0.0,0,0,active (bought in last 3 months),Silver,Portland,2023,low,support tickets/month (3m) = 0.7 (+1.23 logit); membership tier = Silver (+0.18 logit); support tickets/month (6m) = 0.3 (+0.14 logit)
500268,0.0,0,0,active (bought in last 3 months),Silver,Columbus,2023,low,app session trend = -1.7 (+0.53 logit); coupons redeemed/month (3m) = 0.0 (+0.41 logit); marketing opt-in = 1 (+0.33 logit)
500319,0.0,0,0,active (bought in last 3 months),Gold,Raleigh,2021,low,support tickets/month (3m) = 0.7 (+1.23 logit); marketing opt-in = 1 (+0.33 logit); support tickets/month (6m) = 0.3 (+0.14 logit)
500315,0.0,0,0,active (bought in last 3 months),Platinum,Spokane,2022,low,marketing opt-in = 1 (+0.33 logit); months of history = 6 (+0.13 logit); missing months in records (6m) = 0 (+0.10 logit)
502566,0.0,0,0,active (bought in last 3 months),Silver,Tulsa,2024,low,marketing opt-in = 1 (+0.33 logit); membership tier = Silver (+0.18 logit); missing months in records (6m) = 0 (+0.10 logit)
500385,0.0,0,0,active (bought in last 3 months),Silver,Madison,2023,low,coupons redeemed/month (3m) = 0.0 (+0.41 logit); app session trend = -1.2 (+0.36 logit); marketing opt-in = 1 (+0.33 logit)
500264,0.0,0,0,active (bought in last 3 months),Platinum,Spokane,2022,low,support tickets/month (3m) = 0.3 (+0.46 logit); marketing opt-in = 1 (+0.33 logit); months of history = 6 (+0.13 logit)
500360,0.0,0,0,active (bought in last 3 months),Platinum,Boise,2021,low,marketing opt-in = 1 (+0.33 logit); months of history = 6 (+0.13 logit); missing months in records (6m) = 0 (+0.10 logit)
500259,0.0,0,0,active (bought in last 3 months),Platinum,Portland,2023,low,emails opened/month (6m) = 0.3 (+0.48 logit); emails opened/month (3m) = 0.3 (+0.27 logit); missing months in records (6m) = 0 (+0.10 logit)
500029,0.0,0,0,active (bought in last 3 months),Silver,Denver,2022,low,support tickets/month (3m) = 0.3 (+0.46 logit); marketing opt-in = 1 (+0.33 logit); email-open trend = -1.2 (+0.31 logit)
500390,0.0,0,0,active (bought in last 3 months),Platinum,Denver,2023,low,emails opened/month (6m) = 0.4 (+0.42 logit); emails opened/month (3m) = 0.3 (+0.27 logit); coupons redeemed/month (3m) = 0.3 (+0.12 logit)
500189,0.0,0,0,active (bought in last 3 months),Platinum,Madison,2024,low,marketing opt-in = 1 (+0.33 logit); missing months in records (6m) = 0 (+0.10 logit); tenure (months) = 2.4 (+0.09 logit)
502040,0.0,0,0,active (bought in last 3 months),Silver,Austin,2021,low,home store price tier = Value (+0.35 logit); marketing opt-in = 1 (+0.33 logit); email-open trend = -1.0 (+0.26 logit)
500430,0.0,0,0,active (bought in last 3 months),Silver,Raleigh,2023,low,marketing opt-in = 1 (+0.33 logit); membership tier = Silver (+0.18 logit); email-open trend = -0.7 (+0.17 logit)
501436,0.0,0,0,active (bought in last 3 months),Platinum,Nashville,2023,low,emails opened/month (6m) = 0.2 (+0.60 logit); emails opened/month (3m) = 0.0 (+0.45 logit); home store price tier = Value (+0.35 logit)
501616,0.0,0,0,active (bought in last 3 months),Platinum,Tulsa,2023,low,home store price tier = Value (+0.35 logit); marketing opt-in = 1 (+0.33 logit); average basket (6m) = 54.9 (+0.12 logit)
502138,0.0,0,0,active (bought in last 3 months),Gold,Denver,2021,low,emails opened/month (3m) = 0.3 (+0.27 logit); emails opened/month (6m) = 0.6 (+0.24 logit); email-open trend = -0.7 (+0.17 logit)
501572,0.0,0,0,active (bought in last 3 months),Platinum,Boise,2021,low,email-open trend = -2.0 (+0.55 logit); coupons redeemed/month (3m) = 0.0 (+0.41 logit); app session trend = -1.2 (+0.36 logit)
501552,0.0,0,0,active (bought in last 3 months),Gold,Raleigh,2021,low,coupons redeemed/month (3m) = 0.0 (+0.41 logit); marketing opt-in = 1 (+0.33 logit); email-open trend = -1.0 (+0.26 logit)
501547,0.0,0,0,active (bought in last 3 months),Silver,Portland,2022,low,home store price tier = Value (+0.35 logit); marketing opt-in = 1 (+0.33 logit); email-open trend = -1.0 (+0.26 logit)
501518,0.0,0,0,active (bought in last 3 months),Silver,Boise,2021,low,marketing opt-in = 1 (+0.33 logit); membership tier = Silver (+0.18 logit); months of history = 6 (+0.13 logit)
502169,0.0,0,0,active (bought in last 3 months),Silver,Tulsa,2022,low,marketing opt-in = 1 (+0.33 logit); membership tier = Silver (+0.18 logit); months of history = 6 (+0.13 logit)
501494,0.0,0,0,active (bought in last 3 months),Gold,Raleigh,2021,low,home store price tier = Value (+0.35 logit); marketing opt-in = 1 (+0.33 logit); transaction trend (3m vs prior 3m) = -1.0 (+0.25 logit)
501484,0.0,0,0,active (bought in last 3 months),Silver,Tulsa,2022,low,emails opened/month (6m) = 0.2 (+0.63 logit); support tickets/month (3m) = 0.3 (+0.46 logit); emails opened/month (3m) = 0.0 (+0.45 logit)
502176,0.0,0,0,active (bought in last 3 months),Silver,Madison,2024,low,marketing opt-in = 1 (+0.33 logit); membership tier = Silver (+0.18 logit); missing months in records (6m) = 0 (+0.10 logit)
502188,0.0,0,0,active (bought in last 3 months),Silver,Tulsa,2022,low,home store price tier = Value (+0.35 logit); marketing opt-in = 1 (+0.33 logit); membership tier = Silver (+0.18 logit)
501435,0.0,0,0,active (bought in last 3 months),Silver,Madison,2021,low,support tickets/month (3m) = 0.3 (+0.46 logit); marketing opt-in = 1 (+0.33 logit); membership tier = Silver (+0.18 logit)
501658,0.0,0,0,active (bought in last 3 months),Gold,Raleigh,2024,low,home store price tier = Value (+0.35 logit); marketing opt-in = 1 (+0.33 logit); missing months in records (6m) = 0 (+0.10 logit)
501426,0.0,0,0,active (bought in last 3 months),Silver,Denver,2022,low,marketing opt-in = 1 (+0.33 logit); app session trend = -0.7 (+0.18 logit); membership tier = Silver (+0.18 logit)
502203,0.0,0,0,active (bought in last 3 months),Gold,Raleigh,2021,low,emails opened/month (6m) = 0.7 (+0.19 logit); months of history = 6 (+0.13 logit); missing months in records (6m) = 0 (+0.10 logit)
501380,0.0,0,0,active (bought in last 3 months),Gold,Portland,2023,low,marketing opt-in = 1 (+0.33 logit); emails opened/month (3m) = 0.3 (+0.27 logit); email-open trend = -1.0 (+0.26 logit)
501362,0.0,0,0,active (bought in last 3 months),Gold,Boise,2023,low,share of promo transactions (6m) = 0.6 (+0.35 logit); marketing opt-in = 1 (+0.33 logit); missing months in records (6m) = 0 (+0.10 logit)
502209,0.0,0,0,active (bought in last 3 months),Silver,Portland,2021,low,emails opened/month (6m) = 0.2 (+0.60 logit); coupons redeemed/month (3m) = 0.0 (+0.41 logit); emails opened/month (3m) = 0.5 (+0.18 logit)
501348,0.0,0,0,active (bought in last 3 months),Silver,Boise,2021,low,support tickets/month (3m) = 0.3 (+0.46 logit); coupons redeemed/month (3m) = 0.0 (+0.41 logit); marketing opt-in = 1 (+0.33 logit)
501347,0.0,0,0,active (bought in last 3 months),Silver,Spokane,2021,low,home store price tier = Value (+0.35 logit); emails opened/month (6m) = 0.5 (+0.33 logit); membership tier = Silver (+0.18 logit)
501323,0.0,0,0,active (bought in last 3 months),Silver,Raleigh,2022,low,home store price tier = Value (+0.35 logit); marketing opt-in = 1 (+0.33 logit); membership tier = Silver (+0.18 logit)
501311,0.0,0,0,active (bought in last 3 months),Silver,Raleigh,2024,low,emails opened/month (6m) = 0.0 (+0.78 logit); emails opened/month (3m) = 0.0 (+0.45 logit); membership tier = Silver (+0.18 logit)
501309,0.0,0,0,active (bought in last 3 months),Silver,Nashville,2023,low,marketing opt-in = 1 (+0.33 logit); membership tier = Silver (+0.18 logit); missing months in records (6m) = 0 (+0.10 logit)
501266,0.0,0,0,active (bought in last 3 months),Silver,Boise,2023,low,home store price tier = Value (+0.35 logit); membership tier = Silver (+0.18 logit); coupons redeemed/month (3m) = 0.3 (+0.12 logit)
501619,0.0,0,0,active (bought in last 3 months),Silver,Madison,2023,low,coupons redeemed/month (3m) = 0.0 (+0.41 logit); marketing opt-in = 1 (+0.33 logit); share of promo transactions (6m) = 0.5 (+0.21 logit)
501697,0.0,0,0,active (bought in last 3 months),Gold,Spokane,2022,low,transaction trend (3m vs prior 3m) = -1.3 (+0.38 logit); home store price tier = Value (+0.35 logit); marketing opt-in = 1 (+0.33 logit)
500438,0.0,0,0,active (bought in last 3 months),Silver,Denver,2022,low,support tickets/month (3m) = 0.3 (+0.46 logit); coupons redeemed/month (3m) = 0.0 (+0.41 logit); home store price tier = Value (+0.35 logit)
501816,0.0,0,0,active (bought in last 3 months),Silver,Austin,2021,low,marketing opt-in = 1 (+0.33 logit); membership tier = Silver (+0.18 logit); months of history = 6 (+0.13 logit)
502025,0.0,0,0,active (bought in last 3 months),Platinum,Raleigh,2024,low,marketing opt-in = 1 (+0.33 logit); missing months in records (6m) = 0 (+0.10 logit); tenure (months) = 1.9 (+0.10 logit)
502046,0.0,0,0,active (bought in last 3 months),Silver,Boise,2021,low,support tickets/month (3m) = 0.3 (+0.46 logit); home store price tier = Value (+0.35 logit); marketing opt-in = 1 (+0.33 logit)
501956,0.0,0,0,active (bought in last 3 months),Platinum,Nashville,2022,low,support tickets/month (3m) = 0.3 (+0.46 logit); home store price tier = Value (+0.35 logit); marketing opt-in = 1 (+0.33 logit)
501922,0.0,0,0,active (bought in last 3 months),Silver,Denver,2021,low,emails opened/month (6m) = 0.4 (+0.42 logit); transaction trend (3m vs prior 3m) = -1.2 (+0.31 logit); emails opened/month (3m) = 0.5 (+0.18 logit)
501914,0.0,0,0,active (bought in last 3 months),Silver,Spokane,2021,low,marketing opt-in = 1 (+0.33 logit); membership tier = Silver (+0.18 logit); coupon trend = -1.3 (+0.13 logit)
501870,0.0,0,0,active (bought in last 3 months),Silver,Boise,2022,low,marketing opt-in = 1 (+0.33 logit); membership tier = Silver (+0.18 logit); email-open trend = -0.7 (+0.17 logit)
501849,0.0,0,0,active (bought in last 3 months),Gold,Nashville,2022,low,transaction trend (3m vs prior 3m) = -3.3 (+1.16 logit); marketing opt-in = 1 (+0.33 logit); months of history = 6 (+0.13 logit)
501846,0.0,0,0,active (bought in last 3 months),Silver,Madison,2024,low,emails opened/month (6m) = 0.0 (+0.78 logit); emails opened/month (3m) = 0.0 (+0.45 logit); coupons redeemed/month (3m) = 0.0 (+0.41 logit)
501825,0.0,0,0,active (bought in last 3 months),Silver,Madison,2023,low,app session trend = -1.7 (+0.53 logit); home store price tier = Value (+0.35 logit); marketing opt-in = 1 (+0.33 logit)
501823,0.0,0,0,active (bought in last 3 months),Gold,Boise,2023,low,marketing opt-in = 1 (+0.33 logit); missing months in records (6m) = 0 (+0.10 logit); tenure (months) = 3.4 (+0.09 logit)
502082,0.0,0,0,active (bought in last 3 months),Silver,Columbus,2021,low,marketing opt-in = 1 (+0.33 logit); city = Columbus (+0.32 logit); membership tier = Silver (+0.18 logit)
502089,0.0,0,0,active (bought in last 3 months),Platinum,Austin,2023,low,home store price tier = Value (+0.35 logit); marketing opt-in = 1 (+0.33 logit); months of history = 6 (+0.13 logit)
501700,0.0,0,0,active (bought in last 3 months),Silver,Boise,2024,low,marketing opt-in = 1 (+0.33 logit); membership tier = Silver (+0.18 logit); missing months in records (6m) = 0 (+0.10 logit)
501805,0.0,0,0,active (bought in last 3 months),Gold,Austin,2021,low,transaction trend (3m vs prior 3m) = -2.0 (+0.64 logit); marketing opt-in = 1 (+0.33 logit); months of history = 6 (+0.13 logit)
501753,0.0,0,0,active (bought in last 3 months),Silver,Boise,2023,low,email-open trend = -1.3 (+0.36 logit); marketing opt-in = 1 (+0.33 logit); membership tier = Silver (+0.18 logit)
502106,0.0,0,0,active (bought in last 3 months),Gold,Spokane,2021,low,emails opened/month (6m) = 0.3 (+0.48 logit); coupons redeemed/month (3m) = 0.0 (+0.41 logit); emails opened/month (3m) = 0.3 (+0.27 logit)
501745,0.0,0,0,active (bought in last 3 months),Gold,Nashville,2021,low,coupons redeemed/month (3m) = 0.0 (+0.41 logit); marketing opt-in = 1 (+0.33 logit); months of history = 6 (+0.13 logit)
502109,0.0,0,0,active (bought in last 3 months),Gold,Portland,2021,low,transaction trend (3m vs prior 3m) = -1.7 (+0.51 logit); support tickets/month (3m) = 0.3 (+0.46 logit); home store price tier = Value (+0.35 logit)
501733,0.0,0,0,active (bought in last 3 months),Gold,Denver,2023,low,support tickets/month (3m) = 0.3 (+0.46 logit); marketing opt-in = 1 (+0.33 logit); emails opened/month (6m) = 0.7 (+0.19 logit)
502115,0.0,0,0,active (bought in last 3 months),Gold,Madison,2021,low,emails opened/month (6m) = 0.0 (+0.78 logit); emails opened/month (3m) = 0.0 (+0.45 logit); months of history = 6 (+0.13 logit)
501707,0.0,0,0,active (bought in last 3 months),Gold,Nashville,2022,low,email-open trend = -1.3 (+0.36 logit); home store price tier = Value (+0.35 logit); marketing opt-in = 1 (+0.33 logit)
501705,0.0,0,0,active (bought in last 3 months),Silver,Boise,2022,low,marketing opt-in = 1 (+0.33 logit); membership tier = Silver (+0.18 logit); months of history = 6 (+0.13 logit)
502123,0.0,0,0,active (bought in last 3 months),Silver,Nashville,2021,low,coupons redeemed/month (3m) = 0.0 (+0.41 logit); marketing opt-in = 1 (+0.33 logit); membership tier = Silver (+0.18 logit)
502124,0.0,0,0,active (bought in last 3 months),Silver,Tulsa,2022,low,marketing opt-in = 1 (+0.33 logit); membership tier = Silver (+0.18 logit); months of history = 6 (+0.13 logit)
502236,0.0,0,0,active (bought in last 3 months),Silver,Portland,2021,low,marketing opt-in = 1 (+0.33 logit); emails opened/month (6m) = 0.7 (+0.19 logit); membership tier = Silver (+0.18 logit)
501232,0.0,0,0,active (bought in last 3 months),Silver,Nashville,2021,low,home store price tier = Value (+0.35 logit); marketing opt-in = 1 (+0.33 logit); transaction trend (3m vs prior 3m) = -1.0 (+0.25 logit)
501219,0.0,0,0,active (bought in last 3 months),Gold,Columbus,2023,low,marketing opt-in = 1 (+0.33 logit); city = Columbus (+0.32 logit); app session trend = -1.0 (+0.30 logit)
502409,0.0,0,0,active (bought in last 3 months),Platinum,Tulsa,2023,low,support tickets/month (3m) = 0.3 (+0.46 logit); marketing opt-in = 1 (+0.33 logit); app session trend = -0.8 (+0.24 logit)
500843,0.0,0,0,active (bought in last 3 months),Silver,Portland,2024,low,marketing opt-in = 1 (+0.33 logit); membership tier = Silver (+0.18 logit); missing months in records (6m) = 0 (+0.10 logit)
500842,0.0,0,0,active (bought in last 3 months),Silver,Tulsa,2022,low,app session trend = -1.3 (+0.42 logit); marketing opt-in = 1 (+0.33 logit); emails opened/month (6m) = 0.7 (+0.19 logit)
502360,0.0,0,0,active (bought in last 3 months),Silver,Tulsa,2024,low,home store price tier = Value (+0.35 logit); membership tier = Silver (+0.18 logit); share of promo transactions (6m) = 0.4 (+0.15 logit)
502363,0.0,0,0,active (bought in last 3 months),Silver,Nashville,2022,low,coupons redeemed/month (3m) = 0.0 (+0.41 logit); marketing opt-in = 1 (+0.33 logit); share of promo transactions (6m) = 0.5 (+0.26 logit)
500774,0.0,0,0,active (bought in last 3 months),Silver,Denver,2022,low,marketing opt-in = 1 (+0.33 logit); membership tier = Silver (+0.18 logit); months of history = 6 (+0.13 logit)
500771,0.0,0,0,active (bought in last 3 months),Gold,Columbus,2022,low,email-open trend = -2.0 (+0.55 logit); marketing opt-in = 1 (+0.33 logit); gender = Unknown (+0.32 logit)
500767,0.0,0,0,active (bought in last 3 months),Platinum,Madison,2021,low,support tickets/month (3m) = 0.3 (+0.46 logit); marketing opt-in = 1 (+0.33 logit); email-open trend = -1.0 (+0.26 logit)
502397,0.0,0,0,active (bought in last 3 months),Silver,Boise,2023,low,home store price tier = Value (+0.35 logit); marketing opt-in = 1 (+0.33 logit); membership tier = Silver (+0.18 logit)
500706,0.0,0,0,active (bought in last 3 months),Silver,Spokane,2022,low,app session trend = -1.2 (+0.36 logit); marketing opt-in = 1 (+0.33 logit); membership tier = Silver (+0.18 logit)
500687,0.0,0,0,active (bought in last 3 months),Platinum,Madison,2021,low,home store price tier = Value (+0.35 logit); marketing opt-in = 1 (+0.33 logit); months of history = 6 (+0.13 logit)
500676,0.0,0,0,active (bought in last 3 months),Silver,Tulsa,2022,low,marketing opt-in = 1 (+0.33 logit); membership tier = Silver (+0.18 logit); months of history = 6 (+0.13 logit)
500671,0.0,0,0,active (bought in last 3 months),Silver,Portland,2022,low,coupons redeemed/month (3m) = 0.0 (+0.41 logit); home store price tier = Value (+0.35 logit); marketing opt-in = 1 (+0.33 logit)
501211,0.0,0,0,active (bought in last 3 months),Silver,Madison,2022,low,marketing opt-in = 1 (+0.33 logit); membership tier = Silver (+0.18 logit); share of promo transactions (6m) = 0.4 (+0.14 logit)
500639,0.0,0,0,active (bought in last 3 months),Silver,Boise,2023,low,emails opened/month (6m) = 0.2 (+0.60 logit); transaction trend (3m vs prior 3m) = -1.8 (+0.57 logit); home store price tier = Value (+0.35 logit)
502432,0.0,0,0,active (bought in last 3 months),Gold,Boise,2023,low,missing months in records (6m) = 0 (+0.10 logit); tenure (months) = 5.5 (+0.07 logit); share of months with a purchase (6m) = 1.0 (+0.05 logit)
500574,0.0,0,0,active (bought in last 3 months),Silver,Tulsa,2024,low,home store price tier = Value (+0.35 logit); marketing opt-in = 1 (+0.33 logit); membership tier = Silver (+0.18 logit)
500552,0.0,0,0,active (bought in last 3 months),Gold,Denver,2021,low,emails opened/month (6m) = 0.2 (+0.63 logit); support tickets/month (3m) = 0.3 (+0.46 logit); emails opened/month (3m) = 0.3 (+0.27 logit)
500521,0.0,0,0,active (bought in last 3 months),Silver,Nashville,2023,low,support tickets/month (3m) = 0.3 (+0.46 logit); home store price tier = Value (+0.35 logit); marketing opt-in = 1 (+0.33 logit)
500517,0.0,0,0,active (bought in last 3 months),Silver,Tulsa,2024,low,support tickets/month (3m) = 0.5 (+0.84 logit); marketing opt-in = 1 (+0.33 logit); support tickets/month (6m) = 0.5 (+0.25 logit)
500487,0.0,0,0,active (bought in last 3 months),Silver,Portland,2023,low,home store price tier = Value (+0.35 logit); membership tier = Silver (+0.18 logit); months of history = 6 (+0.13 logit)
500486,0.0,0,0,active (bought in last 3 months),Gold,Raleigh,2024,low,app sessions/month (3m) = 0.0 (+0.66 logit); app sessions/month (6m) = 0.0 (+0.59 logit); coupons redeemed/month (3m) = 0.0 (+0.41 logit)
502459,0.0,0,0,active (bought in last 3 months),Platinum,Portland,2022,low,marketing opt-in = 1 (+0.33 logit); coupon trend = -1.7 (+0.17 logit); months of history = 6 (+0.13 logit)
500442,0.0,0,0,active (bought in last 3 months),Gold,Boise,2024,low,marketing opt-in = 1 (+0.33 logit); missing months in records (6m) = 0 (+0.10 logit); tenure (months) = 1.9 (+0.10 logit)
502472,0.0,0,0,active (bought in last 3 months),Silver,Tulsa,2022,low,emails opened/month (6m) = 0.2 (+0.63 logit); emails opened/month (3m) = 0.0 (+0.45 logit); membership tier = Silver (+0.18 logit)
500855,0.0,0,0,active (bought in last 3 months),Gold,Nashville,2024,low,support tickets/month (3m) = 0.5 (+0.84 logit); marketing opt-in = 1 (+0.33 logit); support tickets/month (6m) = 0.5 (+0.25 logit)
502355,0.0,0,0,active (bought in last 3 months),Gold,Raleigh,2021,low,marketing opt-in = 1 (+0.33 logit); months of history = 6 (+0.13 logit); missing months in records (6m) = 0 (+0.10 logit)
502348,0.0,0,0,active (bought in last 3 months),Silver,Tulsa,2021,low,emails opened/month (6m) = 0.3 (+0.48 logit); emails opened/month (3m) = 0.0 (+0.45 logit); membership tier = Silver (+0.18 logit)
500863,0.0,0,0,active (bought in last 3 months),Gold,Austin,2022,low,emails opened/month (6m) = 0.0 (+0.78 logit); emails opened/month (3m) = 0.0 (+0.45 logit); home store price tier = Value (+0.35 logit)
501191,0.0,0,0,active (bought in last 3 months),Silver,Nashville,2021,low,marketing opt-in = 1 (+0.33 logit); support tickets/month (6m) = 0.6 (+0.32 logit); membership tier = Silver (+0.18 logit)
501177,0.0,0,0,active (bought in last 3 months),Silver,Tulsa,2021,low,app session trend = -1.3 (+0.42 logit); home store price tier = Value (+0.35 logit); marketing opt-in = 1 (+0.33 logit)
502260,0.0,0,0,active (bought in last 3 months),Gold,Tulsa,2022,low,support tickets/month (3m) = 0.3 (+0.46 logit); marketing opt-in = 1 (+0.33 logit); email-open trend = -0.7 (+0.17 logit)
501148,0.0,0,0,active (bought in last 3 months),Silver,Nashville,2023,low,emails opened/month (6m) = 0.3 (+0.48 logit); membership tier = Silver (+0.18 logit); months of history = 6 (+0.13 logit)
501132,0.0,0,0,active (bought in last 3 months),Gold,Tulsa,2023,low,support tickets/month (3m) = 0.3 (+0.46 logit); marketing opt-in = 1 (+0.33 logit); months of history = 6 (+0.13 logit)
502277,0.0,0,0,active (bought in last 3 months),Platinum,Portland,2022,low,support tickets/month (3m) = 0.3 (+0.46 logit); home store price tier = Value (+0.35 logit); marketing opt-in = 1 (+0.33 logit)
501108,0.0,0,0,active (bought in last 3 months),Platinum,Denver,2022,low,transaction trend (3m vs prior 3m) = -2.7 (+0.90 logit); support tickets/month (3m) = 0.3 (+0.46 logit); marketing opt-in = 1 (+0.33 logit)
501101,0.0,0,0,active (bought in last 3 months),Silver,Boise,2021,low,home store price tier = Value (+0.35 logit); marketing opt-in = 1 (+0.33 logit); membership tier = Silver (+0.18 logit)
501081,0.0,0,0,active (bought in last 3 months),Silver,Raleigh,2024,low,coupons redeemed/month (3m) = 0.0 (+0.41 logit); home store price tier = Value (+0.35 logit); marketing opt-in = 1 (+0.33 logit)
501068,0.0,0,0,active (bought in last 3 months),Gold,Madison,2021,low,emails opened/month (6m) = 0.2 (+0.63 logit); emails opened/month (3m) = 0.3 (+0.27 logit); months of history = 6 (+0.13 logit)
501060,0.0,0,0,active (bought in last 3 months),Silver,Boise,2022,low,coupons redeemed/month (3m) = 0.0 (+0.41 logit); marketing opt-in = 1 (+0.33 logit); membership tier = Silver (+0.18 logit)
501051,0.0,0,0,active (bought in last 3 months),Silver,Nashville,2021,low,marketing opt-in = 1 (+0.33 logit); membership tier = Silver (+0.18 logit); months of history = 6 (+0.13 logit)
501031,0.0,0,0,active (bought in last 3 months),Silver,Boise,2021,low,app session trend = -1.3 (+0.42 logit); marketing opt-in = 1 (+0.33 logit); membership tier = Silver (+0.18 logit)
502307,0.0,0,0,active (bought in last 3 months),Silver,Tulsa,2023,low,support tickets/month (3m) = 0.3 (+0.46 logit); coupons redeemed/month (3m) = 0.0 (+0.41 logit); home store price tier = Value (+0.35 logit)
501003,0.0,0,0,active (bought in last 3 months),Silver,Portland,2023,low,app session trend = -1.7 (+0.53 logit); marketing opt-in = 1 (+0.33 logit); membership tier = Silver (+0.18 logit)
500978,0.0,0,0,active (bought in last 3 months),Silver,Spokane,2023,low,emails opened/month (6m) = 0.3 (+0.48 logit); support tickets/month (3m) = 0.3 (+0.46 logit); emails opened/month (3m) = 0.3 (+0.27 logit)
500964,0.0,0,0,active (bought in last 3 months),Gold,Austin,2022,low,transaction trend (3m vs prior 3m) = -4.0 (+1.42 logit); home store price tier = Value (+0.35 logit); marketing opt-in = 1 (+0.33 logit)
500940,0.0,0,0,active (bought in last 3 months),Silver,Austin,2023,low,app session trend = -2.0 (+0.65 logit); marketing opt-in = 1 (+0.33 logit); app sessions/month (3m) = 1.0 (+0.27 logit)
500924,0.0,0,0,active (bought in last 3 months),Platinum,Madison,2021,low,coupons redeemed/month (3m) = 0.0 (+0.41 logit); marketing opt-in = 1 (+0.33 logit); months of history = 6 (+0.13 logit)
500921,0.0,0,0,active (bought in last 3 months),Platinum,Tulsa,2021,low,home store price tier = Value (+0.35 logit); emails opened/month (6m) = 0.5 (+0.33 logit); months of history = 6 (+0.13 logit)
500909,0.0,0,0,active (bought in last 3 months),Silver,Denver,2021,low,emails opened/month (3m) = 0.0 (+0.45 logit); emails opened/month (6m) = 0.4 (+0.42 logit); home store price tier = Value (+0.35 logit)
500908,0.0,0,0,active (bought in last 3 months),Platinum,Nashville,2022,low,email-open trend = -1.3 (+0.36 logit); months of history = 6 (+0.13 logit); missing months in records (6m) = 0 (+0.10 logit)
500881,0.0,0,0,active (bought in last 3 months),Gold,Denver,2023,low,marketing opt-in = 1 (+0.33 logit); months of history = 6 (+0.13 logit); coupons redeemed/month (3m) = 0.3 (+0.12 logit)
501306,0.0,0,0,active (bought in last 3 months),Silver,Spokane,2023,low,membership tier = Silver (+0.18 logit); months of history = 6 (+0.13 logit); missing months in records (6m) = 0 (+0.10 logit)
